#
# There is insufficient memory for the Java Runtime Environment to continue.
# Native memory allocation (malloc) failed to allocate 1949216 bytes. Error detail: Chunk::new
# Possible reasons:
#   The system is out of physical RAM or swap space
#   This process is running with CompressedOops enabled, and the Java Heap may be blocking the growth of the native heap
# Possible solutions:
#   Reduce memory load on the system
#   Increase physical memory or swap space
#   Check if swap backing store is full
#   Decrease Java heap size (-Xmx/-Xms)
#   Decrease number of Java threads
#   Decrease Java thread stack sizes (-Xss)
#   Set larger code cache with -XX:ReservedCodeCacheSize=
#   JVM is running with Unscaled Compressed Oops mode in which the Java heap is
#     placed in the first 4GB address space. The Java Heap base address is the
#     maximum limit for the native heap growth. Please use -XX:HeapBaseMinAddress
#     to set the Java Heap base and to place the Java Heap above 4GB virtual address.
# This output file may be truncated or incomplete.
#
#  Out of Memory Error (arena.cpp:168), pid=14380, tid=16428
#
# JRE version: OpenJDK Runtime Environment (21.0.10) (build 21.0.10+-14961533-b1163.108)
# Java VM: OpenJDK 64-Bit Server VM (21.0.10+-14961533-b1163.108, mixed mode, tiered, compressed oops, compressed class ptrs, g1 gc, windows-amd64)
# No core dump will be written. Minidumps are not enabled by default on client versions of Windows
#

---------------  S U M M A R Y ------------

Command Line: --add-opens=java.base/java.util=ALL-UNNAMED --add-opens=java.base/java.lang=ALL-UNNAMED --add-opens=java.base/java.lang.invoke=ALL-UNNAMED --add-opens=java.prefs/java.util.prefs=ALL-UNNAMED --add-opens=java.base/java.nio.charset=ALL-UNNAMED --add-opens=java.base/java.net=ALL-UNNAMED --add-opens=java.base/java.util.concurrent.atomic=ALL-UNNAMED -Xmx1024m -Dfile.encoding=UTF-8 -Duser.country=ZA -Duser.language=en -Duser.variant -javaagent:C:\Users\Principal\.gradle\wrapper\dists\gradle-8.6-bin\afr5mpiioh2wthjmwnkmdsd5w\gradle-8.6\lib\agents\gradle-instrumentation-agent-8.6.jar org.gradle.launcher.daemon.bootstrap.GradleDaemon 8.6

Host: AMD Ryzen 3 7320U with Radeon Graphics         , 8 cores, 5G,  Windows 11 , 64 bit Build 26100 (10.0.26100.8328)
Time: Mon Jun 15 14:05:19 2026 South Africa Standard Time elapsed time: 64.466104 seconds (0d 0h 1m 4s)

---------------  T H R E A D  ---------------

Current thread (0x000001da7edc83a0):  JavaThread "C2 CompilerThread0" daemon [_thread_in_native, id=16428, stack(0x000000d48c300000,0x000000d48c400000) (1024K)]


Current CompileTask:
C2:64467 14042       4       org.gradle.internal.resource.transfer.AbstractProgressLoggingHandler$ProgressLoggingInputStream::read (27 bytes)

Stack: [0x000000d48c300000,0x000000d48c400000]
Native frames: (J=compiled Java code, j=interpreted, Vv=VM code, C=native code)
V  [jvm.dll+0x6d78a9]
V  [jvm.dll+0x8665b3]
V  [jvm.dll+0x868bde]
V  [jvm.dll+0x8692c3]
V  [jvm.dll+0x280ee6]
V  [jvm.dll+0xc07cd]
V  [jvm.dll+0xc0d03]
V  [jvm.dll+0x3ba0cb]
V  [jvm.dll+0x385df7]
V  [jvm.dll+0x38526a]
V  [jvm.dll+0x249bd2]
V  [jvm.dll+0x2491a1]
V  [jvm.dll+0x1c76e4]
V  [jvm.dll+0x25891e]
V  [jvm.dll+0x256e66]
V  [jvm.dll+0x3f513e]
V  [jvm.dll+0x80fd28]
V  [jvm.dll+0x6d60fd]
C  [ucrtbase.dll+0x37b0]
C  [KERNEL32.DLL+0x2e957]
C  [ntdll.dll+0x427c]


---------------  P R O C E S S  ---------------

Threads class SMR info:
_java_thread_list=0x000001da0917b6e0, length=121, elements={
0x000001da6891c970, 0x000001da7ed73d00, 0x000001da7ed93960, 0x000001da7ed94fc0,
0x000001da7edaed50, 0x000001da7edaf3c0, 0x000001da7edafa30, 0x000001da7edc6fe0,
0x000001da7edc83a0, 0x000001da7edc9270, 0x000001da7f09f780, 0x000001da0538b9c0,
0x000001da04172d00, 0x000001da05831b20, 0x000001da050d4df0, 0x000001da053e2930,
0x000001da04c9fbc0, 0x000001da04d67e20, 0x000001da05175a60, 0x000001da04d5ab10,
0x000001da04d5d900, 0x000001da04d5b1a0, 0x000001da04d5b830, 0x000001da04d5bec0,
0x000001da04d5d270, 0x000001da04d5df90, 0x000001da07999330, 0x000001da0799ad70,
0x000001da0799c120, 0x000001da0799ba90, 0x000001da07998ca0, 0x000001da079999c0,
0x000001da0799a050, 0x000001da0799b400, 0x000001da07316cd0, 0x000001da07315290,
0x000001da07315fb0, 0x000001da07317360, 0x000001da07313ee0, 0x000001da0731ae70,
0x000001da0731b500, 0x000001da0a598540, 0x000001da0a5998f0, 0x000001da0a599f80,
0x000001da0a597820, 0x000001da0a598bd0, 0x000001da0a596b00, 0x000001da0a597190,
0x000001da0a59a610, 0x000001da0a59d400, 0x000001da07316640, 0x000001da073179f0,
0x000001da0731a7e0, 0x000001da04970600, 0x000001da049733f0, 0x000001da04970c90,
0x000001da04973a80, 0x000001da049747a0, 0x000001da04974110, 0x000001da04974e30,
0x000001da04972040, 0x000001da049754c0, 0x000001da04975b50, 0x000001da049761e0,
0x000001da04976870, 0x000001da04976f00, 0x000001da04977590, 0x000001da0a59da90,
0x000001da0a59c6e0, 0x000001da0a761370, 0x000001da0a762090, 0x000001da0a762720,
0x000001da0a75f930, 0x000001da0a760650, 0x000001da0a760ce0, 0x000001da0a761a00,
0x000001da0a75f2a0, 0x000001da0a763ad0, 0x000001da0a764160, 0x000001da0a7647f0,
0x000001da0a765ba0, 0x000001da0a762db0, 0x000001da0a764e80, 0x000001da0a765510,
0x000001da0a766230, 0x000001da0a7668c0, 0x000001da0972c860, 0x000001da0972cef0,
0x000001da0972d580, 0x000001da0972ae20, 0x000001da0972dc10, 0x000001da06651920,
0x000001da0664f1c0, 0x000001da06651fb0, 0x000001da06652640, 0x000001da06652cd0,
0x000001da06650570, 0x000001da06650c00, 0x000001da06651290, 0x000001da0664f850,
0x000001da06653360, 0x000001da0664fee0, 0x000001da066539f0, 0x000001da06654080,
0x000001da06655ac0, 0x000001da06656150, 0x000001da066567e0, 0x000001da06655430,
0x000001da06654710, 0x000001da06654da0, 0x000001da0972b4b0, 0x000001da0972c1d0,
0x000001da0a596470, 0x000001da0a59c050, 0x000001da7efe8bf0, 0x000001da7efe8560,
0x000001da7efe6b20, 0x000001da7efe9280, 0x000001da7efe5e00, 0x000001da7efe7ed0,
0x000001da07ce42e0
}

Java Threads: ( => current thread )
  0x000001da6891c970 JavaThread "main"                              [_thread_blocked, id=26392, stack(0x000000d48b400000,0x000000d48b500000) (1024K)]
  0x000001da7ed73d00 JavaThread "Common-Cleaner"             daemon [_thread_blocked, id=26420, stack(0x000000d48bc00000,0x000000d48bd00000) (1024K)]
  0x000001da7ed93960 JavaThread "Reference Handler"          daemon [_thread_blocked, id=9296, stack(0x000000d48bd00000,0x000000d48be00000) (1024K)]
  0x000001da7ed94fc0 JavaThread "Finalizer"                  daemon [_thread_blocked, id=10588, stack(0x000000d48be00000,0x000000d48bf00000) (1024K)]
  0x000001da7edaed50 JavaThread "Signal Dispatcher"          daemon [_thread_blocked, id=25672, stack(0x000000d48bf00000,0x000000d48c000000) (1024K)]
  0x000001da7edaf3c0 JavaThread "Attach Listener"            daemon [_thread_blocked, id=28272, stack(0x000000d48c000000,0x000000d48c100000) (1024K)]
  0x000001da7edafa30 JavaThread "Service Thread"             daemon [_thread_blocked, id=30436, stack(0x000000d48c100000,0x000000d48c200000) (1024K)]
  0x000001da7edc6fe0 JavaThread "Monitor Deflation Thread"   daemon [_thread_blocked, id=26236, stack(0x000000d48c200000,0x000000d48c300000) (1024K)]
=>0x000001da7edc83a0 JavaThread "C2 CompilerThread0"         daemon [_thread_in_native, id=16428, stack(0x000000d48c300000,0x000000d48c400000) (1024K)]
  0x000001da7edc9270 JavaThread "C1 CompilerThread0"         daemon [_thread_blocked, id=8144, stack(0x000000d48c400000,0x000000d48c500000) (1024K)]
  0x000001da7f09f780 JavaThread "Notification Thread"        daemon [_thread_blocked, id=15644, stack(0x000000d48c500000,0x000000d48c600000) (1024K)]
  0x000001da0538b9c0 JavaThread "Daemon health stats"               [_thread_blocked, id=16424, stack(0x000000d48cb00000,0x000000d48cc00000) (1024K)]
  0x000001da04172d00 JavaThread "Incoming local TCP Connector on port 53274"        [_thread_in_native, id=27928, stack(0x000000d48cc00000,0x000000d48cd00000) (1024K)]
  0x000001da05831b20 JavaThread "Daemon periodic checks"            [_thread_blocked, id=26652, stack(0x000000d48cd00000,0x000000d48ce00000) (1024K)]
  0x000001da050d4df0 JavaThread "Daemon"                            [_thread_blocked, id=22436, stack(0x000000d48ce00000,0x000000d48cf00000) (1024K)]
  0x000001da053e2930 JavaThread "Handler for socket connection from /127.0.0.1:53274 to /127.0.0.1:53275"        [_thread_in_native, id=23044, stack(0x000000d48cf00000,0x000000d48d000000) (1024K)]
  0x000001da04c9fbc0 JavaThread "Cancel handler"                    [_thread_blocked, id=26808, stack(0x000000d48d000000,0x000000d48d100000) (1024K)]
  0x000001da04d67e20 JavaThread "Daemon worker"                     [_thread_in_Java, id=30568, stack(0x000000d48d100000,0x000000d48d200000) (1024K)]
  0x000001da05175a60 JavaThread "Asynchronous log dispatcher for DefaultDaemonConnection: socket connection from /127.0.0.1:53274 to /127.0.0.1:53275"        [_thread_blocked, id=25308, stack(0x000000d48d200000,0x000000d48d300000) (1024K)]
  0x000001da04d5ab10 JavaThread "Stdin handler"                     [_thread_blocked, id=26456, stack(0x000000d48d300000,0x000000d48d400000) (1024K)]
  0x000001da04d5d900 JavaThread "Daemon client event forwarder"        [_thread_in_native, id=21264, stack(0x000000d48d400000,0x000000d48d500000) (1024K)]
  0x000001da04d5b1a0 JavaThread "Cache worker for journal cache (C:\Users\Principal\.gradle\caches\journal-1)"        [_thread_blocked, id=21604, stack(0x000000d48c900000,0x000000d48ca00000) (1024K)]
  0x000001da04d5b830 JavaThread "File lock request listener"        [_thread_in_native, id=1936, stack(0x000000d48d900000,0x000000d48da00000) (1024K)]
  0x000001da04d5bec0 JavaThread "Cache worker for file hash cache (C:\Users\Principal\.gradle\caches\8.6\fileHashes)"        [_thread_blocked, id=25556, stack(0x000000d48da00000,0x000000d48db00000) (1024K)]
  0x000001da04d5d270 JavaThread "File watcher server"        daemon [_thread_in_native, id=26680, stack(0x000000d48dc00000,0x000000d48dd00000) (1024K)]
  0x000001da04d5df90 JavaThread "File watcher consumer"      daemon [_thread_blocked, id=25608, stack(0x000000d48dd00000,0x000000d48de00000) (1024K)]
  0x000001da07999330 JavaThread "jar transforms"                    [_thread_blocked, id=15872, stack(0x000000d48db00000,0x000000d48dc00000) (1024K)]
  0x000001da0799ad70 JavaThread "jar transforms Thread 2"           [_thread_blocked, id=8308, stack(0x000000d48de00000,0x000000d48df00000) (1024K)]
  0x000001da0799c120 JavaThread "jar transforms Thread 3"           [_thread_blocked, id=3132, stack(0x000000d48df00000,0x000000d48e000000) (1024K)]
  0x000001da0799ba90 JavaThread "jar transforms Thread 4"           [_thread_blocked, id=5104, stack(0x000000d48e000000,0x000000d48e100000) (1024K)]
  0x000001da07998ca0 JavaThread "jar transforms Thread 5"           [_thread_blocked, id=1312, stack(0x000000d48e100000,0x000000d48e200000) (1024K)]
  0x000001da079999c0 JavaThread "jar transforms Thread 6"           [_thread_blocked, id=20732, stack(0x000000d48e200000,0x000000d48e300000) (1024K)]
  0x000001da0799a050 JavaThread "jar transforms Thread 7"           [_thread_blocked, id=27748, stack(0x000000d48e300000,0x000000d48e400000) (1024K)]
  0x000001da0799b400 JavaThread "jar transforms Thread 8"           [_thread_blocked, id=7264, stack(0x000000d48e400000,0x000000d48e500000) (1024K)]
  0x000001da07316cd0 JavaThread "Cache worker for checksums cache (C:\Users\Principal\Desktop\OPSC S1\PART 2\BudgetBuddy\BudgetBuddy\.gradle\8.6\checksums)"        [_thread_blocked, id=2100, stack(0x000000d48e600000,0x000000d48e700000) (1024K)]
  0x000001da07315290 JavaThread "Cache worker for file hash cache (C:\Users\Principal\Desktop\OPSC S1\PART 2\BudgetBuddy\BudgetBuddy\.gradle\8.6\fileHashes)"        [_thread_blocked, id=8004, stack(0x000000d48e700000,0x000000d48e800000) (1024K)]
  0x000001da07315fb0 JavaThread "Cache worker for cache directory md-supplier (C:\Users\Principal\.gradle\caches\8.6\md-supplier)"        [_thread_blocked, id=29680, stack(0x000000d48e800000,0x000000d48e900000) (1024K)]
  0x000001da07317360 JavaThread "Cache worker for cache directory md-rule (C:\Users\Principal\.gradle\caches\8.6\md-rule)"        [_thread_blocked, id=30560, stack(0x000000d48e900000,0x000000d48ea00000) (1024K)]
  0x000001da07313ee0 JavaThread "Cache worker for file content cache (C:\Users\Principal\.gradle\caches\8.6\fileContent)"        [_thread_blocked, id=708, stack(0x000000d48ea00000,0x000000d48eb00000) (1024K)]
  0x000001da0731ae70 JavaThread "Unconstrained build operations"        [_thread_blocked, id=23288, stack(0x000000d48e500000,0x000000d48e600000) (1024K)]
  0x000001da0731b500 JavaThread "Unconstrained build operations Thread 2"        [_thread_blocked, id=27880, stack(0x000000d48eb00000,0x000000d48ec00000) (1024K)]
  0x000001da0a598540 JavaThread "Unconstrained build operations Thread 3"        [_thread_blocked, id=896, stack(0x000000d48ed00000,0x000000d48ee00000) (1024K)]
  0x000001da0a5998f0 JavaThread "Unconstrained build operations Thread 4"        [_thread_in_native, id=16164, stack(0x000000d48ee00000,0x000000d48ef00000) (1024K)]
  0x000001da0a599f80 JavaThread "Unconstrained build operations Thread 5"        [_thread_blocked, id=4728, stack(0x000000d48ef00000,0x000000d48f000000) (1024K)]
  0x000001da0a597820 JavaThread "Unconstrained build operations Thread 6"        [_thread_in_native, id=30072, stack(0x000000d48f000000,0x000000d48f100000) (1024K)]
  0x000001da0a598bd0 JavaThread "Unconstrained build operations Thread 7"        [_thread_blocked, id=21804, stack(0x000000d48f100000,0x000000d48f200000) (1024K)]
  0x000001da0a596b00 JavaThread "Unconstrained build operations Thread 8"        [_thread_blocked, id=30684, stack(0x000000d48f200000,0x000000d48f300000) (1024K)]
  0x000001da0a597190 JavaThread "Unconstrained build operations Thread 9"        [_thread_in_native, id=10676, stack(0x000000d48f300000,0x000000d48f400000) (1024K)]
  0x000001da0a59a610 JavaThread "Cache worker for Build Output Cleanup Cache (C:\Users\Principal\Desktop\OPSC S1\PART 2\BudgetBuddy\BudgetBuddy\.gradle\buildOutputCleanup)"        [_thread_blocked, id=30120, stack(0x000000d48f500000,0x000000d48f600000) (1024K)]
  0x000001da0a59d400 JavaThread "Unconstrained build operations Thread 10"        [_thread_blocked, id=23232, stack(0x000000d48f600000,0x000000d48f700000) (1024K)]
  0x000001da07316640 JavaThread "Unconstrained build operations Thread 11"        [_thread_blocked, id=15820, stack(0x000000d48f700000,0x000000d48f800000) (1024K)]
  0x000001da073179f0 JavaThread "Unconstrained build operations Thread 12"        [_thread_in_native, id=22356, stack(0x000000d48f800000,0x000000d48f900000) (1024K)]
  0x000001da0731a7e0 JavaThread "Unconstrained build operations Thread 13"        [_thread_in_native, id=15120, stack(0x000000d48f900000,0x000000d48fa00000) (1024K)]
  0x000001da04970600 JavaThread "Unconstrained build operations Thread 14"        [_thread_blocked, id=22816, stack(0x000000d48fa00000,0x000000d48fb00000) (1024K)]
  0x000001da049733f0 JavaThread "Unconstrained build operations Thread 15"        [_thread_blocked, id=27580, stack(0x000000d48fb00000,0x000000d48fc00000) (1024K)]
  0x000001da04970c90 JavaThread "Unconstrained build operations Thread 16"        [_thread_in_native, id=29200, stack(0x000000d48fc00000,0x000000d48fd00000) (1024K)]
  0x000001da04973a80 JavaThread "Unconstrained build operations Thread 17"        [_thread_blocked, id=15868, stack(0x000000d48ec00000,0x000000d48ed00000) (1024K)]
  0x000001da049747a0 JavaThread "Unconstrained build operations Thread 18"        [_thread_blocked, id=3024, stack(0x000000d48fd00000,0x000000d48fe00000) (1024K)]
  0x000001da04974110 JavaThread "Unconstrained build operations Thread 19"        [_thread_blocked, id=17436, stack(0x000000d48fe00000,0x000000d48ff00000) (1024K)]
  0x000001da04974e30 JavaThread "Unconstrained build operations Thread 20"        [_thread_blocked, id=12580, stack(0x000000d48ff00000,0x000000d490000000) (1024K)]
  0x000001da04972040 JavaThread "Unconstrained build operations Thread 21"        [_thread_blocked, id=30440, stack(0x000000d490000000,0x000000d490100000) (1024K)]
  0x000001da049754c0 JavaThread "Unconstrained build operations Thread 22"        [_thread_blocked, id=26128, stack(0x000000d490100000,0x000000d490200000) (1024K)]
  0x000001da04975b50 JavaThread "Unconstrained build operations Thread 23"        [_thread_blocked, id=25792, stack(0x000000d490200000,0x000000d490300000) (1024K)]
  0x000001da049761e0 JavaThread "Unconstrained build operations Thread 24"        [_thread_blocked, id=1208, stack(0x000000d490500000,0x000000d490600000) (1024K)]
  0x000001da04976870 JavaThread "Unconstrained build operations Thread 25"        [_thread_blocked, id=29764, stack(0x000000d490600000,0x000000d490700000) (1024K)]
  0x000001da04976f00 JavaThread "Unconstrained build operations Thread 26"        [_thread_blocked, id=10204, stack(0x000000d490700000,0x000000d490800000) (1024K)]
  0x000001da04977590 JavaThread "Unconstrained build operations Thread 27"        [_thread_blocked, id=25652, stack(0x000000d490800000,0x000000d490900000) (1024K)]
  0x000001da0a59da90 JavaThread "Unconstrained build operations Thread 28"        [_thread_blocked, id=11736, stack(0x000000d490900000,0x000000d490a00000) (1024K)]
  0x000001da0a59c6e0 JavaThread "Unconstrained build operations Thread 29"        [_thread_blocked, id=26344, stack(0x000000d490a00000,0x000000d490b00000) (1024K)]
  0x000001da0a761370 JavaThread "Unconstrained build operations Thread 30"        [_thread_blocked, id=24256, stack(0x000000d490b00000,0x000000d490c00000) (1024K)]
  0x000001da0a762090 JavaThread "Unconstrained build operations Thread 31"        [_thread_blocked, id=24824, stack(0x000000d490c00000,0x000000d490d00000) (1024K)]
  0x000001da0a762720 JavaThread "Unconstrained build operations Thread 32"        [_thread_blocked, id=15908, stack(0x000000d490d00000,0x000000d490e00000) (1024K)]
  0x000001da0a75f930 JavaThread "Unconstrained build operations Thread 33"        [_thread_blocked, id=30292, stack(0x000000d490e00000,0x000000d490f00000) (1024K)]
  0x000001da0a760650 JavaThread "Unconstrained build operations Thread 34"        [_thread_blocked, id=30420, stack(0x000000d490f00000,0x000000d491000000) (1024K)]
  0x000001da0a760ce0 JavaThread "Unconstrained build operations Thread 35"        [_thread_blocked, id=26612, stack(0x000000d491000000,0x000000d491100000) (1024K)]
  0x000001da0a761a00 JavaThread "Unconstrained build operations Thread 36"        [_thread_blocked, id=26940, stack(0x000000d491100000,0x000000d491200000) (1024K)]
  0x000001da0a75f2a0 JavaThread "Unconstrained build operations Thread 37"        [_thread_blocked, id=22720, stack(0x000000d491200000,0x000000d491300000) (1024K)]
  0x000001da0a763ad0 JavaThread "Unconstrained build operations Thread 38"        [_thread_blocked, id=29640, stack(0x000000d491300000,0x000000d491400000) (1024K)]
  0x000001da0a764160 JavaThread "Unconstrained build operations Thread 39"        [_thread_blocked, id=2280, stack(0x000000d491400000,0x000000d491500000) (1024K)]
  0x000001da0a7647f0 JavaThread "Unconstrained build operations Thread 40"        [_thread_blocked, id=22884, stack(0x000000d491500000,0x000000d491600000) (1024K)]
  0x000001da0a765ba0 JavaThread "Unconstrained build operations Thread 41"        [_thread_blocked, id=6448, stack(0x000000d491600000,0x000000d491700000) (1024K)]
  0x000001da0a762db0 JavaThread "Unconstrained build operations Thread 42"        [_thread_blocked, id=23052, stack(0x000000d491700000,0x000000d491800000) (1024K)]
  0x000001da0a764e80 JavaThread "Unconstrained build operations Thread 43"        [_thread_blocked, id=19380, stack(0x000000d491800000,0x000000d491900000) (1024K)]
  0x000001da0a765510 JavaThread "Unconstrained build operations Thread 44"        [_thread_blocked, id=13000, stack(0x000000d491900000,0x000000d491a00000) (1024K)]
  0x000001da0a766230 JavaThread "Unconstrained build operations Thread 45"        [_thread_blocked, id=28584, stack(0x000000d491a00000,0x000000d491b00000) (1024K)]
  0x000001da0a7668c0 JavaThread "Unconstrained build operations Thread 46"        [_thread_blocked, id=17912, stack(0x000000d491b00000,0x000000d491c00000) (1024K)]
  0x000001da0972c860 JavaThread "Unconstrained build operations Thread 47"        [_thread_blocked, id=1788, stack(0x000000d491c00000,0x000000d491d00000) (1024K)]
  0x000001da0972cef0 JavaThread "Unconstrained build operations Thread 48"        [_thread_blocked, id=29968, stack(0x000000d491d00000,0x000000d491e00000) (1024K)]
  0x000001da0972d580 JavaThread "Unconstrained build operations Thread 49"        [_thread_blocked, id=24056, stack(0x000000d491e00000,0x000000d491f00000) (1024K)]
  0x000001da0972ae20 JavaThread "Unconstrained build operations Thread 50"        [_thread_blocked, id=1284, stack(0x000000d491f00000,0x000000d492000000) (1024K)]
  0x000001da0972dc10 JavaThread "Unconstrained build operations Thread 51"        [_thread_blocked, id=21400, stack(0x000000d492000000,0x000000d492100000) (1024K)]
  0x000001da06651920 JavaThread "Unconstrained build operations Thread 52"        [_thread_blocked, id=7968, stack(0x000000d492100000,0x000000d492200000) (1024K)]
  0x000001da0664f1c0 JavaThread "Unconstrained build operations Thread 53"        [_thread_blocked, id=29448, stack(0x000000d492200000,0x000000d492300000) (1024K)]
  0x000001da06651fb0 JavaThread "Unconstrained build operations Thread 54"        [_thread_blocked, id=20984, stack(0x000000d492300000,0x000000d492400000) (1024K)]
  0x000001da06652640 JavaThread "Unconstrained build operations Thread 55"        [_thread_blocked, id=27860, stack(0x000000d492400000,0x000000d492500000) (1024K)]
  0x000001da06652cd0 JavaThread "Unconstrained build operations Thread 56"        [_thread_blocked, id=28936, stack(0x000000d492500000,0x000000d492600000) (1024K)]
  0x000001da06650570 JavaThread "Unconstrained build operations Thread 57"        [_thread_blocked, id=13360, stack(0x000000d492600000,0x000000d492700000) (1024K)]
  0x000001da06650c00 JavaThread "Unconstrained build operations Thread 58"        [_thread_blocked, id=23892, stack(0x000000d492700000,0x000000d492800000) (1024K)]
  0x000001da06651290 JavaThread "Unconstrained build operations Thread 59"        [_thread_blocked, id=15080, stack(0x000000d492800000,0x000000d492900000) (1024K)]
  0x000001da0664f850 JavaThread "Unconstrained build operations Thread 60"        [_thread_blocked, id=5292, stack(0x000000d492900000,0x000000d492a00000) (1024K)]
  0x000001da06653360 JavaThread "Unconstrained build operations Thread 61"        [_thread_blocked, id=22248, stack(0x000000d492a00000,0x000000d492b00000) (1024K)]
  0x000001da0664fee0 JavaThread "Unconstrained build operations Thread 62"        [_thread_blocked, id=2636, stack(0x000000d492b00000,0x000000d492c00000) (1024K)]
  0x000001da066539f0 JavaThread "Unconstrained build operations Thread 63"        [_thread_blocked, id=29440, stack(0x000000d492c00000,0x000000d492d00000) (1024K)]
  0x000001da06654080 JavaThread "Unconstrained build operations Thread 64"        [_thread_blocked, id=15920, stack(0x000000d492d00000,0x000000d492e00000) (1024K)]
  0x000001da06655ac0 JavaThread "Unconstrained build operations Thread 65"        [_thread_blocked, id=26672, stack(0x000000d492e00000,0x000000d492f00000) (1024K)]
  0x000001da06656150 JavaThread "Unconstrained build operations Thread 66"        [_thread_blocked, id=11324, stack(0x000000d492f00000,0x000000d493000000) (1024K)]
  0x000001da066567e0 JavaThread "Unconstrained build operations Thread 67"        [_thread_blocked, id=3820, stack(0x000000d493000000,0x000000d493100000) (1024K)]
  0x000001da06655430 JavaThread "Unconstrained build operations Thread 68"        [_thread_blocked, id=21240, stack(0x000000d493100000,0x000000d493200000) (1024K)]
  0x000001da06654710 JavaThread "Unconstrained build operations Thread 69"        [_thread_blocked, id=23140, stack(0x000000d493200000,0x000000d493300000) (1024K)]
  0x000001da06654da0 JavaThread "Unconstrained build operations Thread 70"        [_thread_blocked, id=29940, stack(0x000000d493300000,0x000000d493400000) (1024K)]
  0x000001da0972b4b0 JavaThread "Unconstrained build operations Thread 71"        [_thread_blocked, id=26488, stack(0x000000d493400000,0x000000d493500000) (1024K)]
  0x000001da0972c1d0 JavaThread "Unconstrained build operations Thread 72"        [_thread_blocked, id=29748, stack(0x000000d493500000,0x000000d493600000) (1024K)]
  0x000001da0a596470 JavaThread "Unconstrained build operations Thread 73"        [_thread_blocked, id=12468, stack(0x000000d493600000,0x000000d493700000) (1024K)]
  0x000001da0a59c050 JavaThread "Unconstrained build operations Thread 74"        [_thread_blocked, id=28080, stack(0x000000d493700000,0x000000d493800000) (1024K)]
  0x000001da7efe8bf0 JavaThread "Unconstrained build operations Thread 75"        [_thread_blocked, id=25296, stack(0x000000d493800000,0x000000d493900000) (1024K)]
  0x000001da7efe8560 JavaThread "Unconstrained build operations Thread 76"        [_thread_blocked, id=13188, stack(0x000000d493900000,0x000000d493a00000) (1024K)]
  0x000001da7efe6b20 JavaThread "Unconstrained build operations Thread 77"        [_thread_blocked, id=29028, stack(0x000000d493a00000,0x000000d493b00000) (1024K)]
  0x000001da7efe9280 JavaThread "Unconstrained build operations Thread 78"        [_thread_blocked, id=23908, stack(0x000000d493b00000,0x000000d493c00000) (1024K)]
  0x000001da7efe5e00 JavaThread "Unconstrained build operations Thread 79"        [_thread_blocked, id=1556, stack(0x000000d493c00000,0x000000d493d00000) (1024K)]
  0x000001da7efe7ed0 JavaThread "Unconstrained build operations Thread 80"        [_thread_blocked, id=19096, stack(0x000000d493d00000,0x000000d493e00000) (1024K)]
  0x000001da07ce42e0 JavaThread "C2 CompilerThread1"         daemon [_thread_in_native, id=17516, stack(0x000000d493e00000,0x000000d493f00000) (1024K)]
Total: 121

Other Threads:
  0x000001da7ebad170 VMThread "VM Thread"                           [id=11168, stack(0x000000d48bb00000,0x000000d48bc00000) (1024K)]
  0x000001da7eb66050 WatcherThread "VM Periodic Task Thread"        [id=10624, stack(0x000000d48ba00000,0x000000d48bb00000) (1024K)]
  0x000001da68955af0 WorkerThread "GC Thread#0"                     [id=29100, stack(0x000000d48b500000,0x000000d48b600000) (1024K)]
  0x000001da7f4c6dc0 WorkerThread "GC Thread#1"                     [id=8324, stack(0x000000d48c600000,0x000000d48c700000) (1024K)]
  0x000001da7f5d9540 WorkerThread "GC Thread#2"                     [id=24448, stack(0x000000d48c700000,0x000000d48c800000) (1024K)]
  0x000001da7f5d9d00 WorkerThread "GC Thread#3"                     [id=12376, stack(0x000000d48c800000,0x000000d48c900000) (1024K)]
  0x000001da04274bc0 WorkerThread "GC Thread#4"                     [id=12492, stack(0x000000d48ca00000,0x000000d48cb00000) (1024K)]
  0x000001da058131d0 WorkerThread "GC Thread#5"                     [id=27496, stack(0x000000d48d500000,0x000000d48d600000) (1024K)]
  0x000001da051ce130 WorkerThread "GC Thread#6"                     [id=17316, stack(0x000000d48d600000,0x000000d48d700000) (1024K)]
  0x000001da0519de80 WorkerThread "GC Thread#7"                     [id=12540, stack(0x000000d48d700000,0x000000d48d800000) (1024K)]
  0x000001da6895e9f0 ConcurrentGCThread "G1 Main Marker"            [id=27540, stack(0x000000d48b600000,0x000000d48b700000) (1024K)]
  0x000001da6895fe60 WorkerThread "G1 Conc#0"                       [id=1816, stack(0x000000d48b700000,0x000000d48b800000) (1024K)]
  0x000001da055529f0 WorkerThread "G1 Conc#1"                       [id=27272, stack(0x000000d48d800000,0x000000d48d900000) (1024K)]
  0x000001da7ea410a0 ConcurrentGCThread "G1 Refine#0"               [id=15168, stack(0x000000d48b800000,0x000000d48b900000) (1024K)]
  0x000001da689d5ad0 ConcurrentGCThread "G1 Service"                [id=2460, stack(0x000000d48b900000,0x000000d48ba00000) (1024K)]
Total: 15

Threads with active compile tasks:
C2 CompilerThread0  64576 14042       4       org.gradle.internal.resource.transfer.AbstractProgressLoggingHandler$ProgressLoggingInputStream::read (27 bytes)
C2 CompilerThread1  64576 14037       4       org.objectweb.asm.ClassReader::readCode (5117 bytes)
Total: 2

VM state: not at safepoint (normal execution)

VM Mutex/Monitor currently owned by a thread: None

Heap address: 0x00000000c0000000, size: 1024 MB, Compressed Oops mode: 32-bit

CDS archive(s) not mapped
Compressed class space mapped at: 0x0000000100000000-0x0000000140000000, reserved size: 1073741824
Narrow klass base: 0x0000000000000000, Narrow klass shift: 3, Narrow klass range: 0x140000000

GC Precious Log:
 CardTable entry size: 512
 Card Set container configuration: InlinePtr #cards 5 size 8 Array Of Cards #cards 12 size 40 Howl #buckets 4 coarsen threshold 1843 Howl Bitmap #cards 512 size 80 coarsen threshold 460 Card regions per heap region 1 cards per card region 2048
 CPUs: 8 total, 8 available
 Memory: 5877M
 Large Page Support: Disabled
 NUMA Support: Disabled
 Compressed Oops: Enabled (32-bit)
 Heap Region Size: 1M
 Heap Min Capacity: 8M
 Heap Initial Capacity: 92M
 Heap Max Capacity: 1G
 Pre-touch: Disabled
 Parallel Workers: 8
 Concurrent Workers: 2
 Concurrent Refinement Workers: 8
 Periodic GC: Disabled

Heap:
 garbage-first heap   total 148480K, used 116036K [0x00000000c0000000, 0x0000000100000000)
  region size 1024K, 33 young (33792K), 4 survivors (4096K)
 Metaspace       used 81332K, committed 82944K, reserved 1179648K
  class space    used 10904K, committed 11648K, reserved 1048576K

Heap Regions: E=young(eden), S=young(survivor), O=old, HS=humongous(starts), HC=humongous(continues), CS=collection set, F=free, TAMS=top-at-mark-start, PB=parsable bottom
|   0|0x00000000c0000000, 0x00000000c0100000, 0x00000000c0100000|100%| O|  |TAMS 0x00000000c0000000| PB 0x00000000c0000000| Untracked 
|   1|0x00000000c0100000, 0x00000000c0200000, 0x00000000c0200000|100%| O|  |TAMS 0x00000000c0100000| PB 0x00000000c0100000| Untracked 
|   2|0x00000000c0200000, 0x00000000c0300000, 0x00000000c0300000|100%|HS|  |TAMS 0x00000000c0200000| PB 0x00000000c0200000| Complete 
|   3|0x00000000c0300000, 0x00000000c0400000, 0x00000000c0400000|100%|HC|  |TAMS 0x00000000c0300000| PB 0x00000000c0300000| Complete 
|   4|0x00000000c0400000, 0x00000000c0500000, 0x00000000c0500000|100%|HC|  |TAMS 0x00000000c0400000| PB 0x00000000c0400000| Complete 
|   5|0x00000000c0500000, 0x00000000c0600000, 0x00000000c0600000|100%|HC|  |TAMS 0x00000000c0500000| PB 0x00000000c0500000| Complete 
|   6|0x00000000c0600000, 0x00000000c0700000, 0x00000000c0700000|100%| O|  |TAMS 0x00000000c0600000| PB 0x00000000c0600000| Untracked 
|   7|0x00000000c0700000, 0x00000000c0800000, 0x00000000c0800000|100%| O|  |TAMS 0x00000000c0700000| PB 0x00000000c0700000| Untracked 
|   8|0x00000000c0800000, 0x00000000c0900000, 0x00000000c0900000|100%| O|  |TAMS 0x00000000c0800000| PB 0x00000000c0800000| Untracked 
|   9|0x00000000c0900000, 0x00000000c0a00000, 0x00000000c0a00000|100%| O|  |TAMS 0x00000000c0900000| PB 0x00000000c0900000| Untracked 
|  10|0x00000000c0a00000, 0x00000000c0b00000, 0x00000000c0b00000|100%| O|  |TAMS 0x00000000c0a00000| PB 0x00000000c0a00000| Untracked 
|  11|0x00000000c0b00000, 0x00000000c0c00000, 0x00000000c0c00000|100%|HS|  |TAMS 0x00000000c0b00000| PB 0x00000000c0b00000| Complete 
|  12|0x00000000c0c00000, 0x00000000c0d00000, 0x00000000c0d00000|100%|HS|  |TAMS 0x00000000c0c00000| PB 0x00000000c0c00000| Complete 
|  13|0x00000000c0d00000, 0x00000000c0e00000, 0x00000000c0e00000|100%|HC|  |TAMS 0x00000000c0d00000| PB 0x00000000c0d00000| Complete 
|  14|0x00000000c0e00000, 0x00000000c0f00000, 0x00000000c0f00000|100%|HC|  |TAMS 0x00000000c0e00000| PB 0x00000000c0e00000| Complete 
|  15|0x00000000c0f00000, 0x00000000c1000000, 0x00000000c1000000|100%|HC|  |TAMS 0x00000000c0f00000| PB 0x00000000c0f00000| Complete 
|  16|0x00000000c1000000, 0x00000000c1100000, 0x00000000c1100000|100%|HC|  |TAMS 0x00000000c1000000| PB 0x00000000c1000000| Complete 
|  17|0x00000000c1100000, 0x00000000c1200000, 0x00000000c1200000|100%|HC|  |TAMS 0x00000000c1100000| PB 0x00000000c1100000| Complete 
|  18|0x00000000c1200000, 0x00000000c1300000, 0x00000000c1300000|100%|HS|  |TAMS 0x00000000c1200000| PB 0x00000000c1200000| Complete 
|  19|0x00000000c1300000, 0x00000000c1400000, 0x00000000c1400000|100%|HC|  |TAMS 0x00000000c1300000| PB 0x00000000c1300000| Complete 
|  20|0x00000000c1400000, 0x00000000c1500000, 0x00000000c1500000|100%|HS|  |TAMS 0x00000000c1400000| PB 0x00000000c1400000| Complete 
|  21|0x00000000c1500000, 0x00000000c1600000, 0x00000000c1600000|100%|HC|  |TAMS 0x00000000c1500000| PB 0x00000000c1500000| Complete 
|  22|0x00000000c1600000, 0x00000000c1700000, 0x00000000c1700000|100%|HS|  |TAMS 0x00000000c1600000| PB 0x00000000c1600000| Complete 
|  23|0x00000000c1700000, 0x00000000c1800000, 0x00000000c1800000|100%| O|  |TAMS 0x00000000c1700000| PB 0x00000000c1700000| Untracked 
|  24|0x00000000c1800000, 0x00000000c1900000, 0x00000000c1900000|100%| O|  |TAMS 0x00000000c1800000| PB 0x00000000c1800000| Untracked 
|  25|0x00000000c1900000, 0x00000000c1a00000, 0x00000000c1a00000|100%| O|  |TAMS 0x00000000c1900000| PB 0x00000000c1900000| Untracked 
|  26|0x00000000c1a00000, 0x00000000c1b00000, 0x00000000c1b00000|100%|HS|  |TAMS 0x00000000c1a00000| PB 0x00000000c1a00000| Complete 
|  27|0x00000000c1b00000, 0x00000000c1c00000, 0x00000000c1c00000|100%|HC|  |TAMS 0x00000000c1b00000| PB 0x00000000c1b00000| Complete 
|  28|0x00000000c1c00000, 0x00000000c1d00000, 0x00000000c1d00000|100%|HC|  |TAMS 0x00000000c1c00000| PB 0x00000000c1c00000| Complete 
|  29|0x00000000c1d00000, 0x00000000c1e00000, 0x00000000c1e00000|100%|HC|  |TAMS 0x00000000c1d00000| PB 0x00000000c1d00000| Complete 
|  30|0x00000000c1e00000, 0x00000000c1f00000, 0x00000000c1f00000|100%|HC|  |TAMS 0x00000000c1e00000| PB 0x00000000c1e00000| Complete 
|  31|0x00000000c1f00000, 0x00000000c2000000, 0x00000000c2000000|100%|HC|  |TAMS 0x00000000c1f00000| PB 0x00000000c1f00000| Complete 
|  32|0x00000000c2000000, 0x00000000c2100000, 0x00000000c2100000|100%| O|  |TAMS 0x00000000c2000000| PB 0x00000000c2000000| Untracked 
|  33|0x00000000c2100000, 0x00000000c2200000, 0x00000000c2200000|100%| O|  |TAMS 0x00000000c2100000| PB 0x00000000c2100000| Untracked 
|  34|0x00000000c2200000, 0x00000000c2300000, 0x00000000c2300000|100%| O|  |TAMS 0x00000000c2200000| PB 0x00000000c2200000| Untracked 
|  35|0x00000000c2300000, 0x00000000c2400000, 0x00000000c2400000|100%| O|  |TAMS 0x00000000c2300000| PB 0x00000000c2300000| Untracked 
|  36|0x00000000c2400000, 0x00000000c2500000, 0x00000000c2500000|100%| O|  |TAMS 0x00000000c2400000| PB 0x00000000c2400000| Untracked 
|  37|0x00000000c2500000, 0x00000000c2600000, 0x00000000c2600000|100%| O|  |TAMS 0x00000000c2500000| PB 0x00000000c2500000| Untracked 
|  38|0x00000000c2600000, 0x00000000c2700000, 0x00000000c2700000|100%| O|  |TAMS 0x00000000c2600000| PB 0x00000000c2600000| Untracked 
|  39|0x00000000c2700000, 0x00000000c2800000, 0x00000000c2800000|100%| O|  |TAMS 0x00000000c2700000| PB 0x00000000c2700000| Untracked 
|  40|0x00000000c2800000, 0x00000000c2900000, 0x00000000c2900000|100%| O|  |TAMS 0x00000000c2800000| PB 0x00000000c2800000| Untracked 
|  41|0x00000000c2900000, 0x00000000c2a00000, 0x00000000c2a00000|100%| O|  |TAMS 0x00000000c2900000| PB 0x00000000c2900000| Untracked 
|  42|0x00000000c2a00000, 0x00000000c2b00000, 0x00000000c2b00000|100%| O|  |TAMS 0x00000000c2a00000| PB 0x00000000c2a00000| Untracked 
|  43|0x00000000c2b00000, 0x00000000c2c00000, 0x00000000c2c00000|100%| O|  |TAMS 0x00000000c2b00000| PB 0x00000000c2b00000| Untracked 
|  44|0x00000000c2c00000, 0x00000000c2d00000, 0x00000000c2d00000|100%| O|  |TAMS 0x00000000c2c00000| PB 0x00000000c2c00000| Untracked 
|  45|0x00000000c2d00000, 0x00000000c2e00000, 0x00000000c2e00000|100%| O|  |TAMS 0x00000000c2d00000| PB 0x00000000c2d00000| Untracked 
|  46|0x00000000c2e00000, 0x00000000c2f00000, 0x00000000c2f00000|100%| O|  |TAMS 0x00000000c2e00000| PB 0x00000000c2e00000| Untracked 
|  47|0x00000000c2f00000, 0x00000000c3000000, 0x00000000c3000000|100%| O|  |TAMS 0x00000000c2f00000| PB 0x00000000c2f00000| Untracked 
|  48|0x00000000c3000000, 0x00000000c3100000, 0x00000000c3100000|100%| O|  |TAMS 0x00000000c3000000| PB 0x00000000c3000000| Untracked 
|  49|0x00000000c3100000, 0x00000000c3200000, 0x00000000c3200000|100%| O|  |TAMS 0x00000000c3100000| PB 0x00000000c3100000| Untracked 
|  50|0x00000000c3200000, 0x00000000c3300000, 0x00000000c3300000|100%| O|  |TAMS 0x00000000c3200000| PB 0x00000000c3200000| Untracked 
|  51|0x00000000c3300000, 0x00000000c3400000, 0x00000000c3400000|100%| O|  |TAMS 0x00000000c3300000| PB 0x00000000c3300000| Untracked 
|  52|0x00000000c3400000, 0x00000000c3500000, 0x00000000c3500000|100%| O|  |TAMS 0x00000000c3400000| PB 0x00000000c3400000| Untracked 
|  53|0x00000000c3500000, 0x00000000c3600000, 0x00000000c3600000|100%| O|  |TAMS 0x00000000c3500000| PB 0x00000000c3500000| Untracked 
|  54|0x00000000c3600000, 0x00000000c3700000, 0x00000000c3700000|100%| O|  |TAMS 0x00000000c3600000| PB 0x00000000c3600000| Untracked 
|  55|0x00000000c3700000, 0x00000000c3800000, 0x00000000c3800000|100%| O|  |TAMS 0x00000000c3700000| PB 0x00000000c3700000| Untracked 
|  56|0x00000000c3800000, 0x00000000c3900000, 0x00000000c3900000|100%| O|  |TAMS 0x00000000c3800000| PB 0x00000000c3800000| Untracked 
|  57|0x00000000c3900000, 0x00000000c3a00000, 0x00000000c3a00000|100%|HS|  |TAMS 0x00000000c3900000| PB 0x00000000c3900000| Complete 
|  58|0x00000000c3a00000, 0x00000000c3b00000, 0x00000000c3b00000|100%|HC|  |TAMS 0x00000000c3a00000| PB 0x00000000c3a00000| Complete 
|  59|0x00000000c3b00000, 0x00000000c3c00000, 0x00000000c3c00000|100%| O|  |TAMS 0x00000000c3b00000| PB 0x00000000c3b00000| Untracked 
|  60|0x00000000c3c00000, 0x00000000c3d00000, 0x00000000c3d00000|100%| O|  |TAMS 0x00000000c3c00000| PB 0x00000000c3c00000| Untracked 
|  61|0x00000000c3d00000, 0x00000000c3e00000, 0x00000000c3e00000|100%| O|  |TAMS 0x00000000c3d00000| PB 0x00000000c3d00000| Untracked 
|  62|0x00000000c3e00000, 0x00000000c3f00000, 0x00000000c3f00000|100%| O|  |TAMS 0x00000000c3e00000| PB 0x00000000c3e00000| Untracked 
|  63|0x00000000c3f00000, 0x00000000c4000000, 0x00000000c4000000|100%| O|Cm|TAMS 0x00000000c3f00000| PB 0x00000000c3f00000| Complete 
|  64|0x00000000c4000000, 0x00000000c4100000, 0x00000000c4100000|100%| O|  |TAMS 0x00000000c4000000| PB 0x00000000c4000000| Untracked 
|  65|0x00000000c4100000, 0x00000000c4200000, 0x00000000c4200000|100%| O|  |TAMS 0x00000000c4100000| PB 0x00000000c4100000| Untracked 
|  66|0x00000000c4200000, 0x00000000c4300000, 0x00000000c4300000|100%| O|  |TAMS 0x00000000c4200000| PB 0x00000000c4200000| Untracked 
|  67|0x00000000c4300000, 0x00000000c4400000, 0x00000000c4400000|100%| O|  |TAMS 0x00000000c4300000| PB 0x00000000c4300000| Untracked 
|  68|0x00000000c4400000, 0x00000000c4500000, 0x00000000c4500000|100%| O|  |TAMS 0x00000000c4400000| PB 0x00000000c4400000| Untracked 
|  69|0x00000000c4500000, 0x00000000c4600000, 0x00000000c4600000|100%| O|  |TAMS 0x00000000c4500000| PB 0x00000000c4500000| Untracked 
|  70|0x00000000c4600000, 0x00000000c4600000, 0x00000000c4700000|  0%| F|  |TAMS 0x00000000c4600000| PB 0x00000000c4600000| Untracked 
|  71|0x00000000c4700000, 0x00000000c4800000, 0x00000000c4800000|100%| O|  |TAMS 0x00000000c4700000| PB 0x00000000c4700000| Untracked 
|  72|0x00000000c4800000, 0x00000000c4900000, 0x00000000c4900000|100%| O|  |TAMS 0x00000000c4800000| PB 0x00000000c4800000| Untracked 
|  73|0x00000000c4900000, 0x00000000c4a00000, 0x00000000c4a00000|100%| O|  |TAMS 0x00000000c4900000| PB 0x00000000c4900000| Untracked 
|  74|0x00000000c4a00000, 0x00000000c4b00000, 0x00000000c4b00000|100%| O|  |TAMS 0x00000000c4a00000| PB 0x00000000c4a00000| Untracked 
|  75|0x00000000c4b00000, 0x00000000c4b99108, 0x00000000c4c00000| 59%| O|  |TAMS 0x00000000c4b00000| PB 0x00000000c4b00000| Untracked 
|  76|0x00000000c4c00000, 0x00000000c4c00000, 0x00000000c4d00000|  0%| F|  |TAMS 0x00000000c4c00000| PB 0x00000000c4c00000| Untracked 
|  77|0x00000000c4d00000, 0x00000000c4d00000, 0x00000000c4e00000|  0%| F|  |TAMS 0x00000000c4d00000| PB 0x00000000c4d00000| Untracked 
|  78|0x00000000c4e00000, 0x00000000c4e00000, 0x00000000c4f00000|  0%| F|  |TAMS 0x00000000c4e00000| PB 0x00000000c4e00000| Untracked 
|  79|0x00000000c4f00000, 0x00000000c4f00000, 0x00000000c5000000|  0%| F|  |TAMS 0x00000000c4f00000| PB 0x00000000c4f00000| Untracked 
|  80|0x00000000c5000000, 0x00000000c5000000, 0x00000000c5100000|  0%| F|  |TAMS 0x00000000c5000000| PB 0x00000000c5000000| Untracked 
|  81|0x00000000c5100000, 0x00000000c5100000, 0x00000000c5200000|  0%| F|  |TAMS 0x00000000c5100000| PB 0x00000000c5100000| Untracked 
|  82|0x00000000c5200000, 0x00000000c5200000, 0x00000000c5300000|  0%| F|  |TAMS 0x00000000c5200000| PB 0x00000000c5200000| Untracked 
|  83|0x00000000c5300000, 0x00000000c53b7f48, 0x00000000c5400000| 71%| S|CS|TAMS 0x00000000c5300000| PB 0x00000000c5300000| Complete 
|  84|0x00000000c5400000, 0x00000000c5500000, 0x00000000c5500000|100%| S|CS|TAMS 0x00000000c5400000| PB 0x00000000c5400000| Complete 
|  85|0x00000000c5500000, 0x00000000c5600000, 0x00000000c5600000|100%| S|CS|TAMS 0x00000000c5500000| PB 0x00000000c5500000| Complete 
|  86|0x00000000c5600000, 0x00000000c5700000, 0x00000000c5700000|100%| S|CS|TAMS 0x00000000c5600000| PB 0x00000000c5600000| Complete 
|  87|0x00000000c5700000, 0x00000000c5700000, 0x00000000c5800000|  0%| F|  |TAMS 0x00000000c5700000| PB 0x00000000c5700000| Untracked 
|  88|0x00000000c5800000, 0x00000000c5800000, 0x00000000c5900000|  0%| F|  |TAMS 0x00000000c5800000| PB 0x00000000c5800000| Untracked 
|  89|0x00000000c5900000, 0x00000000c5900000, 0x00000000c5a00000|  0%| F|  |TAMS 0x00000000c5900000| PB 0x00000000c5900000| Untracked 
|  90|0x00000000c5a00000, 0x00000000c5a00000, 0x00000000c5b00000|  0%| F|  |TAMS 0x00000000c5a00000| PB 0x00000000c5a00000| Untracked 
|  91|0x00000000c5b00000, 0x00000000c5b00000, 0x00000000c5c00000|  0%| F|  |TAMS 0x00000000c5b00000| PB 0x00000000c5b00000| Untracked 
|  92|0x00000000c5c00000, 0x00000000c5c00000, 0x00000000c5d00000|  0%| F|  |TAMS 0x00000000c5c00000| PB 0x00000000c5c00000| Untracked 
|  93|0x00000000c5d00000, 0x00000000c5d00000, 0x00000000c5e00000|  0%| F|  |TAMS 0x00000000c5d00000| PB 0x00000000c5d00000| Untracked 
|  94|0x00000000c5e00000, 0x00000000c5e00000, 0x00000000c5f00000|  0%| F|  |TAMS 0x00000000c5e00000| PB 0x00000000c5e00000| Untracked 
|  95|0x00000000c5f00000, 0x00000000c5f00000, 0x00000000c6000000|  0%| F|  |TAMS 0x00000000c5f00000| PB 0x00000000c5f00000| Untracked 
|  96|0x00000000c6000000, 0x00000000c6000000, 0x00000000c6100000|  0%| F|  |TAMS 0x00000000c6000000| PB 0x00000000c6000000| Untracked 
|  97|0x00000000c6100000, 0x00000000c6100000, 0x00000000c6200000|  0%| F|  |TAMS 0x00000000c6100000| PB 0x00000000c6100000| Untracked 
|  98|0x00000000c6200000, 0x00000000c6200000, 0x00000000c6300000|  0%| F|  |TAMS 0x00000000c6200000| PB 0x00000000c6200000| Untracked 
|  99|0x00000000c6300000, 0x00000000c6300000, 0x00000000c6400000|  0%| F|  |TAMS 0x00000000c6300000| PB 0x00000000c6300000| Untracked 
| 100|0x00000000c6400000, 0x00000000c6400000, 0x00000000c6500000|  0%| F|  |TAMS 0x00000000c6400000| PB 0x00000000c6400000| Untracked 
| 101|0x00000000c6500000, 0x00000000c6500000, 0x00000000c6600000|  0%| F|  |TAMS 0x00000000c6500000| PB 0x00000000c6500000| Untracked 
| 102|0x00000000c6600000, 0x00000000c6600000, 0x00000000c6700000|  0%| F|  |TAMS 0x00000000c6600000| PB 0x00000000c6600000| Untracked 
| 103|0x00000000c6700000, 0x00000000c6700000, 0x00000000c6800000|  0%| F|  |TAMS 0x00000000c6700000| PB 0x00000000c6700000| Untracked 
| 104|0x00000000c6800000, 0x00000000c6800000, 0x00000000c6900000|  0%| F|  |TAMS 0x00000000c6800000| PB 0x00000000c6800000| Untracked 
| 105|0x00000000c6900000, 0x00000000c6900000, 0x00000000c6a00000|  0%| F|  |TAMS 0x00000000c6900000| PB 0x00000000c6900000| Untracked 
| 106|0x00000000c6a00000, 0x00000000c6a00000, 0x00000000c6b00000|  0%| F|  |TAMS 0x00000000c6a00000| PB 0x00000000c6a00000| Untracked 
| 107|0x00000000c6b00000, 0x00000000c6b00000, 0x00000000c6c00000|  0%| F|  |TAMS 0x00000000c6b00000| PB 0x00000000c6b00000| Untracked 
| 108|0x00000000c6c00000, 0x00000000c6cfa590, 0x00000000c6d00000| 97%| E|  |TAMS 0x00000000c6c00000| PB 0x00000000c6c00000| Complete 
| 109|0x00000000c6d00000, 0x00000000c6e00000, 0x00000000c6e00000|100%| E|CS|TAMS 0x00000000c6d00000| PB 0x00000000c6d00000| Complete 
| 110|0x00000000c6e00000, 0x00000000c6f00000, 0x00000000c6f00000|100%| E|CS|TAMS 0x00000000c6e00000| PB 0x00000000c6e00000| Complete 
| 111|0x00000000c6f00000, 0x00000000c7000000, 0x00000000c7000000|100%| E|CS|TAMS 0x00000000c6f00000| PB 0x00000000c6f00000| Complete 
| 112|0x00000000c7000000, 0x00000000c7100000, 0x00000000c7100000|100%| E|CS|TAMS 0x00000000c7000000| PB 0x00000000c7000000| Complete 
| 113|0x00000000c7100000, 0x00000000c7200000, 0x00000000c7200000|100%| E|CS|TAMS 0x00000000c7100000| PB 0x00000000c7100000| Complete 
| 114|0x00000000c7200000, 0x00000000c7300000, 0x00000000c7300000|100%| E|CS|TAMS 0x00000000c7200000| PB 0x00000000c7200000| Complete 
| 115|0x00000000c7300000, 0x00000000c7400000, 0x00000000c7400000|100%| E|  |TAMS 0x00000000c7300000| PB 0x00000000c7300000| Complete 
| 116|0x00000000c7400000, 0x00000000c7500000, 0x00000000c7500000|100%| E|CS|TAMS 0x00000000c7400000| PB 0x00000000c7400000| Complete 
| 117|0x00000000c7500000, 0x00000000c7600000, 0x00000000c7600000|100%| E|CS|TAMS 0x00000000c7500000| PB 0x00000000c7500000| Complete 
| 118|0x00000000c7600000, 0x00000000c7700000, 0x00000000c7700000|100%| E|CS|TAMS 0x00000000c7600000| PB 0x00000000c7600000| Complete 
| 119|0x00000000c7700000, 0x00000000c7800000, 0x00000000c7800000|100%| E|CS|TAMS 0x00000000c7700000| PB 0x00000000c7700000| Complete 
| 120|0x00000000c7800000, 0x00000000c7900000, 0x00000000c7900000|100%| E|CS|TAMS 0x00000000c7800000| PB 0x00000000c7800000| Complete 
| 121|0x00000000c7900000, 0x00000000c7a00000, 0x00000000c7a00000|100%| E|CS|TAMS 0x00000000c7900000| PB 0x00000000c7900000| Complete 
| 122|0x00000000c7a00000, 0x00000000c7b00000, 0x00000000c7b00000|100%| E|CS|TAMS 0x00000000c7a00000| PB 0x00000000c7a00000| Complete 
| 123|0x00000000c7b00000, 0x00000000c7c00000, 0x00000000c7c00000|100%| E|CS|TAMS 0x00000000c7b00000| PB 0x00000000c7b00000| Complete 
| 124|0x00000000c7c00000, 0x00000000c7d00000, 0x00000000c7d00000|100%| E|CS|TAMS 0x00000000c7c00000| PB 0x00000000c7c00000| Complete 
| 125|0x00000000c7d00000, 0x00000000c7e00000, 0x00000000c7e00000|100%| E|CS|TAMS 0x00000000c7d00000| PB 0x00000000c7d00000| Complete 
| 126|0x00000000c7e00000, 0x00000000c7f00000, 0x00000000c7f00000|100%| E|CS|TAMS 0x00000000c7e00000| PB 0x00000000c7e00000| Complete 
| 127|0x00000000c7f00000, 0x00000000c8000000, 0x00000000c8000000|100%| E|CS|TAMS 0x00000000c7f00000| PB 0x00000000c7f00000| Complete 
| 128|0x00000000c8000000, 0x00000000c8100000, 0x00000000c8100000|100%| E|CS|TAMS 0x00000000c8000000| PB 0x00000000c8000000| Complete 
| 129|0x00000000c8100000, 0x00000000c8200000, 0x00000000c8200000|100%| E|CS|TAMS 0x00000000c8100000| PB 0x00000000c8100000| Complete 
| 130|0x00000000c8200000, 0x00000000c8300000, 0x00000000c8300000|100%| E|CS|TAMS 0x00000000c8200000| PB 0x00000000c8200000| Complete 
| 131|0x00000000c8300000, 0x00000000c8400000, 0x00000000c8400000|100%| E|CS|TAMS 0x00000000c8300000| PB 0x00000000c8300000| Complete 
| 132|0x00000000c8400000, 0x00000000c8500000, 0x00000000c8500000|100%| E|CS|TAMS 0x00000000c8400000| PB 0x00000000c8400000| Complete 
|1012|0x00000000ff400000, 0x00000000ff500000, 0x00000000ff500000|100%| O|  |TAMS 0x00000000ff400000| PB 0x00000000ff400000| Untracked 
|1013|0x00000000ff500000, 0x00000000ff600000, 0x00000000ff600000|100%| O|  |TAMS 0x00000000ff500000| PB 0x00000000ff500000| Untracked 
|1014|0x00000000ff600000, 0x00000000ff700000, 0x00000000ff700000|100%| E|CS|TAMS 0x00000000ff600000| PB 0x00000000ff600000| Complete 
|1015|0x00000000ff700000, 0x00000000ff800000, 0x00000000ff800000|100%| E|CS|TAMS 0x00000000ff700000| PB 0x00000000ff700000| Complete 
|1016|0x00000000ff800000, 0x00000000ff900000, 0x00000000ff900000|100%| E|CS|TAMS 0x00000000ff800000| PB 0x00000000ff800000| Complete 
|1017|0x00000000ff900000, 0x00000000ffa00000, 0x00000000ffa00000|100%| E|CS|TAMS 0x00000000ff900000| PB 0x00000000ff900000| Complete 
|1018|0x00000000ffa00000, 0x00000000ffb00000, 0x00000000ffb00000|100%| O|  |TAMS 0x00000000ffa00000| PB 0x00000000ffa00000| Untracked 
|1019|0x00000000ffb00000, 0x00000000ffc00000, 0x00000000ffc00000|100%| O|  |TAMS 0x00000000ffb00000| PB 0x00000000ffb00000| Untracked 
|1020|0x00000000ffc00000, 0x00000000ffd00000, 0x00000000ffd00000|100%| O|  |TAMS 0x00000000ffc00000| PB 0x00000000ffc00000| Untracked 
|1021|0x00000000ffd00000, 0x00000000ffe00000, 0x00000000ffe00000|100%| O|  |TAMS 0x00000000ffd00000| PB 0x00000000ffd00000| Untracked 
|1022|0x00000000ffe00000, 0x00000000fff00000, 0x00000000fff00000|100%| O|  |TAMS 0x00000000ffe00000| PB 0x00000000ffe00000| Untracked 
|1023|0x00000000fff00000, 0x0000000100000000, 0x0000000100000000|100%| O|  |TAMS 0x00000000fff00000| PB 0x00000000fff00000| Untracked 

Card table byte_map: [0x000001da7afb0000,0x000001da7b1b0000] _byte_map_base: 0x000001da7a9b0000

Marking Bits: (CMBitMap*) 0x000001da68956110
 Bits: [0x000001da7b1b0000, 0x000001da7c1b0000)

Polling page: 0x000001da66990000

Metaspace:

Usage:
  Non-class:     68.78 MB used.
      Class:     10.65 MB used.
       Both:     79.43 MB used.

Virtual space:
  Non-class space:      128.00 MB reserved,      69.62 MB ( 54%) committed,  2 nodes.
      Class space:        1.00 GB reserved,      11.38 MB (  1%) committed,  1 nodes.
             Both:        1.12 GB reserved,      81.00 MB (  7%) committed. 

Chunk freelists:
   Non-Class:  9.78 MB
       Class:  4.53 MB
        Both:  14.31 MB

MaxMetaspaceSize: unlimited
CompressedClassSpaceSize: 1.00 GB
Initial GC threshold: 21.00 MB
Current GC threshold: 134.81 MB
CDS: off
 - commit_granule_bytes: 65536.
 - commit_granule_words: 8192.
 - virtual_space_node_default_size: 8388608.
 - enlarge_chunks_in_place: 1.
 - use_allocation_guard: 0.


Internal statistics:

num_allocs_failed_limit: 3.
num_arena_births: 3020.
num_arena_deaths: 40.
num_vsnodes_births: 3.
num_vsnodes_deaths: 0.
num_space_committed: 1296.
num_space_uncommitted: 0.
num_chunks_returned_to_freelist: 71.
num_chunks_taken_from_freelist: 6066.
num_chunk_merges: 15.
num_chunk_splits: 3899.
num_chunks_enlarged: 2440.
num_inconsistent_stats: 0.

CodeHeap 'non-profiled nmethods': size=120000Kb used=7942Kb max_used=8036Kb free=112057Kb
 bounds [0x000001da73550000, 0x000001da73d60000, 0x000001da7aa80000]
CodeHeap 'profiled nmethods': size=120000Kb used=20201Kb max_used=22971Kb free=99798Kb
 bounds [0x000001da6ba80000, 0x000001da6d0f0000, 0x000001da72fb0000]
CodeHeap 'non-nmethods': size=5760Kb used=2657Kb max_used=2751Kb free=3102Kb
 bounds [0x000001da72fb0000, 0x000001da73270000, 0x000001da73550000]
CodeCache: size=245760Kb, used=30800Kb, max_used=33758Kb, free=214957Kb
 total_blobs=11882, nmethods=10940, adapters=845, full_count=0
Compilation: enabled, stopped_count=0, restarted_count=0

Compilation events (20 events):
Event: 63.435 Thread 0x000001da7edc9270 14081       2       org.gradle.internal.snapshot.FileSystemLocationSnapshot$$Lambda/0x0000000100706a50::apply (10 bytes)
Event: 63.435 Thread 0x000001da7edc9270 nmethod 14081 0x000001da6bed0710 code [0x000001da6bed08c0, 0x000001da6bed0a50]
Event: 63.435 Thread 0x000001da7edc9270 14082       2       java.util.ArrayDeque$DeqSpliterator::getFence (35 bytes)
Event: 63.436 Thread 0x000001da7edc9270 nmethod 14082 0x000001da6c25ee10 code [0x000001da6c25efa0, 0x000001da6c25f0c8]
Event: 63.463 Thread 0x000001da7edc9270 14083       3       org.gradle.internal.snapshot.VfsRelativePath::lengthOfCommonPrefix (173 bytes)
Event: 63.466 Thread 0x000001da7edc9270 nmethod 14083 0x000001da6bc7ac10 code [0x000001da6bc7b020, 0x000001da6bc7cfb8]
Event: 63.466 Thread 0x000001da7edc9270 14084       2       org.gradle.internal.watch.registry.impl.WatchableHierarchies::stream (10 bytes)
Event: 63.467 Thread 0x000001da7edc9270 nmethod 14084 0x000001da6c270b10 code [0x000001da6c270cc0, 0x000001da6c270df8]
Event: 63.467 Thread 0x000001da7edc9270 14085       2       java.util.ArrayDeque::spliterator (9 bytes)
Event: 63.467 Thread 0x000001da7edc9270 nmethod 14085 0x000001da6c290910 code [0x000001da6c290ac0, 0x000001da6c290c70]
Event: 63.470 Thread 0x000001da7edc9270 14086       2       jdk.internal.misc.Unsafe::bool2byte (10 bytes)
Event: 63.471 Thread 0x000001da7edc9270 nmethod 14086 0x000001da6c31e390 code [0x000001da6c31e520, 0x000001da6c31e638]
Event: 63.473 Thread 0x000001da7edc9270 14087       2       org.gradle.internal.snapshot.PathUtil::getFileName (21 bytes)
Event: 63.474 Thread 0x000001da7edc9270 nmethod 14087 0x000001da6be63410 code [0x000001da6be635e0, 0x000001da6be638d8]
Event: 64.119 Thread 0x000001da7edc9270 14090       2       sun.nio.ch.SelectorImpl::ensureOpen (16 bytes)
Event: 64.120 Thread 0x000001da7edc9270 nmethod 14090 0x000001da6bef9890 code [0x000001da6bef9a40, 0x000001da6bef9c20]
Event: 64.268 Thread 0x000001da7edc9270 14092       1       org.gradle.launcher.daemon.server.health.gc.GarbageCollectionEvent::getUsage (5 bytes)
Event: 64.268 Thread 0x000001da7edc9270 nmethod 14092 0x000001da73a47890 code [0x000001da73a47a20, 0x000001da73a47ae8]
Event: 64.286 Thread 0x000001da7edc9270 14093       2       java.util.Random::next (47 bytes)
Event: 64.287 Thread 0x000001da7edc9270 nmethod 14093 0x000001da6beab710 code [0x000001da6beab8c0, 0x000001da6beabac8]

GC Heap History (20 events):
Event: 30.725 GC heap before
{Heap before GC invocations=59 (full 0):
 garbage-first heap   total 137216K, used 126477K [0x00000000c0000000, 0x0000000100000000)
  region size 1024K, 59 young (60416K), 8 survivors (8192K)
 Metaspace       used 75694K, committed 77248K, reserved 1179648K
  class space    used 10478K, committed 11200K, reserved 1048576K
}
Event: 30.738 GC heap after
{Heap after GC invocations=60 (full 0):
 garbage-first heap   total 141312K, used 79448K [0x00000000c0000000, 0x0000000100000000)
  region size 1024K, 5 young (5120K), 5 survivors (5120K)
 Metaspace       used 75694K, committed 77248K, reserved 1179648K
  class space    used 10478K, committed 11200K, reserved 1048576K
}
Event: 36.602 GC heap before
{Heap before GC invocations=61 (full 0):
 garbage-first heap   total 141312K, used 129624K [0x00000000c0000000, 0x0000000100000000)
  region size 1024K, 55 young (56320K), 5 survivors (5120K)
 Metaspace       used 79669K, committed 81280K, reserved 1179648K
  class space    used 10881K, committed 11648K, reserved 1048576K
}
Event: 36.614 GC heap after
{Heap after GC invocations=62 (full 0):
 garbage-first heap   total 141312K, used 82678K [0x00000000c0000000, 0x0000000100000000)
  region size 1024K, 4 young (4096K), 4 survivors (4096K)
 Metaspace       used 79669K, committed 81280K, reserved 1179648K
  class space    used 10881K, committed 11648K, reserved 1048576K
}
Event: 38.973 GC heap before
{Heap before GC invocations=62 (full 0):
 garbage-first heap   total 141312K, used 129782K [0x00000000c0000000, 0x0000000100000000)
  region size 1024K, 51 young (52224K), 4 survivors (4096K)
 Metaspace       used 80230K, committed 81856K, reserved 1179648K
  class space    used 10891K, committed 11648K, reserved 1048576K
}
Event: 38.981 GC heap after
{Heap after GC invocations=63 (full 0):
 garbage-first heap   total 141312K, used 82824K [0x00000000c0000000, 0x0000000100000000)
  region size 1024K, 4 young (4096K), 4 survivors (4096K)
 Metaspace       used 80230K, committed 81856K, reserved 1179648K
  class space    used 10891K, committed 11648K, reserved 1048576K
}
Event: 45.434 GC heap before
{Heap before GC invocations=63 (full 0):
 garbage-first heap   total 141312K, used 130952K [0x00000000c0000000, 0x0000000100000000)
  region size 1024K, 52 young (53248K), 4 survivors (4096K)
 Metaspace       used 80586K, committed 82176K, reserved 1179648K
  class space    used 10895K, committed 11648K, reserved 1048576K
}
Event: 45.447 GC heap after
{Heap after GC invocations=64 (full 0):
 garbage-first heap   total 141312K, used 84441K [0x00000000c0000000, 0x0000000100000000)
  region size 1024K, 5 young (5120K), 5 survivors (5120K)
 Metaspace       used 80586K, committed 82176K, reserved 1179648K
  class space    used 10895K, committed 11648K, reserved 1048576K
}
Event: 50.862 GC heap before
{Heap before GC invocations=65 (full 0):
 garbage-first heap   total 142336K, used 131545K [0x00000000c0000000, 0x0000000100000000)
  region size 1024K, 52 young (53248K), 5 survivors (5120K)
 Metaspace       used 80801K, committed 82432K, reserved 1179648K
  class space    used 10876K, committed 11648K, reserved 1048576K
}
Event: 50.869 GC heap after
{Heap after GC invocations=66 (full 0):
 garbage-first heap   total 142336K, used 85769K [0x00000000c0000000, 0x0000000100000000)
  region size 1024K, 4 young (4096K), 4 survivors (4096K)
 Metaspace       used 80801K, committed 82432K, reserved 1179648K
  class space    used 10876K, committed 11648K, reserved 1048576K
}
Event: 57.022 GC heap before
{Heap before GC invocations=66 (full 0):
 garbage-first heap   total 142336K, used 132873K [0x00000000c0000000, 0x0000000100000000)
  region size 1024K, 51 young (52224K), 4 survivors (4096K)
 Metaspace       used 81029K, committed 82624K, reserved 1179648K
  class space    used 10892K, committed 11648K, reserved 1048576K
}
Event: 57.029 GC heap after
{Heap after GC invocations=67 (full 0):
 garbage-first heap   total 142336K, used 86379K [0x00000000c0000000, 0x0000000100000000)
  region size 1024K, 5 young (5120K), 5 survivors (5120K)
 Metaspace       used 81029K, committed 82624K, reserved 1179648K
  class space    used 10892K, committed 11648K, reserved 1048576K
}
Event: 58.993 GC heap before
{Heap before GC invocations=67 (full 0):
 garbage-first heap   total 142336K, used 133483K [0x00000000c0000000, 0x0000000100000000)
  region size 1024K, 52 young (53248K), 5 survivors (5120K)
 Metaspace       used 81260K, committed 82816K, reserved 1179648K
  class space    used 10904K, committed 11648K, reserved 1048576K
}
Event: 59.000 GC heap after
{Heap after GC invocations=68 (full 0):
 garbage-first heap   total 142336K, used 87353K [0x00000000c0000000, 0x0000000100000000)
  region size 1024K, 4 young (4096K), 4 survivors (4096K)
 Metaspace       used 81260K, committed 82816K, reserved 1179648K
  class space    used 10904K, committed 11648K, reserved 1048576K
}
Event: 60.569 GC heap before
{Heap before GC invocations=69 (full 0):
 garbage-first heap   total 147456K, used 132409K [0x00000000c0000000, 0x0000000100000000)
  region size 1024K, 49 young (50176K), 4 survivors (4096K)
 Metaspace       used 81278K, committed 82816K, reserved 1179648K
  class space    used 10904K, committed 11648K, reserved 1048576K
}
Event: 60.577 GC heap after
{Heap after GC invocations=70 (full 0):
 garbage-first heap   total 147456K, used 88034K [0x00000000c0000000, 0x0000000100000000)
  region size 1024K, 5 young (5120K), 5 survivors (5120K)
 Metaspace       used 81278K, committed 82816K, reserved 1179648K
  class space    used 10904K, committed 11648K, reserved 1048576K
}
Event: 61.222 GC heap before
{Heap before GC invocations=70 (full 0):
 garbage-first heap   total 147456K, used 138210K [0x00000000c0000000, 0x0000000100000000)
  region size 1024K, 54 young (55296K), 5 survivors (5120K)
 Metaspace       used 81279K, committed 82816K, reserved 1179648K
  class space    used 10904K, committed 11648K, reserved 1048576K
}
Event: 61.230 GC heap after
{Heap after GC invocations=71 (full 0):
 garbage-first heap   total 147456K, used 88305K [0x00000000c0000000, 0x0000000100000000)
  region size 1024K, 4 young (4096K), 4 survivors (4096K)
 Metaspace       used 81279K, committed 82816K, reserved 1179648K
  class space    used 10904K, committed 11648K, reserved 1048576K
}
Event: 62.434 GC heap before
{Heap before GC invocations=71 (full 0):
 garbage-first heap   total 147456K, used 137457K [0x00000000c0000000, 0x0000000100000000)
  region size 1024K, 53 young (54272K), 4 survivors (4096K)
 Metaspace       used 81294K, committed 82880K, reserved 1179648K
  class space    used 10904K, committed 11648K, reserved 1048576K
}
Event: 62.441 GC heap after
{Heap after GC invocations=72 (full 0):
 garbage-first heap   total 147456K, used 88388K [0x00000000c0000000, 0x0000000100000000)
  region size 1024K, 4 young (4096K), 4 survivors (4096K)
 Metaspace       used 81294K, committed 82880K, reserved 1179648K
  class space    used 10904K, committed 11648K, reserved 1048576K
}

Dll operation events (3 events):
Event: 0.031 Loaded shared library C:\Program Files\Android\Android Studio\jbr\bin\java.dll
Event: 0.041 Loaded shared library C:\Program Files\Android\Android Studio\jbr\bin\zip.dll
Event: 1.024 Loaded shared library C:\Program Files\Android\Android Studio\jbr\bin\verify.dll

Deoptimization events (20 events):
Event: 62.100 Thread 0x000001da0a5998f0 DEOPT PACKING pc=0x000001da6c625426 sp=0x000000d48eefbad0
Event: 62.100 Thread 0x000001da0a5998f0 DEOPT UNPACKING pc=0x000001da73004b42 sp=0x000000d48eefb1e0 mode 0
Event: 62.146 Thread 0x000001da0a5998f0 DEOPT PACKING pc=0x000001da6c625426 sp=0x000000d48eefbad0
Event: 62.146 Thread 0x000001da0a5998f0 DEOPT UNPACKING pc=0x000001da73004b42 sp=0x000000d48eefb1e0 mode 0
Event: 62.204 Thread 0x000001da0a5998f0 DEOPT PACKING pc=0x000001da6c625426 sp=0x000000d48eefbad0
Event: 62.204 Thread 0x000001da0a5998f0 DEOPT UNPACKING pc=0x000001da73004b42 sp=0x000000d48eefb1e0 mode 0
Event: 62.366 Thread 0x000001da0a5998f0 DEOPT PACKING pc=0x000001da6c625426 sp=0x000000d48eefbad0
Event: 62.366 Thread 0x000001da0a5998f0 DEOPT UNPACKING pc=0x000001da73004b42 sp=0x000000d48eefb1e0 mode 0
Event: 62.425 Thread 0x000001da0a5998f0 DEOPT PACKING pc=0x000001da6c625426 sp=0x000000d48eefbad0
Event: 62.425 Thread 0x000001da0a5998f0 DEOPT UNPACKING pc=0x000001da73004b42 sp=0x000000d48eefb1e0 mode 0
Event: 62.591 Thread 0x000001da0a5998f0 DEOPT PACKING pc=0x000001da6c625426 sp=0x000000d48eefbad0
Event: 62.592 Thread 0x000001da0a5998f0 DEOPT UNPACKING pc=0x000001da73004b42 sp=0x000000d48eefb1e0 mode 0
Event: 62.848 Thread 0x000001da0a598bd0 DEOPT PACKING pc=0x000001da6c625426 sp=0x000000d48f1fba80
Event: 62.848 Thread 0x000001da0a598bd0 DEOPT UNPACKING pc=0x000001da73004b42 sp=0x000000d48f1fb190 mode 0
Event: 62.946 Thread 0x000001da0a5998f0 DEOPT PACKING pc=0x000001da6c98dfcd sp=0x000000d48eefcce0
Event: 62.946 Thread 0x000001da0a5998f0 DEOPT UNPACKING pc=0x000001da73004b42 sp=0x000000d48eefc140 mode 0
Event: 63.463 Thread 0x000001da0a5998f0 DEOPT PACKING pc=0x000001da6c4ad7a6 sp=0x000000d48eefc8e0
Event: 63.463 Thread 0x000001da0a5998f0 DEOPT UNPACKING pc=0x000001da73004b42 sp=0x000000d48eefbdd8 mode 0
Event: 64.296 Thread 0x000001da05831b20 DEOPT PACKING pc=0x000001da6c26ce51 sp=0x000000d48cdfe4e0
Event: 64.296 Thread 0x000001da05831b20 DEOPT UNPACKING pc=0x000001da73004b42 sp=0x000000d48cdfda20 mode 0

Classes loaded (20 events):
Event: 33.189 Loading class com/sun/org/apache/xerces/internal/dom/CommentImpl done
Event: 33.189 Loading class com/sun/org/apache/xerces/internal/dom/DeferredCommentImpl done
Event: 35.095 Loading class java/util/concurrent/locks/ReentrantReadWriteLock$Sync$HoldCounter
Event: 35.095 Loading class java/util/concurrent/locks/ReentrantReadWriteLock$Sync$HoldCounter done
Event: 36.619 Loading class sun/security/ssl/Alert
Event: 36.620 Loading class sun/security/ssl/Alert done
Event: 36.621 Loading class sun/security/ssl/Alert$AlertConsumer
Event: 36.621 Loading class sun/security/ssl/Alert$AlertConsumer done
Event: 36.621 Loading class sun/security/ssl/Alert$Level
Event: 36.621 Loading class sun/security/ssl/Alert$Level done
Event: 36.655 Loading class com/sun/org/apache/xerces/internal/util/EncodingMap
Event: 36.657 Loading class com/sun/org/apache/xerces/internal/util/EncodingMap done
Event: 36.658 Loading class sun/nio/cs/ISO_8859_1$Decoder
Event: 36.658 Loading class sun/nio/cs/ISO_8859_1$Decoder done
Event: 49.043 Loading class java/util/Collections$ReverseComparator
Event: 49.043 Loading class java/util/Collections$ReverseComparator done
Event: 49.043 Loading class java/util/Comparators$NaturalOrderComparator
Event: 49.043 Loading class java/util/Comparators$NaturalOrderComparator done
Event: 49.043 Loading class java/util/Collections$ReverseComparator2
Event: 49.043 Loading class java/util/Collections$ReverseComparator2 done

Classes unloaded (20 events):
Event: 30.813 Thread 0x000001da7ebad170 Unloading class 0x00000001008fb568 '_BuildScript_$_run_closure1'
Event: 30.813 Thread 0x000001da7ebad170 Unloading class 0x00000001008fb000 '_BuildScript_'
Event: 45.550 Thread 0x000001da7ebad170 Unloading class 0x00000001009fa000 '_BuildScript_$_run_closure1'
Event: 45.550 Thread 0x000001da7ebad170 Unloading class 0x00000001009f9800 '_BuildScript_'
Event: 45.550 Thread 0x000001da7ebad170 Unloading class 0x000000010094c840 '_BuildScript_$_run_closure1$_closure2$_closure3'
Event: 45.550 Thread 0x000001da7ebad170 Unloading class 0x000000010094c420 '_BuildScript_$_run_closure1$_closure2'
Event: 45.550 Thread 0x000001da7ebad170 Unloading class 0x000000010094c000 '_BuildScript_$_run_closure1'
Event: 45.550 Thread 0x000001da7ebad170 Unloading class 0x000000010094b800 '_BuildScript_'
Event: 45.550 Thread 0x000001da7ebad170 Unloading class 0x000000010092a988 '_BuildScript_$_run_closure1$_closure2'
Event: 45.550 Thread 0x000001da7ebad170 Unloading class 0x000000010092a568 '_BuildScript_$_run_closure1'
Event: 45.550 Thread 0x000001da7ebad170 Unloading class 0x000000010092a000 '_BuildScript_'
Event: 45.550 Thread 0x000001da7ebad170 Unloading class 0x0000000100902da8 '_BuildScript_$_run_closure1$_closure3'
Event: 45.550 Thread 0x000001da7ebad170 Unloading class 0x0000000100902988 '_BuildScript_$_run_closure1$_closure2'
Event: 45.550 Thread 0x000001da7ebad170 Unloading class 0x0000000100902568 '_BuildScript_$_run_closure1'
Event: 45.550 Thread 0x000001da7ebad170 Unloading class 0x0000000100902000 '_BuildScript_'
Event: 45.550 Thread 0x000001da7ebad170 Unloading class 0x0000000100901840 'JetGradlePlugin$_apply_closure1$_closure2$_closure3'
Event: 45.550 Thread 0x000001da7ebad170 Unloading class 0x0000000100901420 'JetGradlePlugin$_apply_closure1$_closure2'
Event: 45.550 Thread 0x000001da7ebad170 Unloading class 0x0000000100901000 'JetGradlePlugin$_apply_closure1'
Event: 45.550 Thread 0x000001da7ebad170 Unloading class 0x0000000100809b00 'JetGradlePlugin'
Event: 45.550 Thread 0x000001da7ebad170 Unloading class 0x0000000100809800 'RegistryProcessor'

Classes redefined (0 events):
No events

Internal exceptions (20 events):
Event: 63.358 Thread 0x000001da0a5998f0 Exception <a 'sun/nio/fs/WindowsException'{0x00000000c775fa78}> (0x00000000c775fa78) 
thrown [s\src\hotspot\share\prims\jni.cpp, line 537]
Event: 63.358 Thread 0x000001da0a5998f0 Exception <a 'sun/nio/fs/WindowsException'{0x00000000c7760720}> (0x00000000c7760720) 
thrown [s\src\hotspot\share\prims\jni.cpp, line 537]
Event: 63.363 Thread 0x000001da0a5998f0 Exception <a 'sun/nio/fs/WindowsException'{0x00000000c7761838}> (0x00000000c7761838) 
thrown [s\src\hotspot\share\prims\jni.cpp, line 537]
Event: 63.367 Thread 0x000001da0731a7e0 Exception <a 'sun/nio/fs/WindowsException'{0x00000000c743ea68}> (0x00000000c743ea68) 
thrown [s\src\hotspot\share\prims\jni.cpp, line 537]
Event: 63.369 Thread 0x000001da0a5998f0 Exception <a 'sun/nio/fs/WindowsException'{0x00000000c7762448}> (0x00000000c7762448) 
thrown [s\src\hotspot\share\prims\jni.cpp, line 537]
Event: 63.370 Thread 0x000001da0a5998f0 Exception <a 'sun/nio/fs/WindowsException'{0x00000000c776b9f0}> (0x00000000c776b9f0) 
thrown [s\src\hotspot\share\prims\jni.cpp, line 537]
Event: 63.379 Thread 0x000001da0a5998f0 Exception <a 'sun/nio/fs/WindowsException'{0x00000000c777d588}> (0x00000000c777d588) 
thrown [s\src\hotspot\share\prims\jni.cpp, line 537]
Event: 63.380 Thread 0x000001da0a5998f0 Exception <a 'sun/nio/fs/WindowsException'{0x00000000c777e150}> (0x00000000c777e150) 
thrown [s\src\hotspot\share\prims\jni.cpp, line 537]
Event: 63.380 Thread 0x000001da0a5998f0 Exception <a 'sun/nio/fs/WindowsException'{0x00000000c777ef58}> (0x00000000c777ef58) 
thrown [s\src\hotspot\share\prims\jni.cpp, line 537]
Event: 63.381 Thread 0x000001da0a5998f0 Exception <a 'sun/nio/fs/WindowsException'{0x00000000c777fe78}> (0x00000000c777fe78) 
thrown [s\src\hotspot\share\prims\jni.cpp, line 537]
Event: 63.393 Thread 0x000001da0a5998f0 Exception <a 'sun/nio/fs/WindowsException'{0x00000000c7789568}> (0x00000000c7789568) 
thrown [s\src\hotspot\share\prims\jni.cpp, line 537]
Event: 63.394 Thread 0x000001da0a5998f0 Exception <a 'sun/nio/fs/WindowsException'{0x00000000c778a420}> (0x00000000c778a420) 
thrown [s\src\hotspot\share\prims\jni.cpp, line 537]
Event: 63.398 Thread 0x000001da0a5998f0 Exception <a 'sun/nio/fs/WindowsException'{0x00000000c778be70}> (0x00000000c778be70) 
thrown [s\src\hotspot\share\prims\jni.cpp, line 537]
Event: 63.438 Thread 0x000001da0a5998f0 Exception <a 'sun/nio/fs/WindowsException'{0x00000000c73bb588}> (0x00000000c73bb588) 
thrown [s\src\hotspot\share\prims\jni.cpp, line 537]
Event: 63.446 Thread 0x000001da04970c90 Exception <a 'sun/nio/fs/WindowsException'{0x00000000c73f3c28}> (0x00000000c73f3c28) 
thrown [s\src\hotspot\share\prims\jni.cpp, line 537]
Event: 63.483 Thread 0x000001da0a5998f0 Exception <a 'sun/nio/fs/WindowsException'{0x00000000c73cc2a8}> (0x00000000c73cc2a8) 
thrown [s\src\hotspot\share\prims\jni.cpp, line 537]
Event: 63.484 Thread 0x000001da0a5998f0 Exception <a 'sun/nio/fs/WindowsException'{0x00000000c73ccef0}> (0x00000000c73ccef0) 
thrown [s\src\hotspot\share\prims\jni.cpp, line 537]
Event: 63.917 Thread 0x000001da0a5998f0 Exception <a 'sun/nio/fs/WindowsException'{0x00000000c73d84c8}> (0x00000000c73d84c8) 
thrown [s\src\hotspot\share\prims\jni.cpp, line 537]
Event: 64.289 Thread 0x000001da05831b20 Exception <a 'sun/nio/fs/WindowsException'{0x00000000c6d87f20}> (0x00000000c6d87f20) 
thrown [s\src\hotspot\share\prims\jni.cpp, line 537]
Event: 64.302 Thread 0x000001da05831b20 Exception <a 'sun/nio/fs/WindowsException'{0x00000000c6da49c0}> (0x00000000c6da49c0) 
thrown [s\src\hotspot\share\prims\jni.cpp, line 537]

ZGC Phase Switch (0 events):
No events

VM Operations (20 events):
Event: 60.208 Executing safepoint VM operation: Cleanup
Event: 60.208 Executing safepoint VM operation: Cleanup done
Event: 60.264 Executing non-safepoint VM operation: HandshakeAllThreads (HandshakeForDeflation)
Event: 60.284 Executing non-safepoint VM operation: HandshakeAllThreads (HandshakeForDeflation) done
Event: 60.284 Executing non-safepoint VM operation: RendezvousGCThreads
Event: 60.284 Executing non-safepoint VM operation: RendezvousGCThreads done
Event: 60.569 Executing safepoint VM operation: G1CollectForAllocation (G1 Evacuation Pause)
Event: 60.577 Executing safepoint VM operation: G1CollectForAllocation (G1 Evacuation Pause) done
Event: 61.222 Executing safepoint VM operation: G1CollectForAllocation (G1 Evacuation Pause)
Event: 61.230 Executing safepoint VM operation: G1CollectForAllocation (G1 Evacuation Pause) done
Event: 62.231 Executing safepoint VM operation: Cleanup
Event: 62.231 Executing safepoint VM operation: Cleanup done
Event: 62.434 Executing safepoint VM operation: G1CollectForAllocation (G1 Evacuation Pause)
Event: 62.441 Executing safepoint VM operation: G1CollectForAllocation (G1 Evacuation Pause) done
Event: 62.550 Executing safepoint VM operation: G1PauseRemark
Event: 62.560 Executing safepoint VM operation: G1PauseRemark done
Event: 62.605 Executing safepoint VM operation: G1PauseCleanup
Event: 62.605 Executing safepoint VM operation: G1PauseCleanup done
Event: 63.613 Executing safepoint VM operation: Cleanup
Event: 63.613 Executing safepoint VM operation: Cleanup done

Memory protections (0 events):
No events

Nmethod flushes (20 events):
Event: 62.558 Thread 0x000001da7ebad170 flushing  nmethod 0x000001da6c5c1790
Event: 62.558 Thread 0x000001da7ebad170 flushing  nmethod 0x000001da6c5d1690
Event: 62.558 Thread 0x000001da7ebad170 flushing  nmethod 0x000001da6c7d9c10
Event: 62.558 Thread 0x000001da7ebad170 flushing  nmethod 0x000001da6c7dc610
Event: 62.558 Thread 0x000001da7ebad170 flushing  nmethod 0x000001da6c8b7310
Event: 62.558 Thread 0x000001da7ebad170 flushing  nmethod 0x000001da6c8b9810
Event: 62.558 Thread 0x000001da7ebad170 flushing  nmethod 0x000001da6c8ba810
Event: 62.558 Thread 0x000001da7ebad170 flushing  nmethod 0x000001da6c8d3190
Event: 62.558 Thread 0x000001da7ebad170 flushing  nmethod 0x000001da6c981310
Event: 62.558 Thread 0x000001da7ebad170 flushing  nmethod 0x000001da6ca34d10
Event: 62.558 Thread 0x000001da7ebad170 flushing  nmethod 0x000001da6ca35090
Event: 62.558 Thread 0x000001da7ebad170 flushing  nmethod 0x000001da6ca35690
Event: 62.558 Thread 0x000001da7ebad170 flushing  nmethod 0x000001da6cb02110
Event: 62.558 Thread 0x000001da7ebad170 flushing  nmethod 0x000001da6cb47410
Event: 62.558 Thread 0x000001da7ebad170 flushing  nmethod 0x000001da6cc88a90
Event: 62.558 Thread 0x000001da7ebad170 flushing  nmethod 0x000001da6cc89690
Event: 62.558 Thread 0x000001da7ebad170 flushing  nmethod 0x000001da6cf26510
Event: 62.558 Thread 0x000001da7ebad170 flushing  nmethod 0x000001da6cf28010
Event: 62.558 Thread 0x000001da7ebad170 flushing osr nmethod 0x000001da6cf32c90
Event: 62.558 Thread 0x000001da7ebad170 flushing  nmethod 0x000001da6cf34990

Events (20 events):
Event: 51.471 Thread 0x000001da04d67e20 Thread added: 0x000001da06654080
Event: 51.472 Thread 0x000001da04d67e20 Thread added: 0x000001da06655ac0
Event: 51.472 Thread 0x000001da04d67e20 Thread added: 0x000001da06656150
Event: 51.472 Thread 0x000001da04d67e20 Thread added: 0x000001da066567e0
Event: 51.472 Thread 0x000001da04d67e20 Thread added: 0x000001da06655430
Event: 51.472 Thread 0x000001da04d67e20 Thread added: 0x000001da06654710
Event: 51.473 Thread 0x000001da04d67e20 Thread added: 0x000001da06654da0
Event: 52.595 Thread 0x000001da04d67e20 Thread added: 0x000001da0972b4b0
Event: 52.595 Thread 0x000001da04d67e20 Thread added: 0x000001da0972c1d0
Event: 52.595 Thread 0x000001da04d67e20 Thread added: 0x000001da0a596470
Event: 53.588 Thread 0x000001da04d67e20 Thread added: 0x000001da0a59c050
Event: 53.588 Thread 0x000001da04d67e20 Thread added: 0x000001da7efe8bf0
Event: 53.880 Thread 0x000001da04d67e20 Thread added: 0x000001da7efe8560
Event: 53.880 Thread 0x000001da04d67e20 Thread added: 0x000001da7efe6b20
Event: 54.717 Thread 0x000001da04d67e20 Thread added: 0x000001da7efe9280
Event: 54.717 Thread 0x000001da04d67e20 Thread added: 0x000001da7efe5e00
Event: 56.763 Thread 0x000001da04d67e20 Thread added: 0x000001da7efe7ed0
Event: 57.019 Thread 0x000001da7edc9270 Thread added: 0x000001da07ce42e0
Event: 57.599 Thread 0x000001da07ce42e0 Thread exited: 0x000001da07ce42e0
Event: 57.923 Thread 0x000001da7edc9270 Thread added: 0x000001da07ce42e0


Dynamic libraries:
0x00007ff658e70000 - 0x00007ff658e7a000 	C:\Program Files\Android\Android Studio\jbr\bin\java.exe
0x00007ffc90060000 - 0x00007ffc902c7000 	C:\WINDOWS\SYSTEM32\ntdll.dll
0x00007ffc8e620000 - 0x00007ffc8e6e9000 	C:\WINDOWS\System32\KERNEL32.DLL
0x00007ffc8d300000 - 0x00007ffc8d6f7000 	C:\WINDOWS\System32\KERNELBASE.dll
0x00007ffc8d730000 - 0x00007ffc8d87b000 	C:\WINDOWS\System32\ucrtbase.dll
0x00007ffc7e990000 - 0x00007ffc7e9ab000 	C:\Program Files\Android\Android Studio\jbr\bin\VCRUNTIME140.dll
0x00007ffc87d00000 - 0x00007ffc87d18000 	C:\Program Files\Android\Android Studio\jbr\bin\jli.dll
0x00007ffc8eb90000 - 0x00007ffc8ed56000 	C:\WINDOWS\System32\USER32.dll
0x00007ffc8d700000 - 0x00007ffc8d727000 	C:\WINDOWS\System32\win32u.dll
0x00007ffc78d40000 - 0x00007ffc78fd2000 	C:\WINDOWS\WinSxS\amd64_microsoft.windows.common-controls_6595b64144ccf1df_6.0.26100.8457_none_3e0b2faee331e92d\COMCTL32.dll
0x00007ffc8f8d0000 - 0x00007ffc8f8fb000 	C:\WINDOWS\System32\GDI32.dll
0x00007ffc8eae0000 - 0x00007ffc8eb89000 	C:\WINDOWS\System32\msvcrt.dll
0x00007ffc8d880000 - 0x00007ffc8d9ac000 	C:\WINDOWS\System32\gdi32full.dll
0x00007ffc8dd30000 - 0x00007ffc8ddd3000 	C:\WINDOWS\System32\msvcp_win.dll
0x00007ffc8fe70000 - 0x00007ffc8fea2000 	C:\WINDOWS\System32\IMM32.DLL
0x00007ffc7e980000 - 0x00007ffc7e98c000 	C:\Program Files\Android\Android Studio\jbr\bin\vcruntime140_1.dll
0x00007ffc41b90000 - 0x00007ffc41c1d000 	C:\Program Files\Android\Android Studio\jbr\bin\msvcp140.dll
0x00007ffb88670000 - 0x00007ffb89306000 	C:\Program Files\Android\Android Studio\jbr\bin\server\jvm.dll
0x00007ffc8feb0000 - 0x00007ffc8ff66000 	C:\WINDOWS\System32\ADVAPI32.dll
0x00007ffc8ff70000 - 0x00007ffc90017000 	C:\WINDOWS\System32\sechost.dll
0x00007ffc8fae0000 - 0x00007ffc8fbf8000 	C:\WINDOWS\System32\RPCRT4.dll
0x00007ffc8fde0000 - 0x00007ffc8fe60000 	C:\WINDOWS\System32\WS2_32.dll
0x00007ffc83840000 - 0x00007ffc83876000 	C:\WINDOWS\SYSTEM32\WINMM.dll
0x00007ffc8c8f0000 - 0x00007ffc8c94e000 	C:\WINDOWS\SYSTEM32\POWRPROF.dll
0x00007ffc81d90000 - 0x00007ffc81d9b000 	C:\WINDOWS\SYSTEM32\VERSION.dll
0x00007ffc8c8d0000 - 0x00007ffc8c8e4000 	C:\WINDOWS\SYSTEM32\UMPDC.dll
0x00007ffc8b820000 - 0x00007ffc8b83b000 	C:\WINDOWS\SYSTEM32\kernel.appcore.dll
0x00007ffc7e8f0000 - 0x00007ffc7e8fa000 	C:\Program Files\Android\Android Studio\jbr\bin\jimage.dll
0x00007ffc8ac40000 - 0x00007ffc8ae82000 	C:\WINDOWS\SYSTEM32\DBGHELP.DLL
0x00007ffc8e6f0000 - 0x00007ffc8ea73000 	C:\WINDOWS\System32\combase.dll
0x00007ffc8f610000 - 0x00007ffc8f6e9000 	C:\WINDOWS\System32\OLEAUT32.dll
0x00007ffc5ea60000 - 0x00007ffc5ea9b000 	C:\WINDOWS\SYSTEM32\dbgcore.DLL
0x00007ffc8dbc0000 - 0x00007ffc8dc68000 	C:\WINDOWS\System32\bcryptPrimitives.dll
0x00007ffc87ec0000 - 0x00007ffc87ece000 	C:\Program Files\Android\Android Studio\jbr\bin\instrument.dll
0x00007ffc62e50000 - 0x00007ffc62e70000 	C:\Program Files\Android\Android Studio\jbr\bin\java.dll
0x00007ffc609d0000 - 0x00007ffc609e8000 	C:\Program Files\Android\Android Studio\jbr\bin\zip.dll
0x00007ffc8ed60000 - 0x00007ffc8f4ce000 	C:\WINDOWS\System32\SHELL32.dll
0x00007ffc8ca90000 - 0x00007ffc8d2fc000 	C:\WINDOWS\System32\windows.storage.dll
0x00007ffc8fc50000 - 0x00007ffc8fd46000 	C:\WINDOWS\System32\SHCORE.dll
0x00007ffc8fd50000 - 0x00007ffc8fdb6000 	C:\WINDOWS\System32\shlwapi.dll
0x00007ffc8c9b0000 - 0x00007ffc8c9d9000 	C:\WINDOWS\SYSTEM32\profapi.dll
0x00007ffc7e8e0000 - 0x00007ffc7e8f0000 	C:\Program Files\Android\Android Studio\jbr\bin\net.dll
0x00007ffc83500000 - 0x00007ffc83629000 	C:\WINDOWS\SYSTEM32\WINHTTP.dll
0x00007ffc8bd90000 - 0x00007ffc8bdfc000 	C:\WINDOWS\system32\mswsock.dll
0x00007ffc53b00000 - 0x00007ffc53b16000 	C:\Program Files\Android\Android Studio\jbr\bin\nio.dll
0x00007ffc7c2f0000 - 0x00007ffc7c300000 	C:\Program Files\Android\Android Studio\jbr\bin\verify.dll
0x00007ffc46b10000 - 0x00007ffc46b37000 	C:\Users\Principal\.gradle\native\c067742578af261105cb4f569cf0c3c89f3d7b1fecec35dd04571415982c5e48\windows-amd64\native-platform.dll
0x00007ffbe7c70000 - 0x00007ffbe7db4000 	C:\Users\Principal\.gradle\native\38dada09dfb8b06ba9b0570ebf7e218e3eb74d4ef43ca46872605cf95ebc2f47\windows-amd64\native-platform-file-events.dll
0x00007ffc7e210000 - 0x00007ffc7e219000 	C:\Program Files\Android\Android Studio\jbr\bin\management.dll
0x00007ffc7e120000 - 0x00007ffc7e12b000 	C:\Program Files\Android\Android Studio\jbr\bin\management_ext.dll
0x00007ffc8e610000 - 0x00007ffc8e618000 	C:\WINDOWS\System32\PSAPI.DLL
0x00007ffc8c080000 - 0x00007ffc8c09b000 	C:\WINDOWS\SYSTEM32\CRYPTSP.dll
0x00007ffc8b780000 - 0x00007ffc8b7b9000 	C:\WINDOWS\system32\rsaenh.dll
0x00007ffc8be40000 - 0x00007ffc8be73000 	C:\WINDOWS\SYSTEM32\USERENV.dll
0x00007ffc8c980000 - 0x00007ffc8c9aa000 	C:\WINDOWS\SYSTEM32\bcrypt.dll
0x00007ffc8c070000 - 0x00007ffc8c07c000 	C:\WINDOWS\SYSTEM32\CRYPTBASE.dll
0x00007ffc8b260000 - 0x00007ffc8b292000 	C:\WINDOWS\SYSTEM32\IPHLPAPI.DLL
0x00007ffc8de00000 - 0x00007ffc8de0a000 	C:\WINDOWS\System32\NSI.dll
0x00007ffc7e800000 - 0x00007ffc7e809000 	C:\Program Files\Android\Android Studio\jbr\bin\extnet.dll
0x00007ffc15af0000 - 0x00007ffc15af8000 	C:\WINDOWS\system32\wshunix.dll
0x00007ffc8b940000 - 0x00007ffc8b976000 	C:\WINDOWS\SYSTEM32\ntmarta.dll
0x00007ffc8b300000 - 0x00007ffc8b432000 	C:\WINDOWS\SYSTEM32\DNSAPI.dll
0x00007ffc81400000 - 0x00007ffc8140b000 	C:\Windows\System32\rasadhlp.dll
0x00007ffc86e00000 - 0x00007ffc86e86000 	C:\WINDOWS\System32\fwpuclnt.dll

JVMTI agents:
C:\Users\Principal\.gradle\wrapper\dists\gradle-8.6-bin\afr5mpiioh2wthjmwnkmdsd5w\gradle-8.6\lib\agents\gradle-instrumentation-agent-8.6.jar path:C:\Program Files\Android\Android Studio\jbr\bin\instrument.dll, loaded, initialized, instrumentlib options:none

dbghelp: loaded successfully - version: 4.0.5 - missing functions: none
symbol engine: initialized successfully - sym options: 0x614 - pdb path: .;C:\Program Files\Android\Android Studio\jbr\bin;C:\WINDOWS\SYSTEM32;C:\WINDOWS\WinSxS\amd64_microsoft.windows.common-controls_6595b64144ccf1df_6.0.26100.8457_none_3e0b2faee331e92d;C:\Program Files\Android\Android Studio\jbr\bin\server;C:\Users\Principal\.gradle\native\c067742578af261105cb4f569cf0c3c89f3d7b1fecec35dd04571415982c5e48\windows-amd64;C:\Users\Principal\.gradle\native\38dada09dfb8b06ba9b0570ebf7e218e3eb74d4ef43ca46872605cf95ebc2f47\windows-amd64

VM Arguments:
jvm_args: --add-opens=java.base/java.util=ALL-UNNAMED --add-opens=java.base/java.lang=ALL-UNNAMED --add-opens=java.base/java.lang.invoke=ALL-UNNAMED --add-opens=java.prefs/java.util.prefs=ALL-UNNAMED --add-opens=java.base/java.nio.charset=ALL-UNNAMED --add-opens=java.base/java.net=ALL-UNNAMED --add-opens=java.base/java.util.concurrent.atomic=ALL-UNNAMED -Xmx1024m -Dfile.encoding=UTF-8 -Duser.country=ZA -Duser.language=en -Duser.variant -javaagent:C:\Users\Principal\.gradle\wrapper\dists\gradle-8.6-bin\afr5mpiioh2wthjmwnkmdsd5w\gradle-8.6\lib\agents\gradle-instrumentation-agent-8.6.jar 
java_command: org.gradle.launcher.daemon.bootstrap.GradleDaemon 8.6
java_class_path (initial): C:\Users\Principal\.gradle\wrapper\dists\gradle-8.6-bin\afr5mpiioh2wthjmwnkmdsd5w\gradle-8.6\lib\gradle-launcher-8.6.jar
Launcher Type: SUN_STANDARD

[Global flags]
     intx CICompilerCount                          = 4                                         {product} {ergonomic}
     uint ConcGCThreads                            = 2                                         {product} {ergonomic}
     uint G1ConcRefinementThreads                  = 8                                         {product} {ergonomic}
   size_t G1HeapRegionSize                         = 1048576                                   {product} {ergonomic}
    uintx GCDrainStackTargetSize                   = 64                                        {product} {ergonomic}
   size_t InitialHeapSize                          = 96468992                                  {product} {ergonomic}
   size_t MarkStackSize                            = 4194304                                   {product} {ergonomic}
   size_t MaxHeapSize                              = 1073741824                                {product} {command line}
   size_t MaxNewSize                               = 643825664                                 {product} {ergonomic}
   size_t MinHeapDeltaBytes                        = 1048576                                   {product} {ergonomic}
   size_t MinHeapSize                              = 8388608                                   {product} {ergonomic}
    uintx NonNMethodCodeHeapSize                   = 5839372                                {pd product} {ergonomic}
    uintx NonProfiledCodeHeapSize                  = 122909434                              {pd product} {ergonomic}
    uintx ProfiledCodeHeapSize                     = 122909434                              {pd product} {ergonomic}
    uintx ReservedCodeCacheSize                    = 251658240                              {pd product} {ergonomic}
     bool SegmentedCodeCache                       = true                                      {product} {ergonomic}
   size_t SoftMaxHeapSize                          = 1073741824                             {manageable} {ergonomic}
     bool UseCompressedOops                        = true                           {product lp64_product} {ergonomic}
     bool UseG1GC                                  = true                                      {product} {ergonomic}
     bool UseLargePagesIndividualAllocation        = false                                  {pd product} {ergonomic}

Logging:
Log output configuration:
 #0: stdout all=warning uptime,level,tags foldmultilines=false
 #1: stderr all=off uptime,level,tags foldmultilines=false

Release file:
JAVA_VERSION="21.0.10" 
MODULES="java.base java.compiler java.datatransfer java.xml java.prefs java.desktop java.instrument java.logging java.management java.security.sasl java.naming java.rmi java.management.rmi java.net.http java.scripting java.security.jgss java.transaction.xa java.sql java.sql.rowset java.xml.crypto java.se java.smartcardio jdk.accessibility jdk.internal.jvmstat jdk.attach jdk.charsets jdk.internal.opt jdk.zipfs jdk.compiler jdk.crypto.ec jdk.crypto.cryptoki jdk.dynalink jdk.hotspot.agent jdk.httpserver jdk.internal.ed jdk.internal.le jdk.internal.vm.ci jdk.jartool jdk.javadoc jdk.jcmd jdk.jdeps jdk.jdwp.agent jdk.jdi jdk.jfr jdk.jlink jdk.jsobject jdk.localedata jdk.management jdk.management.agent jdk.management.jfr jdk.naming.dns jdk.naming.rmi jdk.net jdk.sctp jdk.security.auth jdk.security.jgss jdk.unsupported jdk.unsupported.desktop jdk.xml.dom" 
IMPLEMENTOR="JetBrains s.r.o." 
JAVA_RUNTIME_VERSION="21.0.10+-14961533-b1163.108" 
LIBC="default" 
OS_ARCH="x86_64" 
OS_NAME="Windows" 
SOURCE=".:git:1351622c2ff2" 

Environment Variables:
PATH=C:\app\Principal\product\21c\dbhomeXE\bin;C:\Program Files (x86)\Common Files\Oracle\Java\javapath;C:\WINDOWS\system32;C:\WINDOWS;C:\WINDOWS\System32\Wbem;C:\WINDOWS\System32\WindowsPowerShell\v1.0\;C:\WINDOWS\System32\OpenSSH\;C:\Users\Principal\.local\bin;C:\Users\Principal\AppData\Local\Microsoft\WindowsApps;C:\Users\Principal\AppData\Local\Programs\Microsoft VS Code\bin;C:\Users\Principal\AppData\Local\GitHubDesktop\bin;C:\Users\Principal\AppData\Local\Programs\cursor\resources\app\bin
USERNAME=Principal
OS=Windows_NT
PROCESSOR_IDENTIFIER=AMD64 Family 23 Model 160 Stepping 0, AuthenticAMD
TMP=C:\Users\PRINCI~1\AppData\Local\Temp
TEMP=C:\Users\PRINCI~1\AppData\Local\Temp




Periodic native trim disabled

JNI global refs:
JNI global refs: 29, weak refs: 15

JNI global refs memory usage: 835, weak refs: 833

Process memory usage:
Resident Set Size: 349900K (5% of 6018300K total physical memory with 378400K free physical memory)

OOME stack traces (most recent first):
Classloader memory used:
Loader org.gradle.internal.classloader.VisitableURLClassLoader                         : 36167K
Loader bootstrap                                                                       : 31179K
Loader org.gradle.initialization.MixInLegacyTypesClassLoader                           : 10868K
Loader org.gradle.internal.classloader.VisitableURLClassLoader                         : 929K
Loader jdk.internal.loader.ClassLoaders$PlatformClassLoader                            : 815K
Loader org.gradle.internal.classloader.VisitableURLClassLoader$InstrumentingVisitableURLClassLoader: 696K
Loader jdk.internal.reflect.DelegatingClassLoader                                      : 232K
Loader jdk.internal.loader.ClassLoaders$AppClassLoader                                 : 230K
Loader org.gradle.groovy.scripts.internal.DefaultScriptCompilationHandler$ScriptClassLoader: 155K
Loader org.codehaus.groovy.runtime.callsite.CallSiteClassLoader                        : 58872B

Classes loaded by more than one classloader:
Class org.gradle.internal.IoActions                                                   : loaded 3 times (x 71B)
Class org.gradle.api.Action                                                           : loaded 3 times (x 70B)
Class org.gradle.internal.Cast                                                        : loaded 3 times (x 71B)
Class org.gradle.api.GradleException                                                  : loaded 3 times (x 82B)
Class com.google.common.collect.UnmodifiableListIterator                              : loaded 2 times (x 95B)
Class org.gradle.internal.operations.MultipleBuildOperationFailures                   : loaded 2 times (x 95B)
Class org.gradle.internal.classloader.DefaultClassLoaderFactory                       : loaded 2 times (x 82B)
Class org.gradle.internal.classloader.ClassLoaderVisitor                              : loaded 2 times (x 76B)
Class settings_30swqw6wts7hs4qzofbpr9fju                                              : loaded 2 times (x 179B)
Class org.gradle.api.internal.classpath.EffectiveClassPath                            : loaded 2 times (x 90B)
Class org.gradle.tooling.internal.gradle.DefaultProjectIdentifier                     : loaded 2 times (x 86B)
Class org.gradle.api.internal.DefaultClassPathProvider                                : loaded 2 times (x 76B)
Class settings_30swqw6wts7hs4qzofbpr9fju$_run_closure1$_closure2                      : loaded 2 times (x 139B)
Class [Lorg.gradle.api.internal.ClassPathProvider;                                    : loaded 2 times (x 69B)
Class org.gradle.api.internal.ClassPathProvider                                       : loaded 2 times (x 70B)
Class org.gradle.internal.service.UnknownServiceException                             : loaded 2 times (x 83B)
Class sync_studio_tooling_87b21duvfmwxvzep337748c3p$_run_closure1                     : loaded 2 times (x 139B)
Class org.gradle.internal.classpath.TransformedClassPath                              : loaded 2 times (x 96B)
Class com.google.common.collect.Iterators$ArrayItr                                    : loaded 2 times (x 97B)
Class com.google.common.collect.UnmodifiableIterator                                  : loaded 2 times (x 80B)
Class org.gradle.internal.service.ServiceLocator                                      : loaded 2 times (x 70B)
Class com.intellij.gradle.toolingExtension.util.GradleVersionUtil                     : loaded 2 times (x 71B)
Class org.gradle.tooling.model.UnsupportedMethodException                             : loaded 2 times (x 82B)
Class com.google.common.collect.Iterators                                             : loaded 2 times (x 71B)
Class com.google.common.collect.Lists$StringAsImmutableList                           : loaded 2 times (x 207B)
Class org.gradle.internal.InternalTransformer                                         : loaded 2 times (x 70B)
Class org.gradle.internal.time.DefaultTimer                                           : loaded 2 times (x 80B)
Class org.gradle.internal.classloader.ClasspathUtil$1                                 : loaded 2 times (x 76B)
Class org.gradle.api.internal.classpath.DefaultModuleRegistry$DefaultModule           : loaded 2 times (x 86B)
Class com.google.common.collect.AbstractIterator                                      : loaded 2 times (x 82B)
Class com.google.common.collect.AbstractIndexedListIterator                           : loaded 2 times (x 96B)
Class org.gradle.internal.time.DefaultCountdownTimer                                  : loaded 2 times (x 88B)
Class org.gradle.tooling.internal.gradle.DefaultBuildIdentifier                       : loaded 2 times (x 79B)
Class org.gradle.api.internal.classpath.Module                                        : loaded 2 times (x 70B)
Class org.gradle.api.internal.classpath.UnknownModuleException                        : loaded 2 times (x 82B)
Class org.gradle.cache.GlobalCache                                                    : loaded 2 times (x 70B)
Class org.gradle.tooling.internal.gradle.GradleProjectIdentity                        : loaded 2 times (x 70B)
Class org.gradle.api.internal.DefaultClassPathRegistry                                : loaded 2 times (x 76B)
Class org.gradle.api.internal.ClassPathRegistry                                       : loaded 2 times (x 70B)
Class org.gradle.api.internal.classpath.ManifestUtil                                  : loaded 2 times (x 71B)
Class org.gradle.internal.classpath.ClassPath                                         : loaded 2 times (x 70B)
Class org.gradle.api.UncheckedIOException                                             : loaded 2 times (x 82B)
Class com.google.common.collect.Iterators$1                                           : loaded 2 times (x 81B)
Class org.gradle.tooling.model.Model                                                  : loaded 2 times (x 70B)
Class sync_studio_tooling_87b21duvfmwxvzep337748c3p                                   : loaded 2 times (x 179B)
Class kotlin.UninitializedPropertyAccessException                                     : loaded 2 times (x 82B)
Class com.google.common.collect.Iterators$4                                           : loaded 2 times (x 82B)
Class org.gradle.internal.installation.GradleInstallation$1                           : loaded 2 times (x 75B)
Class org.gradle.api.internal.classpath.ModuleRegistry                                : loaded 2 times (x 70B)
Class com.google.common.collect.Iterators$5                                           : loaded 2 times (x 82B)
Class com.google.common.collect.ImmutableCollection                                   : loaded 2 times (x 125B)
Class org.gradle.api.internal.classpath.DefaultModuleRegistry                         : loaded 2 times (x 86B)
Class com.google.common.collect.Lists                                                 : loaded 2 times (x 71B)
Class com.google.common.collect.Iterators$9                                           : loaded 2 times (x 81B)
Class settings_30swqw6wts7hs4qzofbpr9fju$_run_closure1                                : loaded 2 times (x 139B)
Class org.gradle.internal.time.MonotonicClock                                         : loaded 2 times (x 77B)
Class org.gradle.internal.service.ServiceLookupException                              : loaded 2 times (x 82B)
Class org.gradle.internal.classloader.ClassLoaderFactory                              : loaded 2 times (x 70B)
Class org.gradle.internal.service.CachingServiceLocator                               : loaded 2 times (x 82B)
Class org.gradle.internal.time.TimeSource                                             : loaded 2 times (x 70B)
Class org.gradle.tooling.internal.gradle.GradleBuildIdentity                          : loaded 2 times (x 70B)
Class org.gradle.internal.exceptions.ResolutionProvider                               : loaded 2 times (x 70B)
Class org.gradle.tooling.model.ProjectIdentifier                                      : loaded 2 times (x 70B)
Class org.gradle.internal.classloader.ClasspathUtil                                   : loaded 2 times (x 71B)
Class org.gradle.internal.time.TimeSource$1                                           : loaded 2 times (x 77B)
Class org.gradle.api.specs.Spec                                                       : loaded 2 times (x 70B)
Class com.intellij.gradle.toolingExtension.impl.model.utilDummyModel.DummyModel       : loaded 2 times (x 70B)
Class org.gradle.internal.time.Clock                                                  : loaded 2 times (x 70B)
Class org.gradle.internal.classloader.VisitableURLClassLoader$InstrumentingVisitableURLClassLoader: loaded 2 times (x 123B)
Class org.gradle.internal.classloader.VisitableURLClassLoader$Spec                    : loaded 2 times (x 74B)
Class org.gradle.internal.classpath.DefaultClassPath                                  : loaded 2 times (x 90B)
Class org.gradle.util.internal.DefaultGradleVersion                                   : loaded 2 times (x 82B)
Class org.gradle.internal.classloader.ClassLoaderSpec                                 : loaded 2 times (x 71B)
Class org.gradle.internal.classloader.VisitableURLClassLoader                         : loaded 2 times (x 117B)
Class org.gradle.internal.classloader.ClassLoaderHierarchy                            : loaded 2 times (x 70B)
Class org.gradle.internal.classloader.FilteringClassLoader                            : loaded 2 times (x 105B)
Class org.gradle.internal.agents.InstrumentingClassLoader                             : loaded 2 times (x 70B)
Class org.gradle.internal.classpath.DefaultClassPath$ImmutableUniqueList$Builder      : loaded 2 times (x 75B)
Class org.gradle.internal.classpath.DefaultClassPath$ImmutableUniqueList              : loaded 2 times (x 199B)
Class org.gradle.internal.exceptions.NonGradleCauseExceptionsHolder                   : loaded 2 times (x 70B)
Class kotlin.NotImplementedError                                                      : loaded 2 times (x 82B)
Class org.gradle.internal.classloader.SystemClassLoaderSpec                           : loaded 2 times (x 71B)
Class org.gradle.internal.exceptions.MultiCauseException                              : loaded 2 times (x 70B)
Class org.gradle.internal.time.CountdownTimer                                         : loaded 2 times (x 70B)
Class kotlin.jvm.internal.Intrinsics                                                  : loaded 2 times (x 71B)
Class org.gradle.tooling.model.ProjectModel                                           : loaded 2 times (x 70B)
Class kotlin.KotlinNullPointerException                                               : loaded 2 times (x 83B)
Class org.gradle.internal.exceptions.DefaultMultiCauseException                       : loaded 2 times (x 95B)
Class com.google.common.base.Preconditions                                            : loaded 2 times (x 71B)
Class com.google.common.collect.PeekingIterator                                       : loaded 2 times (x 70B)
Class org.gradle.internal.time.Time                                                   : loaded 2 times (x 71B)
Class ijInit1_3i6pu85cizv4ll0nkzpcl7xut                                               : loaded 2 times (x 179B)
Class org.gradle.tooling.model.BuildIdentifier                                        : loaded 2 times (x 70B)
Class kotlin.NoWhenBranchMatchedException                                             : loaded 2 times (x 82B)
Class org.gradle.internal.time.Timer                                                  : loaded 2 times (x 70B)
Class org.gradle.internal.installation.CurrentGradleInstallationLocator               : loaded 2 times (x 71B)
Class com.google.common.collect.ImmutableList                                         : loaded 2 times (x 206B)
Class org.gradle.internal.service.DefaultServiceLocator                               : loaded 2 times (x 83B)
Class org.gradle.util.GradleVersion                                                   : loaded 2 times (x 81B)
Class org.gradle.internal.installation.CurrentGradleInstallation                      : loaded 2 times (x 73B)
Class org.gradle.util.internal.GUtil                                                  : loaded 2 times (x 71B)
Class com.google.common.collect.Iterators$MergingIterator                             : loaded 2 times (x 81B)
Class org.gradle.internal.installation.GradleInstallation                             : loaded 2 times (x 75B)

---------------  S Y S T E M  ---------------

OS:
 Windows 11 , 64 bit Build 26100 (10.0.26100.8328)
OS uptime: 0 days 4:39 hours
Hyper-V role detected

CPU: total 8 (initial active 8) (8 cores per cpu, 2 threads per core) family 23 model 160 stepping 0 microcode 0x8a0000a, cx8, cmov, fxsr, ht, mmx, 3dnowpref, sse, sse2, sse3, ssse3, sse4a, sse4.1, sse4.2, popcnt, lzcnt, tsc, tscinvbit, avx, avx2, aes, clmul, bmi1, bmi2, adx, sha, fma, vzeroupper, clflush, clflushopt, hv, rdtscp, rdpid, f16c
Processor Information for the first 8 processors :
  Max Mhz: 2401, Current Mhz: 2401, Mhz Limit: 2401

Memory: 4k page, system-wide physical 5877M (356M free)
TotalPageFile size 24309M (AvailPageFile size 21M)
current process WorkingSet (physical memory assigned to process): 337M, peak: 362M
current process commit charge ("private bytes"): 454M, peak: 461M

vm_info: OpenJDK 64-Bit Server VM (21.0.10+-14961533-b1163.108) for windows-amd64 JRE (21.0.10+-14961533-b1163.108), built on 2026-03-02T19:58:50Z by "builder" with MS VC++ 16.10 / 16.11 (VS2019)

END.
