#
# There is insufficient memory for the Java Runtime Environment to continue.
# Native memory allocation (mmap) failed to map 65536 bytes. Error detail: Failed to commit metaspace.
# Possible reasons:
#   The system is out of physical RAM or swap space
#   This process is running with CompressedOops enabled, and the Java Heap may be blocking the growth of the native heap
# Possible solutions:
#   Reduce memory load on the system
#   Increase physical memory or swap space
#   Check if swap backing store is full
#   Decrease Java heap size (-Xmx/-Xms)
#   Decrease number of Java threads
#   Decrease Java thread stack sizes (-Xss)
#   Set larger code cache with -XX:ReservedCodeCacheSize=
#   JVM is running with Unscaled Compressed Oops mode in which the Java heap is
#     placed in the first 4GB address space. The Java Heap base address is the
#     maximum limit for the native heap growth. Please use -XX:HeapBaseMinAddress
#     to set the Java Heap base and to place the Java Heap above 4GB virtual address.
# This output file may be truncated or incomplete.
#
#  Out of Memory Error (virtualSpaceNode.cpp:113), pid=30916, tid=30080
#
# JRE version: OpenJDK Runtime Environment (21.0.10) (build 21.0.10+-14961533-b1163.108)
# Java VM: OpenJDK 64-Bit Server VM (21.0.10+-14961533-b1163.108, mixed mode, tiered, compressed oops, compressed class ptrs, g1 gc, windows-amd64)
# No core dump will be written. Minidumps are not enabled by default on client versions of Windows
#

---------------  S U M M A R Y ------------

Command Line: --add-opens=java.base/java.util=ALL-UNNAMED --add-opens=java.base/java.lang=ALL-UNNAMED --add-opens=java.base/java.lang.invoke=ALL-UNNAMED --add-opens=java.prefs/java.util.prefs=ALL-UNNAMED --add-opens=java.base/java.nio.charset=ALL-UNNAMED --add-opens=java.base/java.net=ALL-UNNAMED --add-opens=java.base/java.util.concurrent.atomic=ALL-UNNAMED -Xmx1024m -Dfile.encoding=UTF-8 -Duser.country=ZA -Duser.language=en -Duser.variant -javaagent:C:\Users\Principal\.gradle\wrapper\dists\gradle-8.6-bin\afr5mpiioh2wthjmwnkmdsd5w\gradle-8.6\lib\agents\gradle-instrumentation-agent-8.6.jar org.gradle.launcher.daemon.bootstrap.GradleDaemon 8.6

Host: AMD Ryzen 3 7320U with Radeon Graphics         , 8 cores, 5G,  Windows 11 , 64 bit Build 26100 (10.0.26100.8328)
Time: Mon Jun 15 15:08:28 2026 South Africa Standard Time elapsed time: 114.889611 seconds (0d 0h 1m 54s)

---------------  T H R E A D  ---------------

Current thread (0x000001d534b46b60):  JavaThread "Daemon worker"        [_thread_in_vm, id=30080, stack(0x00000032e4100000,0x00000032e4200000) (1024K)]

Stack: [0x00000032e4100000,0x00000032e4200000]
Native frames: (J=compiled Java code, j=interpreted, Vv=VM code, C=native code)
V  [jvm.dll+0x6d78a9]
V  [jvm.dll+0x8665b3]
V  [jvm.dll+0x868bde]
V  [jvm.dll+0x8692c3]
V  [jvm.dll+0x280ee6]
V  [jvm.dll+0x86146e]
V  [jvm.dll+0x67add5]
V  [jvm.dll+0x1e4911]
V  [jvm.dll+0x1e46de]
V  [jvm.dll+0x67d728]
V  [jvm.dll+0x67d562]
V  [jvm.dll+0x67b7ce]
V  [jvm.dll+0x27cd96]
V  [jvm.dll+0x72e1ea]
V  [jvm.dll+0x72ed5f]
V  [jvm.dll+0x3c85a0]
V  [jvm.dll+0x3c734c]
V  [jvm.dll+0x3c72e8]
V  [jvm.dll+0x5dd4fa]
V  [jvm.dll+0x5dd5b3]
V  [jvm.dll+0x3dcc52]
V  [jvm.dll+0x3dc6f0]
C  0x000001d5239072bc

The last pc belongs to getstatic (printed below).
Java frames: (J=compiled Java code, j=interpreted, Vv=VM code)
j  com.sun.org.apache.xerces.internal.impl.dv.xs.SchemaDVFactoryImpl.createBuiltInTypes()V+3 java.xml@21.0.10
j  com.sun.org.apache.xerces.internal.impl.dv.xs.SchemaDVFactoryImpl.<clinit>()V+10 java.xml@21.0.10
v  ~StubRoutines::call_stub 0x000001d5238f100d
J 1807  jdk.internal.misc.Unsafe.ensureClassInitialized0(Ljava/lang/Class;)V java.base@21.0.10 (0 bytes) @ 0x000001d523f7a17f [0x000001d523f7a120+0x000000000000005f]
J 3674 c1 jdk.internal.reflect.MethodHandleAccessorFactory.newConstructorAccessor(Ljava/lang/reflect/Constructor;)Ljdk/internal/reflect/ConstructorAccessorImpl; java.base@21.0.10 (84 bytes) @ 0x000001d51c40b98c [0x000001d51c40b700+0x000000000000028c]
J 4180 c1 jdk.internal.reflect.ReflectionFactory.newConstructorAccessor(Ljava/lang/reflect/Constructor;)Ljdk/internal/reflect/ConstructorAccessor; java.base@21.0.10 (144 bytes) @ 0x000001d51c40f824 [0x000001d51c40f4c0+0x0000000000000364]
J 3636 c1 java.lang.reflect.Constructor.acquireConstructorAccessor()Ljdk/internal/reflect/ConstructorAccessor; java.base@21.0.10 (75 bytes) @ 0x000001d51cab9264 [0x000001d51cab90c0+0x00000000000001a4]
J 13467 c2 java.lang.reflect.Constructor.newInstance([Ljava/lang/Object;)Ljava/lang/Object; java.base@21.0.10 (34 bytes) @ 0x000001d52467c510 [0x000001d52467be40+0x00000000000006d0]
j  com.sun.org.apache.xerces.internal.utils.ObjectFactory.newInstance(Ljava/lang/String;Ljava/lang/ClassLoader;Z)Ljava/lang/Object;+19 java.xml@21.0.10
j  com.sun.org.apache.xerces.internal.utils.ObjectFactory.newInstance(Ljava/lang/String;Z)Ljava/lang/Object;+18 java.xml@21.0.10
j  com.sun.org.apache.xerces.internal.impl.dv.SchemaDVFactory.getInstance(Ljava/lang/String;)Lcom/sun/org/apache/xerces/internal/impl/dv/SchemaDVFactory;+2 java.xml@21.0.10
j  com.sun.org.apache.xerces.internal.impl.dv.SchemaDVFactory.getInstance()Lcom/sun/org/apache/xerces/internal/impl/dv/SchemaDVFactory;+2 java.xml@21.0.10
j  com.sun.org.apache.xerces.internal.impl.xs.XMLSchemaLoader.reset(Lcom/sun/org/apache/xerces/internal/xni/parser/XMLComponentManager;)V+202 java.xml@21.0.10
j  com.sun.org.apache.xerces.internal.impl.xs.XMLSchemaLoader.loadGrammar(Lcom/sun/org/apache/xerces/internal/xni/parser/XMLInputSource;)Lcom/sun/org/apache/xerces/internal/xni/grammars/Grammar;+5 java.xml@21.0.10
j  com.sun.org.apache.xerces.internal.impl.xs.XMLSchemaLoader.loadGrammar([Lcom/sun/org/apache/xerces/internal/xni/parser/XMLInputSource;)V+14 java.xml@21.0.10
j  com.sun.org.apache.xerces.internal.jaxp.validation.XMLSchemaFactory.newSchema([Ljavax/xml/transform/Source;)Ljavax/xml/validation/Schema;+373 java.xml@21.0.10
j  com.android.repository.impl.meta.SchemaModuleUtil.getSchema(Ljava/util/Collection;Lorg/w3c/dom/ls/LSResourceResolver;Lcom/android/repository/api/ProgressIndicator;)Ljavax/xml/validation/Schema;+213
j  com.android.repository.impl.meta.SchemaModuleUtil.marshal(Ljavax/xml/bind/JAXBElement;Ljava/util/Collection;Ljava/io/OutputStream;Lorg/w3c/dom/ls/LSResourceResolver;Lcom/android/repository/api/ProgressIndicator;)V+33
j  com.android.repository.util.InstallerUtil.writeRepoXml(Lcom/android/repository/api/RepoManager;Lcom/android/repository/api/Repository;Ljava/nio/file/Path;Lcom/android/repository/impl/meta/CommonFactory;Lcom/android/repository/api/ProgressIndicator;)V+33
j  com.android.repository.util.InstallerUtil.writePackageXml(Lcom/android/repository/api/RemotePackage;Ljava/nio/file/Path;Lcom/android/repository/api/RepoManager;Lcom/android/repository/api/ProgressIndicator;)V+89
j  com.android.repository.impl.installer.AbstractInstaller.lambda$new$0(Lcom/android/repository/api/PackageOperation;Lcom/android/repository/api/ProgressIndicator;)V+24
j  com.android.repository.impl.installer.AbstractInstaller$$Lambda+0x0000000101280000.statusChanged(Lcom/android/repository/api/PackageOperation;Lcom/android/repository/api/ProgressIndicator;)V+6
j  com.android.repository.impl.installer.AbstractPackageOperation.updateStatus(Lcom/android/repository/api/PackageOperation$InstallStatus;Lcom/android/repository/api/ProgressIndicator;)Z+73
j  com.android.repository.impl.installer.AbstractPackageOperation.complete(Lcom/android/repository/api/ProgressIndicator;)Z+320
j  com.android.builder.sdk.DefaultSdkLoader.installRemotePackages(Ljava/util/List;Lcom/android/repository/api/RepoManager;Lcom/android/repository/api/Downloader;Lcom/android/repository/api/ProgressIndicator;)Ljava/util/Map;+214
j  com.android.builder.sdk.DefaultSdkLoader.installBuildTools(Lcom/android/repository/Revision;Lcom/android/repository/api/RepoManager;Lcom/android/repository/api/Downloader;Lcom/android/repository/api/ProgressIndicator;)Ljava/util/Map;+91
j  com.android.builder.sdk.DefaultSdkLoader.getTargetInfo(Ljava/lang/String;Lcom/android/repository/Revision;Lcom/android/utils/ILogger;Lcom/android/builder/sdk/SdkLibData;)Lcom/android/builder/sdk/TargetInfo;+206
j  com.android.build.gradle.internal.SdkHandler.initTarget(Ljava/lang/String;Lcom/android/repository/Revision;)Lcom/android/utils/Pair;+136
j  com.android.build.gradle.internal.SdkFullLoadingStrategy.init()Z+82
j  com.android.build.gradle.internal.SdkFullLoadingStrategy.getFileFromTarget(I)Ljava/io/File;+1
j  com.android.build.gradle.internal.SdkFullLoadingStrategy.getAndroidJar()Ljava/io/File;+2
j  com.android.build.gradle.internal.SdkLoadingStrategy.getAndroidJar()Ljava/io/File;+24
j  com.android.build.gradle.internal.SdkComponentsBuildService$VersionedSdkLoader$sdkSetupCorrectly$1.call()Ljava/lang/Boolean;+7
j  com.android.build.gradle.internal.SdkComponentsBuildService$VersionedSdkLoader$sdkSetupCorrectly$1.call()Ljava/lang/Object;+1
J 12827 c1 org.gradle.api.internal.provider.DefaultProvider.calculateOwnValue(Lorg/gradle/api/internal/provider/ValueSupplier$ValueConsumer;)Lorg/gradle/api/internal/provider/ValueSupplier$Value; (60 bytes) @ 0x000001d51d436a1c [0x000001d51d4365a0+0x000000000000047c]
J 11081 c1 org.gradle.api.internal.provider.AbstractMinimalProvider.calculateOwnPresentValue()Lorg/gradle/api/internal/provider/ValueSupplier$Value; (32 bytes) @ 0x000001d51d00b314 [0x000001d51d00b200+0x0000000000000114]
J 11080 c1 org.gradle.api.internal.provider.AbstractMinimalProvider.get()Ljava/lang/Object; (10 bytes) @ 0x000001d51d07ea34 [0x000001d51d07e940+0x00000000000000f4]
j  com.android.build.gradle.internal.ide.v2.ModelBuilder.buildBasicAndroidProjectModel(Lorg/gradle/api/Project;)Lcom/android/builder/model/v2/models/BasicAndroidProject;+56
j  com.android.build.gradle.internal.ide.v2.ModelBuilder.buildAll(Ljava/lang/String;Lorg/gradle/api/Project;)Ljava/lang/Object;+53
j  org.gradle.tooling.provider.model.internal.DefaultToolingModelBuilderRegistry$BuilderWithParameter.build(Ljava/lang/Object;)Ljava/lang/Object;+16
j  org.gradle.tooling.provider.model.internal.DefaultToolingModelBuilderRegistry$UserCodeAssigningBuilder.lambda$build$0(Ljava/lang/Object;)Ljava/lang/Object;+5
j  org.gradle.tooling.provider.model.internal.DefaultToolingModelBuilderRegistry$UserCodeAssigningBuilder$$Lambda+0x00000001010694e8.get()Ljava/lang/Object;+8
j  org.gradle.internal.code.DefaultUserCodeApplicationContext$CurrentApplication.reapply(Ljava/util/function/Supplier;)Ljava/lang/Object;+26
j  org.gradle.tooling.provider.model.internal.DefaultToolingModelBuilderRegistry$UserCodeAssigningBuilder.build(Ljava/lang/Object;)Ljava/lang/Object;+11
j  org.gradle.tooling.provider.model.internal.DefaultToolingModelBuilderRegistry$LockSingleProjectBuilder.lambda$build$0(Ljava/lang/Object;Lorg/gradle/api/internal/project/ProjectInternal;)Ljava/lang/Object;+5
j  org.gradle.tooling.provider.model.internal.DefaultToolingModelBuilderRegistry$LockSingleProjectBuilder$$Lambda+0x0000000101069270.apply(Ljava/lang/Object;)Ljava/lang/Object;+12
j  org.gradle.api.internal.project.DefaultProjectStateRegistry$ProjectStateImpl.lambda$fromMutableState$2(Ljava/util/function/Function;)Ljava/lang/Object;+5
j  org.gradle.api.internal.project.DefaultProjectStateRegistry$ProjectStateImpl$$Lambda+0x00000001008e6488.create()Ljava/lang/Object;+8
j  org.gradle.internal.work.DefaultWorkerLeaseService.withReplacedLocks(Ljava/util/Collection;Lorg/gradle/internal/resources/ResourceLock;Lorg/gradle/internal/Factory;)Ljava/lang/Object;+40
j  org.gradle.api.internal.project.DefaultProjectStateRegistry$ProjectStateImpl.fromMutableState(Ljava/util/function/Function;)Ljava/lang/Object;+132
j  org.gradle.tooling.provider.model.internal.DefaultToolingModelBuilderRegistry$LockSingleProjectBuilder.build(Ljava/lang/Object;)Ljava/lang/Object;+11
j  org.gradle.tooling.provider.model.internal.DefaultToolingModelBuilderRegistry$BuildOperationWrappingBuilder$1.call(Lorg/gradle/internal/operations/BuildOperationContext;)Ljava/lang/Object;+11
J 10375 c1 org.gradle.internal.operations.DefaultBuildOperationRunner$CallableBuildOperationWorker.execute(Lorg/gradle/internal/operations/BuildOperation;Lorg/gradle/internal/operations/BuildOperationContext;)V (10 bytes) @ 0x000001d51ca33204 [0x000001d51ca33140+0x00000000000000c4]
J 10756 c1 org.gradle.internal.operations.DefaultBuildOperationRunner$2.execute(Lorg/gradle/internal/operations/BuildOperationDescriptor;Lorg/gradle/internal/operations/BuildOperationState;Lorg/gradle/internal/operations/BuildOperationState;Lorg/gradle/internal/operations/DefaultBuildOperationRunner$ReadableBuildOperationContext;Lorg/gradle/internal/operations/DefaultBuildOperationRunner$BuildOperationExecutionListener;)Lorg/gradle/internal/operations/BuildOperation; (110 bytes) @ 0x000001d51cab4934 [0x000001d51cab4740+0x00000000000001f4]
J 11078 c1 org.gradle.internal.operations.DefaultBuildOperationRunner$2.execute(Lorg/gradle/internal/operations/BuildOperationDescriptor;Lorg/gradle/internal/operations/BuildOperationState;Lorg/gradle/internal/operations/BuildOperationState;Lorg/gradle/internal/operations/DefaultBuildOperationRunner$ReadableBuildOperationContext;Lorg/gradle/internal/operations/DefaultBuildOperationRunner$BuildOperationExecutionListener;)Ljava/lang/Object; (12 bytes) @ 0x000001d51cf4c7bc [0x000001d51cf4c740+0x000000000000007c]
J 10249 c1 org.gradle.internal.operations.DefaultBuildOperationRunner.execute(Lorg/gradle/internal/operations/BuildOperationDescriptor$Builder;Lorg/gradle/internal/operations/BuildOperationState;Lorg/gradle/internal/operations/DefaultBuildOperationRunner$BuildOperationExecution;)Ljava/lang/Object; (147 bytes) @ 0x000001d51cff2514 [0x000001d51cff1a00+0x0000000000000b14]
J 14829 c1 org.gradle.internal.operations.DefaultBuildOperationRunner.execute(Lorg/gradle/internal/operations/BuildOperation;Lorg/gradle/internal/operations/BuildOperationWorker;Lorg/gradle/internal/operations/BuildOperationState;)V (23 bytes) @ 0x000001d51d85907c [0x000001d51d858de0+0x000000000000029c]
J 10374 c1 org.gradle.internal.operations.DefaultBuildOperationRunner.call(Lorg/gradle/internal/operations/CallableBuildOperation;)Ljava/lang/Object; (24 bytes) @ 0x000001d51ca798bc [0x000001d51ca79760+0x000000000000015c]
J 10373 c1 org.gradle.internal.operations.DefaultBuildOperationExecutor.call(Lorg/gradle/internal/operations/CallableBuildOperation;)Ljava/lang/Object; (11 bytes) @ 0x000001d51d085034 [0x000001d51d084fc0+0x0000000000000074]
j  org.gradle.tooling.provider.model.internal.DefaultToolingModelBuilderRegistry$BuildOperationWrappingBuilder.build(Ljava/lang/Object;)Ljava/lang/Object;+13
j  org.gradle.internal.build.DefaultBuildToolingModelController$AbstractToolingScope.getModel(Ljava/lang/String;Lorg/gradle/tooling/provider/model/internal/ToolingModelParameterCarrier;)Ljava/lang/Object;+11
j  org.gradle.tooling.internal.provider.runner.DefaultBuildController.getModel(Ljava/lang/Object;Lorg/gradle/tooling/internal/protocol/ModelIdentifier;Ljava/lang/Object;)Lorg/gradle/tooling/internal/protocol/BuildResult;+72
j  org.gradle.tooling.internal.consumer.connection.ParameterAwareBuildControllerAdapter.getModel(Ljava/lang/Object;Lorg/gradle/tooling/internal/protocol/ModelIdentifier;Ljava/lang/Object;)Lorg/gradle/tooling/internal/protocol/BuildResult;+7
j  org.gradle.tooling.internal.consumer.connection.UnparameterizedBuildController.getModel(Lorg/gradle/tooling/model/Model;Ljava/lang/Class;Ljava/lang/Class;Lorg/gradle/api/Action;)Ljava/lang/Object;+44
j  org.gradle.tooling.internal.consumer.connection.NestedActionAwareBuildControllerAdapter.getModel(Lorg/gradle/tooling/model/Model;Ljava/lang/Class;Ljava/lang/Class;Lorg/gradle/api/Action;)Ljava/lang/Object;+6
j  org.gradle.tooling.internal.consumer.connection.UnparameterizedBuildController.findModel(Lorg/gradle/tooling/model/Model;Ljava/lang/Class;Ljava/lang/Class;Lorg/gradle/api/Action;)Ljava/lang/Object;+6
j  org.gradle.tooling.internal.consumer.connection.NestedActionAwareBuildControllerAdapter.findModel(Lorg/gradle/tooling/model/Model;Ljava/lang/Class;Ljava/lang/Class;Lorg/gradle/api/Action;)Ljava/lang/Object;+6
j  org.gradle.tooling.internal.consumer.connection.UnparameterizedBuildController.findModel(Lorg/gradle/tooling/model/Model;Ljava/lang/Class;)Ljava/lang/Object;+5
j  org.gradle.tooling.internal.consumer.connection.NestedActionAwareBuildControllerAdapter.findModel(Lorg/gradle/tooling/model/Model;Ljava/lang/Class;)Ljava/lang/Object;+3
j  com.android.tools.idea.gradle.project.sync.SyncActionRunnerKt$toMeasuringController$1.findModel$lambda$5(Lorg/gradle/tooling/BuildController;Lorg/gradle/tooling/model/Model;Ljava/lang/Class;)Ljava/lang/Object;+3
j  com.android.tools.idea.gradle.project.sync.SyncActionRunnerKt$toMeasuringController$1$$Lambda+0x0000000101168698.invoke()Ljava/lang/Object;+12
j  com.android.tools.idea.projectsystem.gradle.sync.Counter.invoke(Lkotlin/jvm/functions/Function0;)Ljava/lang/Object;+22
j  com.android.tools.idea.gradle.project.sync.SyncActionRunnerKt.measure(Lcom/android/tools/idea/gradle/project/sync/SyncCounters;Ljava/lang/Class;Lkotlin/jvm/functions/Function0;)Ljava/lang/Object;+398
j  com.android.tools.idea.gradle.project.sync.SyncActionRunnerKt.access$measure(Lcom/android/tools/idea/gradle/project/sync/SyncCounters;Ljava/lang/Class;Lkotlin/jvm/functions/Function0;)Ljava/lang/Object;+3
j  com.android.tools.idea.gradle.project.sync.SyncActionRunnerKt$toMeasuringController$1.findModel(Lorg/gradle/tooling/model/Model;Ljava/lang/Class;)Ljava/lang/Object;+22
j  com.android.tools.idea.gradle.project.sync.ActionToRun$toSafeController$1.findModel(Lorg/gradle/tooling/model/Model;Ljava/lang/Class;)Ljava/lang/Object;+20
j  com.android.tools.idea.gradle.project.sync.ModelFetchersKt.findNonParameterizedV2Model(Lorg/gradle/tooling/BuildController;Lorg/gradle/tooling/model/gradle/BasicGradleProject;Ljava/lang/Class;)Ljava/lang/Object;+24
j  com.android.tools.idea.gradle.project.sync.BasicV2AndroidModuleGradleProject.getGradleModuleAction$lambda$0(Lcom/android/tools/idea/gradle/project/sync/BasicV2AndroidModuleGradleProject;Lcom/android/tools/idea/gradle/project/sync/InternedModels;Lcom/android/tools/idea/gradle/project/sync/BuildInfo;Lorg/gradle/tooling/BuildController;)Lcom/android/tools/idea/gradle/project/sync/GradleModule;+7
j  com.android.tools.idea.gradle.project.sync.BasicV2AndroidModuleGradleProject$$Lambda+0x0000000101188000.invoke(Ljava/lang/Object;)Ljava/lang/Object;+16
j  com.android.tools.idea.gradle.project.sync.ActionToRun.run$intellij_android_projectSystem_gradle_sync(Lorg/gradle/tooling/BuildController;)Ljava/lang/Object;+15
j  com.android.tools.idea.gradle.project.sync.SyncActionRunner.runActions$lambda$4$0(Ljava/util/Map$Entry;Lcom/android/tools/idea/gradle/project/sync/SyncActionRunner;Lorg/gradle/tooling/BuildController;)Ljava/lang/Object;+21
j  com.android.tools.idea.gradle.project.sync.SyncActionRunner$$Lambda+0x0000000101188258.execute(Lorg/gradle/tooling/BuildController;)Ljava/lang/Object;+9
j  org.gradle.tooling.internal.consumer.connection.NestedActionAwareBuildControllerAdapter$1.get()Ljava/lang/Object;+8
j  org.gradle.internal.buildtree.IntermediateBuildActionRunner$NestedAction.run(Lorg/gradle/internal/operations/BuildOperationContext;)V+4
j  org.gradle.internal.buildtree.IntermediateBuildActionRunner.runActions(Ljava/util/Collection;)V+53
j  org.gradle.internal.buildtree.IntermediateBuildActionRunner.run(Ljava/util/List;)Ljava/util/List;+66
j  org.gradle.internal.buildtree.DefaultBuildTreeModelCreator$DefaultBuildTreeModelController.runQueryModelActions(Ljava/util/List;)Ljava/util/List;+8
j  org.gradle.tooling.internal.provider.runner.DefaultBuildController.run(Ljava/util/List;)Ljava/util/List;+9
j  org.gradle.tooling.internal.consumer.connection.NestedActionAwareBuildControllerAdapter.run(Ljava/util/Collection;)Ljava/util/List;+66
j  org.jetbrains.plugins.gradle.model.DefaultBuildController.run(Ljava/util/Collection;)Ljava/util/List;+12
j  com.android.tools.idea.gradle.project.sync.SyncActionRunner.runActions(Ljava/util/List;)Ljava/util/List;+567
j  com.android.tools.idea.gradle.project.sync.SyncProjectActionWorker.fetchGradleModulesAction(Ljava/util/List;)Ljava/util/List;+119
j  com.android.tools.idea.gradle.project.sync.SyncProjectActionWorker.populateAndroidModels$lambda$0(Lcom/android/tools/idea/gradle/project/sync/SyncProjectActionWorker;Ljava/util/List;)Ljava/util/List;+2
j  com.android.tools.idea.gradle.project.sync.SyncProjectActionWorker$$Lambda+0x0000000101187470.invoke()Ljava/lang/Object;+8
j  com.android.tools.idea.projectsystem.gradle.sync.Counter.invoke(Lkotlin/jvm/functions/Function0;)Ljava/lang/Object;+22
j  com.android.tools.idea.gradle.project.sync.SyncProjectActionWorker.populateAndroidModels(Ljava/util/List;Z)Ljava/util/List;+20
j  com.android.tools.idea.gradle.project.sync.AndroidExtraModelProviderWorker.populateBuildModels()V+572
j  com.android.tools.idea.gradle.project.sync.AndroidExtraModelProviderImpl.populateBuildModels(Lorg/gradle/tooling/BuildController;Lorg/gradle/tooling/model/gradle/GradleBuild;Lorg/jetbrains/plugins/gradle/model/ProjectImportModelProvider$GradleModelConsumer;)V+268
j  com.android.tools.idea.gradle.project.sync.AndroidExtraModelProvider.populateModels(Lorg/gradle/tooling/BuildController;Ljava/util/Collection;Lorg/jetbrains/plugins/gradle/model/ProjectImportModelProvider$GradleModelConsumer;)V+92
j  com.intellij.gradle.toolingExtension.impl.modelAction.GradleModelFetchAction.lambda$populateModels$13(Lorg/jetbrains/plugins/gradle/model/ProjectImportModelProvider;Lorg/gradle/tooling/BuildController;Ljava/util/Collection;Lorg/jetbrains/plugins/gradle/model/ProjectImportModelProvider$GradleModelConsumer;Lio/opentelemetry/api/trace/Span;)V+4
j  com.intellij.gradle.toolingExtension.impl.modelAction.GradleModelFetchAction$$Lambda+0x000000010108d000.accept(Ljava/lang/Object;)V+20
j  com.intellij.gradle.toolingExtension.impl.telemetry.GradleOpenTelemetry.lambda$runWithSpan$1(Ljava/util/function/Consumer;Lio/opentelemetry/api/trace/Span;)Ljava/lang/Object;+2
j  com.intellij.gradle.toolingExtension.impl.telemetry.GradleOpenTelemetry$$Lambda+0x000000010108bc18.apply(Ljava/lang/Object;)Ljava/lang/Object;+8
j  com.intellij.gradle.toolingExtension.impl.telemetry.GradleOpenTelemetry.callWithSpan(Ljava/lang/String;Ljava/util/function/Consumer;Ljava/util/function/Function;)Ljava/lang/Object;+66
j  com.intellij.gradle.toolingExtension.impl.telemetry.GradleOpenTelemetry.callWithSpan(Ljava/lang/String;Ljava/util/function/Function;)Ljava/lang/Object;+24
j  com.intellij.gradle.toolingExtension.impl.telemetry.GradleOpenTelemetry.runWithSpan(Ljava/lang/String;Ljava/util/function/Consumer;)V+24
j  com.intellij.gradle.toolingExtension.impl.modelAction.GradleModelFetchAction.populateModels(Lorg/gradle/tooling/BuildController;Lcom/intellij/gradle/toolingExtension/impl/telemetry/GradleOpenTelemetry;Lorg/jetbrains/plugins/gradle/model/ProjectImportModelProvider$GradleModelConsumer;Ljava/util/Collection;Ljava/util/Collection;)V+95
j  com.intellij.gradle.toolingExtension.impl.modelAction.GradleModelFetchAction.lambda$executeAction$11(Lcom/intellij/gradle/toolingExtension/modelAction/GradleModelFetchPhase;Lorg/gradle/tooling/BuildController;Lcom/intellij/gradle/toolingExtension/impl/telemetry/GradleOpenTelemetry;Lorg/jetbrains/plugins/gradle/model/ProjectImportModelProvider$GradleModelConsumer;Ljava/util/Collection;Lcom/intellij/gradle/toolingExtension/impl/modelAction/GradleDaemonModelHolder;Lio/opentelemetry/api/trace/Span;)V+26
j  com.intellij.gradle.toolingExtension.impl.modelAction.GradleModelFetchAction$$Lambda+0x000000010108fd70.accept(Ljava/lang/Object;)V+32
j  com.intellij.gradle.toolingExtension.impl.telemetry.GradleOpenTelemetry.lambda$runWithSpan$1(Ljava/util/function/Consumer;Lio/opentelemetry/api/trace/Span;)Ljava/lang/Object;+2
j  com.intellij.gradle.toolingExtension.impl.telemetry.GradleOpenTelemetry$$Lambda+0x000000010108bc18.apply(Ljava/lang/Object;)Ljava/lang/Object;+8
j  com.intellij.gradle.toolingExtension.impl.telemetry.GradleOpenTelemetry.callWithSpan(Ljava/lang/String;Ljava/util/function/Consumer;Ljava/util/function/Function;)Ljava/lang/Object;+66
j  com.intellij.gradle.toolingExtension.impl.telemetry.GradleOpenTelemetry.callWithSpan(Ljava/lang/String;Ljava/util/function/Function;)Ljava/lang/Object;+24
j  com.intellij.gradle.toolingExtension.impl.telemetry.GradleOpenTelemetry.runWithSpan(Ljava/lang/String;Ljava/util/function/Consumer;)V+24
j  com.intellij.gradle.toolingExtension.impl.modelAction.GradleModelFetchAction.lambda$executeAction$12(Lcom/intellij/gradle/toolingExtension/impl/telemetry/GradleOpenTelemetry;Lorg/gradle/tooling/BuildController;Lorg/jetbrains/plugins/gradle/model/ProjectImportModelProvider$GradleModelConsumer;Ljava/util/Collection;Lcom/intellij/gradle/toolingExtension/impl/modelAction/GradleDaemonModelHolder;Lcom/intellij/gradle/toolingExtension/modelAction/GradleModelFetchPhase;)V+23
j  com.intellij.gradle.toolingExtension.impl.modelAction.GradleModelFetchAction$$Lambda+0x000000010108fb08.accept(Ljava/lang/Object;)V+28
J 11630 c1 java.util.ArrayList.forEach(Ljava/util/function/Consumer;)V java.base@21.0.10 (74 bytes) @ 0x000001d51d0b6744 [0x000001d51d0b6520+0x0000000000000224]
j  com.intellij.gradle.toolingExtension.impl.modelAction.GradleModelFetchAction.executeAction(Lorg/gradle/tooling/BuildController;Ljava/util/concurrent/ExecutorService;Lcom/intellij/gradle/toolingExtension/impl/telemetry/GradleOpenTelemetry;Lcom/intellij/gradle/toolingExtension/impl/modelAction/GradleDaemonModelHolder;)V+79
j  com.intellij.gradle.toolingExtension.impl.modelAction.GradleModelFetchAction.lambda$doExecute$5(Lorg/gradle/tooling/BuildController;Ljava/util/concurrent/ExecutorService;Lcom/intellij/gradle/toolingExtension/impl/telemetry/GradleOpenTelemetry;Lio/opentelemetry/api/trace/Span;)V+8
j  com.intellij.gradle.toolingExtension.impl.modelAction.GradleModelFetchAction$$Lambda+0x000000010108b9b0.accept(Ljava/lang/Object;)V+20
j  com.intellij.gradle.toolingExtension.impl.telemetry.GradleOpenTelemetry.lambda$runWithSpan$1(Ljava/util/function/Consumer;Lio/opentelemetry/api/trace/Span;)Ljava/lang/Object;+2
j  com.intellij.gradle.toolingExtension.impl.telemetry.GradleOpenTelemetry$$Lambda+0x000000010108bc18.apply(Ljava/lang/Object;)Ljava/lang/Object;+8
j  com.intellij.gradle.toolingExtension.impl.telemetry.GradleOpenTelemetry.callWithSpan(Ljava/lang/String;Ljava/util/function/Consumer;Ljava/util/function/Function;)Ljava/lang/Object;+66
j  com.intellij.gradle.toolingExtension.impl.telemetry.GradleOpenTelemetry.callWithSpan(Ljava/lang/String;Ljava/util/function/Function;)Ljava/lang/Object;+24
j  com.intellij.gradle.toolingExtension.impl.telemetry.GradleOpenTelemetry.runWithSpan(Ljava/lang/String;Ljava/util/function/Consumer;)V+24
j  com.intellij.gradle.toolingExtension.impl.modelAction.GradleModelFetchAction.doExecute(Lorg/gradle/tooling/BuildController;Ljava/util/concurrent/ExecutorService;Lcom/intellij/gradle/toolingExtension/impl/telemetry/GradleOpenTelemetry;)Lcom/intellij/gradle/toolingExtension/impl/modelAction/GradleModelHolderState;+119
j  com.intellij.gradle.toolingExtension.impl.modelAction.GradleModelFetchAction.lambda$execute$1(Lorg/gradle/tooling/BuildController;Ljava/util/concurrent/ExecutorService;Lcom/intellij/gradle/toolingExtension/impl/telemetry/GradleOpenTelemetry;Lio/opentelemetry/api/trace/Span;)Lcom/intellij/gradle/toolingExtension/impl/modelAction/GradleModelHolderState;+4
j  com.intellij.gradle.toolingExtension.impl.modelAction.GradleModelFetchAction$$Lambda+0x0000000100506078.apply(Ljava/lang/Object;)Ljava/lang/Object;+20
j  com.intellij.gradle.toolingExtension.impl.telemetry.GradleOpenTelemetry.callWithSpan(Ljava/lang/String;Ljava/util/function/Consumer;Ljava/util/function/Function;)Ljava/lang/Object;+66
j  com.intellij.gradle.toolingExtension.impl.telemetry.GradleOpenTelemetry.callWithSpan(Ljava/lang/String;Ljava/util/function/Function;)Ljava/lang/Object;+24
j  com.intellij.gradle.toolingExtension.impl.modelAction.GradleModelFetchAction.lambda$execute$2(Lorg/gradle/tooling/BuildController;Ljava/util/concurrent/ExecutorService;Lcom/intellij/gradle/toolingExtension/impl/telemetry/GradleOpenTelemetry;)Lcom/intellij/gradle/toolingExtension/impl/modelAction/GradleModelHolderState;+13
j  com.intellij.gradle.toolingExtension.impl.modelAction.GradleModelFetchAction$$Lambda+0x00000001004ed6f8.apply(Ljava/lang/Object;)Ljava/lang/Object;+16
j  com.intellij.gradle.toolingExtension.impl.modelAction.GradleModelFetchAction.withOpenTelemetry(Ljava/util/function/Function;)Lcom/intellij/gradle/toolingExtension/impl/modelAction/GradleModelHolderState;+19
j  com.intellij.gradle.toolingExtension.impl.modelAction.GradleModelFetchAction.lambda$execute$3(Lorg/gradle/tooling/BuildController;Ljava/util/concurrent/ExecutorService;)Lcom/intellij/gradle/toolingExtension/impl/modelAction/GradleModelHolderState;+8
j  com.intellij.gradle.toolingExtension.impl.modelAction.GradleModelFetchAction$$Lambda+0x00000001004ecff0.apply(Ljava/lang/Object;)Ljava/lang/Object;+12
j  com.intellij.gradle.toolingExtension.impl.util.GradleExecutorServiceUtil.withSingleThreadExecutor(Ljava/lang/String;Ljava/util/function/Function;)Ljava/lang/Object;+31
j  com.intellij.gradle.toolingExtension.impl.modelAction.GradleModelFetchAction.execute(Lorg/gradle/tooling/BuildController;)Lcom/intellij/gradle/toolingExtension/impl/modelAction/GradleModelHolderState;+22
j  com.intellij.gradle.toolingExtension.impl.modelAction.GradleModelFetchAction.execute(Lorg/gradle/tooling/BuildController;)Ljava/lang/Object;+2
j  org.gradle.tooling.internal.consumer.connection.InternalBuildActionAdapter.execute(Lorg/gradle/tooling/internal/protocol/InternalBuildControllerVersion2;)Ljava/lang/Object;+11
j  org.gradle.tooling.internal.provider.runner.AbstractClientProvidedBuildActionRunner$ActionAdapter.runAction(Lorg/gradle/internal/buildtree/BuildTreeModelController;Ljava/lang/Object;Lorg/gradle/tooling/internal/protocol/PhasedActionResult$Phase;)Lorg/gradle/tooling/internal/provider/serialization/SerializedPayload;+39
j  org.gradle.tooling.internal.provider.runner.AbstractClientProvidedBuildActionRunner$ActionAdapter.fromBuildModel(Lorg/gradle/internal/buildtree/BuildTreeModelController;)Lorg/gradle/tooling/internal/provider/runner/AbstractClientProvidedBuildActionRunner$ActionResults;+15
j  org.gradle.tooling.internal.provider.runner.AbstractClientProvidedBuildActionRunner$ActionAdapter.fromBuildModel(Lorg/gradle/internal/buildtree/BuildTreeModelController;)Ljava/lang/Object;+2
j  org.gradle.internal.buildtree.DefaultBuildTreeModelCreator.fromBuildModel(Lorg/gradle/internal/buildtree/BuildTreeModelAction;)Ljava/lang/Object;+10
j  org.gradle.internal.buildtree.DefaultBuildTreeLifecycleController.lambda$fromBuildModel$2(Lorg/gradle/internal/buildtree/BuildTreeModelAction;Z)Lorg/gradle/internal/build/ExecutionResult;+57
j  org.gradle.internal.buildtree.DefaultBuildTreeLifecycleController$$Lambda+0x00000001004c5c88.get()Ljava/lang/Object;+12
j  org.gradle.internal.buildtree.DefaultBuildTreeLifecycleController.lambda$runBuild$4(Ljava/util/function/Supplier;)Ljava/lang/Object;+1
j  org.gradle.internal.buildtree.DefaultBuildTreeLifecycleController$$Lambda+0x00000001004c5ee0.get()Ljava/lang/Object;+8
j  org.gradle.internal.model.StateTransitionController.lambda$transition$6(Ljava/util/function/Supplier;)Lorg/gradle/internal/build/ExecutionResult;+1
j  org.gradle.internal.model.StateTransitionController$$Lambda+0x00000001004c6390.get()Ljava/lang/Object;+4
j  org.gradle.internal.model.StateTransitionController.doTransition(Lorg/gradle/internal/model/StateTransitionController$State;Lorg/gradle/internal/model/StateTransitionController$State;Ljava/util/function/Supplier;)Lorg/gradle/internal/build/ExecutionResult;+24
j  org.gradle.internal.model.StateTransitionController.lambda$transition$7(Lorg/gradle/internal/model/StateTransitionController$State;Lorg/gradle/internal/model/StateTransitionController$State;Ljava/util/function/Supplier;)Ljava/lang/Object;+9
j  org.gradle.internal.model.StateTransitionController$$Lambda+0x00000001004c6138.create()Ljava/lang/Object;+16
j  org.gradle.internal.work.DefaultSynchronizer.withLock(Lorg/gradle/internal/Factory;)Ljava/lang/Object;+6
j  org.gradle.internal.model.StateTransitionController.transition(Lorg/gradle/internal/model/StateTransitionController$State;Lorg/gradle/internal/model/StateTransitionController$State;Ljava/util/function/Supplier;)Ljava/lang/Object;+13
j  org.gradle.internal.buildtree.DefaultBuildTreeLifecycleController.runBuild(Ljava/util/function/Supplier;)Ljava/lang/Object;+17
j  org.gradle.internal.buildtree.DefaultBuildTreeLifecycleController.fromBuildModel(ZLorg/gradle/internal/buildtree/BuildTreeModelAction;)Ljava/lang/Object;+9
j  org.gradle.tooling.internal.provider.runner.AbstractClientProvidedBuildActionRunner.runClientAction(Lorg/gradle/tooling/internal/provider/runner/AbstractClientProvidedBuildActionRunner$ClientAction;Lorg/gradle/internal/buildtree/BuildTreeLifecycleController;)Lorg/gradle/internal/buildtree/BuildActionRunner$Result;+22
j  org.gradle.tooling.internal.provider.runner.ClientProvidedPhasedActionRunner.run(Lorg/gradle/internal/invocation/BuildAction;Lorg/gradle/internal/buildtree/BuildTreeLifecycleController;)Lorg/gradle/internal/buildtree/BuildActionRunner$Result;+45
j  org.gradle.launcher.exec.ChainingBuildActionRunner.run(Lorg/gradle/internal/invocation/BuildAction;Lorg/gradle/internal/buildtree/BuildTreeLifecycleController;)Lorg/gradle/internal/buildtree/BuildActionRunner$Result;+34
j  org.gradle.internal.buildtree.ProblemReportingBuildActionRunner.run(Lorg/gradle/internal/invocation/BuildAction;Lorg/gradle/internal/buildtree/BuildTreeLifecycleController;)Lorg/gradle/internal/buildtree/BuildActionRunner$Result;+12
j  org.gradle.launcher.exec.BuildOutcomeReportingBuildActionRunner.run(Lorg/gradle/internal/invocation/BuildAction;Lorg/gradle/internal/buildtree/BuildTreeLifecycleController;)Lorg/gradle/internal/buildtree/BuildActionRunner$Result;+69
j  org.gradle.tooling.internal.provider.FileSystemWatchingBuildActionRunner.run(Lorg/gradle/internal/invocation/BuildAction;Lorg/gradle/internal/buildtree/BuildTreeLifecycleController;)Lorg/gradle/internal/buildtree/BuildActionRunner$Result;+335
j  org.gradle.launcher.exec.BuildCompletionNotifyingBuildActionRunner.run(Lorg/gradle/internal/invocation/BuildAction;Lorg/gradle/internal/buildtree/BuildTreeLifecycleController;)Lorg/gradle/internal/buildtree/BuildActionRunner$Result;+6
j  org.gradle.launcher.exec.RootBuildLifecycleBuildActionExecutor.lambda$execute$0(Lorg/gradle/internal/invocation/BuildAction;Lorg/gradle/internal/buildtree/BuildTreeLifecycleController;)Lorg/gradle/internal/buildtree/BuildActionRunner$Result;+6
j  org.gradle.launcher.exec.RootBuildLifecycleBuildActionExecutor$$Lambda+0x000000010048f720.apply(Ljava/lang/Object;)Ljava/lang/Object;+12
j  org.gradle.composite.internal.DefaultRootBuildState.run(Ljava/util/function/Function;)Ljava/lang/Object;+87
j  org.gradle.launcher.exec.RootBuildLifecycleBuildActionExecutor.execute(Lorg/gradle/internal/invocation/BuildAction;Lorg/gradle/internal/buildtree/BuildTreeContext;)Lorg/gradle/internal/buildtree/BuildActionRunner$Result;+28
j  org.gradle.internal.buildtree.InitDeprecationLoggingActionExecutor.execute(Lorg/gradle/internal/invocation/BuildAction;Lorg/gradle/internal/buildtree/BuildTreeContext;)Lorg/gradle/internal/buildtree/BuildActionRunner$Result;+83
j  org.gradle.internal.buildtree.InitProblems.execute(Lorg/gradle/internal/invocation/BuildAction;Lorg/gradle/internal/buildtree/BuildTreeContext;)Lorg/gradle/internal/buildtree/BuildActionRunner$Result;+13
j  org.gradle.internal.buildtree.DefaultBuildTreeContext.execute(Lorg/gradle/internal/invocation/BuildAction;)Lorg/gradle/internal/buildtree/BuildActionRunner$Result;+64
j  org.gradle.launcher.exec.BuildTreeLifecycleBuildActionExecutor.lambda$execute$0(Lorg/gradle/internal/invocation/BuildAction;Lorg/gradle/internal/buildtree/BuildTreeContext;)Lorg/gradle/internal/buildtree/BuildActionRunner$Result;+2
j  org.gradle.launcher.exec.BuildTreeLifecycleBuildActionExecutor$$Lambda+0x00000001003c5d70.apply(Ljava/lang/Object;)Ljava/lang/Object;+8
j  org.gradle.internal.buildtree.BuildTreeState.run(Ljava/util/function/Function;)Ljava/lang/Object;+45
j  org.gradle.launcher.exec.BuildTreeLifecycleBuildActionExecutor.execute(Lorg/gradle/internal/invocation/BuildAction;Lorg/gradle/internal/session/BuildSessionContext;)Lorg/gradle/internal/buildtree/BuildActionRunner$Result;+74
j  org.gradle.launcher.exec.RunAsBuildOperationBuildActionExecutor$3.call(Lorg/gradle/internal/operations/BuildOperationContext;)Lorg/gradle/internal/buildtree/BuildActionRunner$Result;+25
j  org.gradle.launcher.exec.RunAsBuildOperationBuildActionExecutor$3.call(Lorg/gradle/internal/operations/BuildOperationContext;)Ljava/lang/Object;+2
j  org.gradle.internal.operations.DefaultBuildOperationRunner$CallableBuildOperationWorker.execute(Lorg/gradle/internal/operations/CallableBuildOperation;Lorg/gradle/internal/operations/BuildOperationContext;)V+3
j  org.gradle.internal.operations.DefaultBuildOperationRunner$CallableBuildOperationWorker.execute(Lorg/gradle/internal/operations/BuildOperation;Lorg/gradle/internal/operations/BuildOperationContext;)V+6
j  org.gradle.internal.operations.DefaultBuildOperationRunner$2.execute(Lorg/gradle/internal/operations/BuildOperationDescriptor;Lorg/gradle/internal/operations/BuildOperationState;Lorg/gradle/internal/operations/BuildOperationState;Lorg/gradle/internal/operations/DefaultBuildOperationRunner$ReadableBuildOperationContext;Lorg/gradle/internal/operations/DefaultBuildOperationRunner$BuildOperationExecutionListener;)Lorg/gradle/internal/operations/BuildOperation;+22
j  org.gradle.internal.operations.DefaultBuildOperationRunner$2.execute(Lorg/gradle/internal/operations/BuildOperationDescriptor;Lorg/gradle/internal/operations/BuildOperationState;Lorg/gradle/internal/operations/BuildOperationState;Lorg/gradle/internal/operations/DefaultBuildOperationRunner$ReadableBuildOperationContext;Lorg/gradle/internal/operations/DefaultBuildOperationRunner$BuildOperationExecutionListener;)Ljava/lang/Object;+8
j  org.gradle.internal.operations.DefaultBuildOperationRunner.execute(Lorg/gradle/internal/operations/BuildOperationDescriptor$Builder;Lorg/gradle/internal/operations/BuildOperationState;Lorg/gradle/internal/operations/DefaultBuildOperationRunner$BuildOperationExecution;)Ljava/lang/Object;+141
j  org.gradle.internal.operations.DefaultBuildOperationRunner.execute(Lorg/gradle/internal/operations/BuildOperation;Lorg/gradle/internal/operations/BuildOperationWorker;Lorg/gradle/internal/operations/BuildOperationState;)V+18
j  org.gradle.internal.operations.DefaultBuildOperationRunner.call(Lorg/gradle/internal/operations/CallableBuildOperation;)Ljava/lang/Object;+16
j  org.gradle.internal.operations.DefaultBuildOperationExecutor.call(Lorg/gradle/internal/operations/CallableBuildOperation;)Ljava/lang/Object;+5
j  org.gradle.launcher.exec.RunAsBuildOperationBuildActionExecutor.execute(Lorg/gradle/internal/invocation/BuildAction;Lorg/gradle/internal/session/BuildSessionContext;)Lorg/gradle/internal/buildtree/BuildActionRunner$Result;+23
j  org.gradle.launcher.exec.RunAsWorkerThreadBuildActionExecutor.lambda$execute$0(Lorg/gradle/internal/invocation/BuildAction;Lorg/gradle/internal/session/BuildSessionContext;)Lorg/gradle/internal/buildtree/BuildActionRunner$Result;+6
j  org.gradle.launcher.exec.RunAsWorkerThreadBuildActionExecutor$$Lambda+0x0000000100398000.create()Ljava/lang/Object;+12
j  org.gradle.internal.work.DefaultWorkerLeaseService.withLocks(Ljava/util/Collection;Lorg/gradle/internal/Factory;)Ljava/lang/Object;+28
j  org.gradle.internal.work.DefaultWorkerLeaseService.runAsWorkerThread(Lorg/gradle/internal/Factory;)Ljava/lang/Object;+33
j  org.gradle.launcher.exec.RunAsWorkerThreadBuildActionExecutor.execute(Lorg/gradle/internal/invocation/BuildAction;Lorg/gradle/internal/session/BuildSessionContext;)Lorg/gradle/internal/buildtree/BuildActionRunner$Result;+12
j  org.gradle.tooling.internal.provider.continuous.ContinuousBuildActionExecutor.execute(Lorg/gradle/internal/invocation/BuildAction;Lorg/gradle/internal/session/BuildSessionContext;)Lorg/gradle/internal/buildtree/BuildActionRunner$Result;+58
j  org.gradle.tooling.internal.provider.SubscribableBuildActionExecutor.execute(Lorg/gradle/internal/invocation/BuildAction;Lorg/gradle/internal/session/BuildSessionContext;)Lorg/gradle/internal/buildtree/BuildActionRunner$Result;+30
j  org.gradle.internal.session.DefaultBuildSessionContext.execute(Lorg/gradle/internal/invocation/BuildAction;)Lorg/gradle/internal/buildtree/BuildActionRunner$Result;+64
j  org.gradle.tooling.internal.provider.BuildSessionLifecycleBuildActionExecuter$ActionImpl.apply(Lorg/gradle/internal/session/BuildSessionContext;)Lorg/gradle/launcher/exec/BuildActionResult;+6
j  org.gradle.tooling.internal.provider.BuildSessionLifecycleBuildActionExecuter$ActionImpl.apply(Ljava/lang/Object;)Ljava/lang/Object;+5
j  org.gradle.internal.session.BuildSessionState.run(Ljava/util/function/Function;)Ljava/lang/Object;+5
j  org.gradle.tooling.internal.provider.BuildSessionLifecycleBuildActionExecuter.execute(Lorg/gradle/internal/invocation/BuildAction;Lorg/gradle/launcher/exec/BuildActionParameters;Lorg/gradle/initialization/BuildRequestContext;)Lorg/gradle/launcher/exec/BuildActionResult;+95
j  org.gradle.tooling.internal.provider.BuildSessionLifecycleBuildActionExecuter.execute(Lorg/gradle/internal/invocation/BuildAction;Ljava/lang/Object;Ljava/lang/Object;)Lorg/gradle/launcher/exec/BuildActionResult;+10
j  org.gradle.tooling.internal.provider.StartParamsValidatingActionExecuter.execute(Lorg/gradle/internal/invocation/BuildAction;Lorg/gradle/launcher/exec/BuildActionParameters;Lorg/gradle/initialization/BuildRequestContext;)Lorg/gradle/launcher/exec/BuildActionResult;+203
j  org.gradle.tooling.internal.provider.StartParamsValidatingActionExecuter.execute(Lorg/gradle/internal/invocation/BuildAction;Ljava/lang/Object;Ljava/lang/Object;)Lorg/gradle/launcher/exec/BuildActionResult;+10
j  org.gradle.tooling.internal.provider.SessionFailureReportingActionExecuter.execute(Lorg/gradle/internal/invocation/BuildAction;Lorg/gradle/launcher/exec/BuildActionParameters;Lorg/gradle/initialization/BuildRequestContext;)Lorg/gradle/launcher/exec/BuildActionResult;+7
j  org.gradle.tooling.internal.provider.SessionFailureReportingActionExecuter.execute(Lorg/gradle/internal/invocation/BuildAction;Ljava/lang/Object;Ljava/lang/Object;)Lorg/gradle/launcher/exec/BuildActionResult;+10
j  org.gradle.tooling.internal.provider.SetupLoggingActionExecuter.execute(Lorg/gradle/internal/invocation/BuildAction;Lorg/gradle/launcher/exec/BuildActionParameters;Lorg/gradle/initialization/BuildRequestContext;)Lorg/gradle/launcher/exec/BuildActionResult;+50
j  org.gradle.tooling.internal.provider.SetupLoggingActionExecuter.execute(Lorg/gradle/internal/invocation/BuildAction;Ljava/lang/Object;Ljava/lang/Object;)Lorg/gradle/launcher/exec/BuildActionResult;+10
j  org.gradle.launcher.daemon.server.exec.ExecuteBuild.doBuild(Lorg/gradle/launcher/daemon/server/api/DaemonCommandExecution;Lorg/gradle/launcher/daemon/protocol/Build;)V+117
j  org.gradle.launcher.daemon.server.exec.BuildCommandOnly.execute(Lorg/gradle/launcher/daemon/server/api/DaemonCommandExecution;)V+49
j  org.gradle.launcher.daemon.server.api.DaemonCommandExecution.proceed()Z+23
j  org.gradle.launcher.daemon.server.exec.WatchForDisconnection.execute(Lorg/gradle/launcher/daemon/server/api/DaemonCommandExecution;)V+19
j  org.gradle.launcher.daemon.server.api.DaemonCommandExecution.proceed()Z+23
j  org.gradle.launcher.daemon.server.exec.ResetDeprecationLogger.execute(Lorg/gradle/launcher/daemon/server/api/DaemonCommandExecution;)V+7
j  org.gradle.launcher.daemon.server.api.DaemonCommandExecution.proceed()Z+23
j  org.gradle.launcher.daemon.server.exec.RequestStopIfSingleUsedDaemon.execute(Lorg/gradle/launcher/daemon/server/api/DaemonCommandExecution;)V+33
j  org.gradle.launcher.daemon.server.api.DaemonCommandExecution.proceed()Z+23
j  org.gradle.launcher.daemon.server.exec.ForwardClientInput$2.create()Ljava/lang/Void;+4
j  org.gradle.launcher.daemon.server.exec.ForwardClientInput$2.create()Ljava/lang/Object;+1
j  org.gradle.util.internal.Swapper.swap(Ljava/lang/Object;Lorg/gradle/internal/Factory;)Ljava/lang/Object;+21
j  org.gradle.launcher.daemon.server.exec.ForwardClientInput.execute(Lorg/gradle/launcher/daemon/server/api/DaemonCommandExecution;)V+63
j  org.gradle.launcher.daemon.server.api.DaemonCommandExecution.proceed()Z+23
j  org.gradle.launcher.daemon.server.exec.LogAndCheckHealth.execute(Lorg/gradle/launcher/daemon/server/api/DaemonCommandExecution;)V+51
j  org.gradle.launcher.daemon.server.api.DaemonCommandExecution.proceed()Z+23
j  org.gradle.launcher.daemon.server.exec.LogToClient.doBuild(Lorg/gradle/launcher/daemon/server/api/DaemonCommandExecution;Lorg/gradle/launcher/daemon/protocol/Build;)V+87
j  org.gradle.launcher.daemon.server.exec.BuildCommandOnly.execute(Lorg/gradle/launcher/daemon/server/api/DaemonCommandExecution;)V+49
j  org.gradle.launcher.daemon.server.api.DaemonCommandExecution.proceed()Z+23
j  org.gradle.launcher.daemon.server.exec.EstablishBuildEnvironment.doBuild(Lorg/gradle/launcher/daemon/server/api/DaemonCommandExecution;Lorg/gradle/launcher/daemon/protocol/Build;)V+356
j  org.gradle.launcher.daemon.server.exec.BuildCommandOnly.execute(Lorg/gradle/launcher/daemon/server/api/DaemonCommandExecution;)V+49
j  org.gradle.launcher.daemon.server.api.DaemonCommandExecution.proceed()Z+23
j  org.gradle.launcher.daemon.server.exec.StartBuildOrRespondWithBusy$1.run()V+44
j  org.gradle.launcher.daemon.server.DaemonStateCoordinator$1.run()V+4
j  org.gradle.internal.concurrent.ExecutorPolicy$CatchAndRecordFailures.onExecute(Ljava/lang/Runnable;)V+1
j  org.gradle.internal.concurrent.AbstractManagedExecutor$1.run()V+25
j  java.util.concurrent.ThreadPoolExecutor.runWorker(Ljava/util/concurrent/ThreadPoolExecutor$Worker;)V+92 java.base@21.0.10
j  java.util.concurrent.ThreadPoolExecutor$Worker.run()V+5 java.base@21.0.10
j  java.lang.Thread.runWith(Ljava/lang/Object;Ljava/lang/Runnable;)V+5 java.base@21.0.10
j  java.lang.Thread.run()V+19 java.base@21.0.10
v  ~StubRoutines::call_stub 0x000001d5238f100d
getstatic  178 getstatic  [0x000001d523907220, 0x000001d523907418]  504 bytes
[MachCode]
  0x000001d523907220: 4883 ec08 | c5fa 1104 | 24eb 1f48 | 83ec 10c5 | fb11 0424 | eb14 4883 | ec10 4889 | 0424 48c7 
  0x000001d523907240: 4424 0800 | 0000 00eb | 0150 410f | b755 0148 | 8b4d d0c1 | e202 8b5c | d138 c1eb | 1081 e3ff 
  0x000001d523907260: 0000 0081 | fbb2 0000 | 000f 84b4 | 0000 00bb | b200 0000 | e805 0000 | 00e9 9900 | 0000 488b 
  0x000001d523907280: d348 8d44 | 2408 4c89 | 6dc0 498b | cfc5 f877 | 4989 afb0 | 0300 0049 | 8987 a003 | 0000 4883 
  0x000001d5239072a0: ec20 40f6 | c40f 0f84 | 1900 0000 | 4883 ec08 | 48b8 90c6 | 5ea4 fb7f | 0000 ffd0 | 4883 c408 
  0x000001d5239072c0: e90c 0000 | 0048 b890 | c65e a4fb | 7f00 00ff | d048 83c4 | 2049 c787 | a003 0000 | 0000 0000 
  0x000001d5239072e0: 49c7 87b0 | 0300 0000 | 0000 0049 | c787 a803 | 0000 0000 | 0000 c5f8 | 7749 837f | 0800 0f84 
  0x000001d523907300: 0500 0000 | e9f7 9bfe | ff4c 8b6d | c04c 8b75 | c84e 8d74 | f500 c341 | 0fb7 5501 | 488b 4dd0 
  0x000001d523907320: c1e2 0248 | 8b5c d148 | 8b44 d150 | 4c8b 4cd1 | 404d 8b49 | 704d 8b09 | c1e8 1c83 | e00f 0f85 
  0x000001d523907340: 0b00 0000 | 410f be04 | 1950 e9b1 | 0000 0083 | f801 0f85 | 0b00 0000 | 410f b604 | 1950 e99d 
  0x000001d523907360: 0000 0083 | f808 0f85 | 0a00 0000 | 418b 0419 | 50e9 8a00 | 0000 83f8 | 040f 850a | 0000 0041 
  0x000001d523907380: 8b04 1950 | e977 0000 | 0083 f802 | 0f85 0b00 | 0000 410f | b704 1950 | e963 0000 | 0083 f803 
  0x000001d5239073a0: 0f85 0b00 | 0000 410f | bf04 1950 | e94f 0000 | 0083 f805 | 0f85 1a00 | 0000 498b | 0419 4883 
  0x000001d5239073c0: ec10 4889 | 0424 48c7 | 4424 0800 | 0000 00e9 | 2c00 0000 | 83f8 060f | 8514 0000 | 00c4 c17a 
  0x000001d5239073e0: 1004 1948 | 83ec 08c5 | fa11 0424 | e90f 0000 | 00c4 c17b | 1004 1948 | 83ec 10c5 | fb11 0424 
  0x000001d523907400: 410f b65d | 0349 83c5 | 0349 ba90 | cedd a4fb | 7f00 0041 | ff24 da90 
[/MachCode]

Compiled method (n/a) 114967 1807     n 0       jdk.internal.misc.Unsafe::ensureClassInitialized0 (native)
 total in heap  [0x000001d523f79f90,0x000001d523f7a340] = 944
 relocation     [0x000001d523f7a0f0,0x000001d523f7a120] = 48
 main code      [0x000001d523f7a120,0x000001d523f7a33a] = 538
 stub code      [0x000001d523f7a33a,0x000001d523f7a340] = 6

[Constant Pool (empty)]

[MachCode]
[Entry Point]
  # {method} {0x000001d5300ebab8} 'ensureClassInitialized0' '(Ljava/lang/Class;)V' in 'jdk/internal/misc/Unsafe'
  # this:     rdx:rdx   = 'jdk/internal/misc/Unsafe'
  # parm0:    r8:r8     = 'java/lang/Class'
  #           [sp+0x70]  (sp of caller)
  0x000001d523f7a120: 448b 5208 | 49c1 e203 | 493b c20f | 8407 0000 

  0x000001d523f7a130: ;   {runtime_call ic_miss_stub}
  0x000001d523f7a130: 00e9 4a46 | 9cff 6690 
[Verified Entry Point]
  0x000001d523f7a138: 8984 2400 | 80ff ff55 | 488b ec48 | 83ec 6090 | 4181 7f20 | 5500 0000 

  0x000001d523f7a150: ;   {runtime_call StubRoutines (final stubs)}
  0x000001d523f7a150: 7405 e8a9 | 159b ff4c | 8944 2428 | 4983 f800 | 4c8d 4424 | 284c 0f44 | 4424 2848 | 8954 2420 
  0x000001d523f7a170: 4883 fa00 | 488d 5424 | 2048 0f44 | 5424 20c5 

  0x000001d523f7a180: ;   {internal_word}
  0x000001d523f7a180: f877 49ba | 7fa1 f723 | d501 0000 | 4d89 97a8 | 0300 0049 | 89a7 a003 

  0x000001d523f7a198: ;   {external_word}
  0x000001d523f7a198: 0000 49ba | a8fa daa4 | fb7f 0000 | 4180 3a00 | 0f84 4a00 | 0000 5241 

  0x000001d523f7a1b0: ;   {metadata({method} {0x000001d5300ebab8} 'ensureClassInitialized0' '(Ljava/lang/Class;)V' in 'jdk/internal/misc/Unsafe')}
  0x000001d523f7a1b0: 5048 bab0 | ba0e 30d5 | 0100 0049 | 8bcf 4883 | ec20 40f6 | c40f 0f84 | 1900 0000 | 4883 ec08 
  0x000001d523f7a1d0: ;   {runtime_call}
  0x000001d523f7a1d0: 48b8 30e9 | 94a4 fb7f | 0000 ffd0 | 4883 c408 | e90c 0000 

  0x000001d523f7a1e4: ;   {runtime_call}
  0x000001d523f7a1e4: 0048 b830 | e994 a4fb | 7f00 00ff | d048 83c4 | 2041 585a | 498d 8fc0 | 0300 0041 | c787 4c04 
  0x000001d523f7a204: 0000 0400 

  0x000001d523f7a208: ;   {runtime_call}
  0x000001d523f7a208: 0000 48b8 | 903b a4a4 | fb7f 0000 | ffd0 c5f8 | 7741 c787 | 4c04 0000 | 0500 0000 | f083 4424 
  0x000001d523f7a228: c000 493b | af50 0400 | 000f 870e | 0000 0041 | 83bf 4804 | 0000 000f | 8423 0000 | 00c5 f877 
  0x000001d523f7a248: 498b cf4c | 8be4 4883 | ec20 4883 

  0x000001d523f7a254: ;   {runtime_call}
  0x000001d523f7a254: e4f0 48b8 | e01e 60a4 | fb7f 0000 | ffd0 498b | e44d 33e4 | 41c7 874c | 0400 0008 | 0000 0041 
  0x000001d523f7a274: 83bf c804 | 0000 020f | 8494 0000 

  0x000001d523f7a280: ;   {external_word}
  0x000001d523f7a280: 0049 baa8 | fada a4fb | 7f00 0041 | 803a 000f | 8444 0000 

  0x000001d523f7a294: ;   {metadata({method} {0x000001d5300ebab8} 'ensureClassInitialized0' '(Ljava/lang/Class;)V' in 'jdk/internal/misc/Unsafe')}
  0x000001d523f7a294: 0048 bab0 | ba0e 30d5 | 0100 0049 | 8bcf 4883 | ec20 40f6 | c40f 0f84 | 1900 0000 | 4883 ec08 
  0x000001d523f7a2b4: ;   {runtime_call}
  0x000001d523f7a2b4: 48b8 30e9 | 94a4 fb7f | 0000 ffd0 | 4883 c408 | e90c 0000 

  0x000001d523f7a2c8: ;   {runtime_call}
  0x000001d523f7a2c8: 0048 b830 | e994 a4fb | 7f00 00ff | d048 83c4 | 2049 c787 | a003 0000 | 0000 0000 | 49c7 87a8 
  0x000001d523f7a2e8: 0300 0000 | 0000 00c5 | f877 498b | 8f30 0400 | 00c7 8100 | 0100 0000 | 0000 00c9 | 4983 7f08 
  0x000001d523f7a308: 000f 8501 | 0000 00c3 

  0x000001d523f7a310: ;   {runtime_call StubRoutines (initial stubs)}
  0x000001d523f7a310: e9eb 6b97 | ffc5 f877 | 4c8b e448 | 83ec 2048 

  0x000001d523f7a320: ;   {runtime_call}
  0x000001d523f7a320: 83e4 f048 | b880 2095 | a4fb 7f00 | 00ff d049 | 8be4 4d33 | e4e9 47ff | ffff f4f4 | f4f4 f4f4 
[/MachCode]


Compiled method (c1) 114976 3674   !   3       jdk.internal.reflect.MethodHandleAccessorFactory::newConstructorAccessor (84 bytes)
 total in heap  [0x000001d51c40b390,0x000001d51c40d398] = 8200
 relocation     [0x000001d51c40b4f0,0x000001d51c40b6f0] = 512
 main code      [0x000001d51c40b700,0x000001d51c40c9e0] = 4832
 stub code      [0x000001d51c40c9e0,0x000001d51c40cad0] = 240
 oops           [0x000001d51c40cad0,0x000001d51c40cae0] = 16
 metadata       [0x000001d51c40cae0,0x000001d51c40cb88] = 168
 scopes data    [0x000001d51c40cb88,0x000001d51c40ce50] = 712
 scopes pcs     [0x000001d51c40ce50,0x000001d51c40d190] = 832
 dependencies   [0x000001d51c40d190,0x000001d51c40d1c8] = 56
 handler table  [0x000001d51c40d1c8,0x000001d51c40d348] = 384
 nul chk table  [0x000001d51c40d348,0x000001d51c40d398] = 80

[Constant Pool (empty)]

[MachCode]
[Verified Entry Point]
  # {method} {0x000001d53020c1c0} 'newConstructorAccessor' '(Ljava/lang/reflect/Constructor;)Ljdk/internal/reflect/ConstructorAccessorImpl;' in 'jdk/internal/reflect/MethodHandleAccessorFactory'
  # parm0:    rdx:rdx   = 'java/lang/reflect/Constructor'
  #           [sp+0xf0]  (sp of caller)
  0x000001d51c40b700: 8984 2400 | 80ff ff55 | 4881 ece0 | 0000 0090 | 4181 7f20 | 5500 0000 

  0x000001d51c40b718: ;   {runtime_call StubRoutines (final stubs)}
  0x000001d51c40b718: 7405 e8e1 | ff51 0748 | 8994 2488 

  0x000001d51c40b724: ;   {metadata(method data for {method} {0x000001d53020c1c0} 'newConstructorAccessor' '(Ljava/lang/reflect/Constructor;)Ljdk/internal/reflect/ConstructorAccessorImpl;' in 'jdk/internal/reflect/MethodHandleAccessorFactory')}
  0x000001d51c40b724: 0000 0048 | be58 c076 | 31d5 0100 | 008b becc | 0000 0083 | c702 89be | cc00 0000 | 81e7 fe07 
  0x000001d51c40b744: 0000 85ff | 0f84 830e 

  0x000001d51c40b74c: ;   {metadata(method data for {method} {0x000001d53020c1c0} 'newConstructorAccessor' '(Ljava/lang/reflect/Constructor;)Ljdk/internal/reflect/ConstructorAccessorImpl;' in 'jdk/internal/reflect/MethodHandleAccessorFactory')}
  0x000001d51c40b74c: 0000 48be | 58c0 7631 | d501 0000 | 4883 8610 | 0100 0001 | 488b f248 

  0x000001d51c40b764: ;   {static_call}
  0x000001d51c40b764: 8bd6 90e8 

  0x000001d51c40b768: ; ImmutableOopMap {[136]=Oop }
                      ;*invokestatic useNativeAccessor {reexecute=0 rethrow=0 return_oop=0}
                      ; - jdk.internal.reflect.MethodHandleAccessorFactory::newConstructorAccessor@1
  0x000001d51c40b768: 74bb 5b00 

  0x000001d51c40b76c: ;   {other}
  0x000001d51c40b76c: 0f1f 8400 | dc03 0000 

  0x000001d51c40b774: ;   {metadata(method data for {method} {0x000001d53020c1c0} 'newConstructorAccessor' '(Ljava/lang/reflect/Constructor;)Ljdk/internal/reflect/ConstructorAccessorImpl;' in 'jdk/internal/reflect/MethodHandleAccessorFactory')}
  0x000001d51c40b774: 85c0 49b8 | 58c0 7631 | d501 0000 | 48c7 c230 | 0100 0075 | 0748 c7c2 | 2001 0000 | 498b 3410 
  0x000001d51c40b794: 488d 7601 | 4989 3410 | 0f85 ac0a | 0000 488b | 9424 8800 | 0000 483b | 024c 8bc2 

  0x000001d51c40b7b0: ;   {metadata(method data for {method} {0x000001d53020c1c0} 'newConstructorAccessor' '(Ljava/lang/reflect/Constructor;)Ljdk/internal/reflect/ConstructorAccessorImpl;' in 'jdk/internal/reflect/MethodHandleAccessorFactory')}
  0x000001d51c40b7b0: 48be 58c0 | 7631 d501 | 0000 4883 | 8650 0100 | 0001 8b72 | 2448 89b4 | 2490 0000 

  0x000001d51c40b7cc: ;   {metadata(method data for {method} {0x000001d53020c1c0} 'newConstructorAccessor' '(Ljava/lang/reflect/Constructor;)Ljdk/internal/reflect/ConstructorAccessorImpl;' in 'jdk/internal/reflect/MethodHandleAccessorFactory')}
  0x000001d51c40b7cc: 0049 b858 | c076 31d5 | 0100 0049 | 8380 8801 

  0x000001d51c40b7dc: ;   {metadata(method data for {method} {0x000001d53020cc88} 'ensureClassInitialized' '(Ljava/lang/Class;)V' in 'jdk/internal/reflect/MethodHandleAccessorFactory')}
  0x000001d51c40b7dc: 0000 0149 | b8f8 033e | 31d5 0100 | 0041 8bb8 | cc00 0000 | 83c7 0241 | 89b8 cc00 | 0000 81e7 
  0x000001d51c40b7fc: feff 1f00 | 85ff 0f84 | ef0d 0000 

  0x000001d51c40b808: ;   {oop(a 'jdk/internal/misc/Unsafe'{0x00000000c0120140})}
  0x000001d51c40b808: 49b8 4001 | 12c0 0000 

  0x000001d51c40b810: ;   {metadata(method data for {method} {0x000001d53020cc88} 'ensureClassInitialized' '(Ljava/lang/Class;)V' in 'jdk/internal/reflect/MethodHandleAccessorFactory')}
  0x000001d51c40b810: 0000 48bf | f803 3e31 | d501 0000 | 4883 8710 | 0100 0001 

  0x000001d51c40b824: ;   {metadata(method data for {method} {0x000001d5300db2d0} 'shouldBeInitialized' '(Ljava/lang/Class;)Z' in 'jdk/internal/misc/Unsafe')}
  0x000001d51c40b824: 49b8 6899 | 1f31 d501 | 0000 418b | b8cc 0000 | 0083 c702 | 4189 b8cc | 0000 0081 | e7fe ff1f 
  0x000001d51c40b844: 0085 ff0f | 84cb 0d00 | 0048 85f6 

  0x000001d51c40b850: ;   {metadata(method data for {method} {0x000001d5300db2d0} 'shouldBeInitialized' '(Ljava/lang/Class;)Z' in 'jdk/internal/misc/Unsafe')}
  0x000001d51c40b850: 49b8 6899 | 1f31 d501 | 0000 48c7 | c720 0100 | 0074 0748 | c7c7 1001 | 0000 498b | 1c38 488d 
  0x000001d51c40b870: 5b01 4989 | 1c38 0f84 | 150c 0000 

  0x000001d51c40b87c: ;   {oop(a 'jdk/internal/misc/Unsafe'{0x00000000c0120140})}
  0x000001d51c40b87c: 48bf 4001 | 12c0 0000 | 0000 4c8b 

  0x000001d51c40b888: ;   {metadata(method data for {method} {0x000001d5300db2d0} 'shouldBeInitialized' '(Ljava/lang/Class;)Z' in 'jdk/internal/misc/Unsafe')}
  0x000001d51c40b888: c748 bb68 | 991f 31d5 | 0100 0048 | 8383 4001 | 0000 014c | 8bc6 488b | d766 0f1f 

  0x000001d51c40b8a4: ;   {optimized virtual_call}
  0x000001d51c40b8a4: 4400 00e8 

  0x000001d51c40b8a8: ; ImmutableOopMap {[136]=Oop [144]=Oop }
                      ;*invokevirtual shouldBeInitialized0 {reexecute=0 rethrow=0 return_oop=0}
                      ; - jdk.internal.misc.Unsafe::shouldBeInitialized@14
                      ; - jdk.internal.reflect.MethodHandleAccessorFactory::ensureClassInitialized@4
                      ; - jdk.internal.reflect.MethodHandleAccessorFactory::newConstructorAccessor@16
  0x000001d51c40b8a8: 0c68 b607 

  0x000001d51c40b8ac: ;   {other}
  0x000001d51c40b8ac: 0f1f 8400 | 1c05 0001 | 83e0 0185 

  0x000001d51c40b8b8: ;   {metadata(method data for {method} {0x000001d53020cc88} 'ensureClassInitialized' '(Ljava/lang/Class;)V' in 'jdk/internal/reflect/MethodHandleAccessorFactory')}
  0x000001d51c40b8b8: c049 b8f8 | 033e 31d5 | 0100 0048 | c7c2 4801 | 0000 7407 | 48c7 c258 | 0100 0049 | 8b34 1048 
  0x000001d51c40b8d8: 8d76 0149 | 8934 100f | 84af 0000 | 0048 8bb4 | 2490 0000 

  0x000001d51c40b8ec: ;   {oop(a 'jdk/internal/misc/Unsafe'{0x00000000c0120140})}
  0x000001d51c40b8ec: 0049 b840 | 0112 c000 

  0x000001d51c40b8f4: ;   {metadata(method data for {method} {0x000001d53020cc88} 'ensureClassInitialized' '(Ljava/lang/Class;)V' in 'jdk/internal/reflect/MethodHandleAccessorFactory')}
  0x000001d51c40b8f4: 0000 0048 | baf8 033e | 31d5 0100 | 0048 8382 | 6801 0000 

  0x000001d51c40b908: ;   {metadata(method data for {method} {0x000001d5300db3a0} 'ensureClassInitialized' '(Ljava/lang/Class;)V' in 'jdk/internal/misc/Unsafe')}
  0x000001d51c40b908: 0149 b8c0 | b10e 31d5 | 0100 0041 | 8b90 cc00 | 0000 83c2 | 0241 8990 | cc00 0000 | 81e2 feff 
  0x000001d51c40b928: 1f00 85d2 | 0f84 070d | 0000 4885 

  0x000001d51c40b934: ;   {metadata(method data for {method} {0x000001d5300db3a0} 'ensureClassInitialized' '(Ljava/lang/Class;)V' in 'jdk/internal/misc/Unsafe')}
  0x000001d51c40b934: f649 b8c0 | b10e 31d5 | 0100 0048 | c7c2 2001 | 0000 7407 | 48c7 c210 | 0100 0049 | 8b3c 1048 
  0x000001d51c40b954: 8d7f 0149 | 893c 100f | 849f 0a00 

  0x000001d51c40b960: ;   {oop(a 'jdk/internal/misc/Unsafe'{0x00000000c0120140})}
  0x000001d51c40b960: 0048 ba40 | 0112 c000 | 0000 004c 

  0x000001d51c40b96c: ;   {metadata(method data for {method} {0x000001d5300db3a0} 'ensureClassInitialized' '(Ljava/lang/Class;)V' in 'jdk/internal/misc/Unsafe')}
  0x000001d51c40b96c: 8bc2 48bf | c0b1 0e31 | d501 0000 | 4883 8740 | 0100 0001 | 4c8b c60f 

  0x000001d51c40b984: ;   {optimized virtual_call}
  0x000001d51c40b984: 1f40 00e8 

  0x000001d51c40b988: ; ImmutableOopMap {[136]=Oop }
                      ;*invokevirtual ensureClassInitialized0 {reexecute=0 rethrow=0 return_oop=0}
                      ; - jdk.internal.misc.Unsafe::ensureClassInitialized@14
                      ; - jdk.internal.reflect.MethodHandleAccessorFactory::ensureClassInitialized@14
                      ; - jdk.internal.reflect.MethodHandleAccessorFactory::newConstructorAccessor@16
  0x000001d51c40b988: ace7 b607 

  0x000001d51c40b98c: ;   {other}
  0x000001d51c40b98c: 0f1f 8400 | fc05 0002 

  0x000001d51c40b994: ;   {oop(a 'java/lang/invoke/MethodHandleImpl$1'{0x00000000c074f1e0})}
  0x000001d51c40b994: 49b8 e0f1 | 74c0 0000 

  0x000001d51c40b99c: ;   {metadata(method data for {method} {0x000001d53020c1c0} 'newConstructorAccessor' '(Ljava/lang/reflect/Constructor;)Ljdk/internal/reflect/ConstructorAccessorImpl;' in 'jdk/internal/reflect/MethodHandleAccessorFactory')}
  0x000001d51c40b99c: 0000 48ba | 58c0 7631 | d501 0000 

  0x000001d51c40b9a8: ;   {metadata('java/lang/invoke/MethodHandleImpl$1')}
  0x000001d51c40b9a8: 49ba b8da | 0300 0100 | 0000 4c89 | 92a8 0100 | 0048 8382 | b001 0000 

  0x000001d51c40b9c0: ;   {metadata(method data for {method} {0x000001d5303c9df0} 'unreflectConstructor' '(Ljava/lang/reflect/Constructor;)Ljava/lang/invoke/MethodHandle;' in 'java/lang/invoke/MethodHandleImpl$1')}
  0x000001d51c40b9c0: 0149 b870 | c676 31d5 | 0100 0041 | 8b90 cc00 | 0000 83c2 | 0241 8990 | cc00 0000 | 81e2 feff 
  0x000001d51c40b9e0: 1f00 85d2 | 0f84 700c 

  0x000001d51c40b9e8: ;   {oop(a 'java/lang/invoke/MethodHandles$Lookup'{0x00000000c0768218})}
  0x000001d51c40b9e8: 0000 48ba | 1882 76c0 | 0000 0000 

  0x000001d51c40b9f4: ;   {metadata(method data for {method} {0x000001d5303c9df0} 'unreflectConstructor' '(Ljava/lang/reflect/Constructor;)Ljava/lang/invoke/MethodHandle;' in 'java/lang/invoke/MethodHandleImpl$1')}
  0x000001d51c40b9f4: 4c8b c248 | be70 c676 | 31d5 0100 | 0048 8386 | 1001 0000 | 014c 8b84 | 2488 0000 | 0066 0f1f 
  0x000001d51c40ba14: ;   {optimized virtual_call}
  0x000001d51c40ba14: 4400 00e8 

  0x000001d51c40ba18: ; ImmutableOopMap {[136]=Oop }
                      ;*invokevirtual unreflectConstructor {reexecute=0 rethrow=0 return_oop=0}
                      ; - java.lang.invoke.MethodHandleImpl$1::unreflectConstructor@4
                      ; - jdk.internal.reflect.MethodHandleAccessorFactory::newConstructorAccessor@23
  0x000001d51c40ba18: e419 7a00 

  0x000001d51c40ba1c: ;   {other}
  0x000001d51c40ba1c: 0f1f 8400 | 8c06 0003 

  0x000001d51c40ba24: ; implicit exception: dispatches to 0x000001d51c40c67b
  0x000001d51c40ba24: 483b 0048 

  0x000001d51c40ba28: ;   {metadata(method data for {method} {0x000001d53020c1c0} 'newConstructorAccessor' '(Ljava/lang/reflect/Constructor;)Ljdk/internal/reflect/ConstructorAccessorImpl;' in 'jdk/internal/reflect/MethodHandleAccessorFactory')}
  0x000001d51c40ba28: 8bd0 48be | 58c0 7631 | d501 0000 | 8b52 0848 | c1e2 0348 | 3b96 e001 | 0000 750d | 4883 86e8 
  0x000001d51c40ba48: 0100 0001 | e960 0000 | 0048 3b96 | f001 0000 | 750d 4883 | 86f8 0100 | 0001 e94a | 0000 0048 
  0x000001d51c40ba68: 83be e001 | 0000 0075 | 1748 8996 | e001 0000 | 48c7 86e8 | 0100 0001 | 0000 00e9 | 2900 0000 
  0x000001d51c40ba88: 4883 bef0 | 0100 0000 | 7517 4889 | 96f0 0100 | 0048 c786 | f801 0000 | 0100 0000 | e908 0000 
  0x000001d51c40baa8: 0048 8386 | d001 0000 | 018b 5010 

  0x000001d51c40bab4: ; implicit exception: dispatches to 0x000001d51c40c680
  0x000001d51c40bab4: 483b 0248 

  0x000001d51c40bab8: ;   {metadata(method data for {method} {0x000001d53020c1c0} 'newConstructorAccessor' '(Ljava/lang/reflect/Constructor;)Ljdk/internal/reflect/ConstructorAccessorImpl;' in 'jdk/internal/reflect/MethodHandleAccessorFactory')}
  0x000001d51c40bab8: 8bf2 48bf | 58c0 7631 | d501 0000 | 4883 8708 | 0200 0001 

  0x000001d51c40bacc: ;   {metadata(method data for {method} {0x000001d5300b8cd8} 'parameterCount' '()I' in 'java/lang/invoke/MethodType')}
  0x000001d51c40bacc: 48be 5082 | 6030 d501 | 0000 8bbe | cc00 0000 | 83c7 0289 | becc 0000 | 0081 e7fe | ff1f 0085 
  0x000001d51c40baec: ff0f 8492 | 0b00 008b | 5210 8b72 | 0c48 8bd0 

  0x000001d51c40bafc: ;   {metadata(method data for {method} {0x000001d53020c1c0} 'newConstructorAccessor' '(Ljava/lang/reflect/Constructor;)Ljdk/internal/reflect/ConstructorAccessorImpl;' in 'jdk/internal/reflect/MethodHandleAccessorFactory')}
  0x000001d51c40bafc: 48bf 58c0 | 7631 d501 | 0000 8b52 | 0848 c1e2 | 0348 3b97 | 5002 0000 | 750d 4883 | 8758 0200 
  0x000001d51c40bb1c: 0001 e960 | 0000 0048 | 3b97 6002 | 0000 750d | 4883 8768 | 0200 0001 | e94a 0000 | 0048 83bf 
  0x000001d51c40bb3c: 5002 0000 | 0075 1748 | 8997 5002 | 0000 48c7 | 8758 0200 | 0001 0000 | 00e9 2900 | 0000 4883 
  0x000001d51c40bb5c: bf60 0200 | 0000 7517 | 4889 9760 | 0200 0048 | c787 6802 | 0000 0100 | 0000 e908 | 0000 0048 
  0x000001d51c40bb7c: 8387 4002 | 0000 0148 | 8bd0 89b4 | 2498 0000 | 0048 b868 | d101 0001 

  0x000001d51c40bb94: ;   {virtual_call}
  0x000001d51c40bb94: 0000 00e8 

  0x000001d51c40bb98: ; ImmutableOopMap {[136]=Oop }
                      ;*invokevirtual asFixedArity {reexecute=0 rethrow=0 return_oop=0}
                      ; - jdk.internal.reflect.MethodHandleAccessorFactory::newConstructorAccessor@38
  0x000001d51c40bb98: 04b3 5b00 

  0x000001d51c40bb9c: ;   {other}
  0x000001d51c40bb9c: 0f1f 8400 | 0c08 0004 

  0x000001d51c40bba4: ;   {metadata(method data for {method} {0x000001d53020c1c0} 'newConstructorAccessor' '(Ljava/lang/reflect/Constructor;)Ljdk/internal/reflect/ConstructorAccessorImpl;' in 'jdk/internal/reflect/MethodHandleAccessorFactory')}
  0x000001d51c40bba4: 48ba 58c0 | 7631 d501 | 0000 4883 | 8278 0200 | 0001 8b94 | 2498 0000 | 0048 8984 | 24a0 0000 
  0x000001d51c40bbc4: ;   {static_call}
  0x000001d51c40bbc4: 0066 90e8 

  0x000001d51c40bbc8: ; ImmutableOopMap {[136]=Oop [160]=Oop }
                      ;*invokestatic specializedMethodTypeForConstructor {reexecute=0 rethrow=0 return_oop=0}
                      ; - jdk.internal.reflect.MethodHandleAccessorFactory::newConstructorAccessor@43
  0x000001d51c40bbc8: f40f 7a00 

  0x000001d51c40bbcc: ;   {other}
  0x000001d51c40bbcc: 0f1f 8400 | 3c08 0005 | 4889 8424 | a800 0000 | 8bb4 2498 | 0000 0083 

  0x000001d51c40bbe4: ;   {metadata(method data for {method} {0x000001d53020c1c0} 'newConstructorAccessor' '(Ljava/lang/reflect/Constructor;)Ljdk/internal/reflect/ConstructorAccessorImpl;' in 'jdk/internal/reflect/MethodHandleAccessorFactory')}
  0x000001d51c40bbe4: fe03 49b8 | 58c0 7631 | d501 0000 | 49c7 c198 | 0200 007f | 0749 c7c1 | 8802 0000 | 4b8b 3c08 
  0x000001d51c40bc04: 488d 7f01 | 4b89 3c08 | 0f8f 0d00 | 0000 488b | b424 a000 | 0000 e950 | 0200 0048 | 8b84 24a0 
  0x000001d51c40bc24: 0000 0048 | 3b00 4c8b 

  0x000001d51c40bc2c: ;   {metadata(method data for {method} {0x000001d53020c1c0} 'newConstructorAccessor' '(Ljava/lang/reflect/Constructor;)Ljdk/internal/reflect/ConstructorAccessorImpl;' in 'jdk/internal/reflect/MethodHandleAccessorFactory')}
  0x000001d51c40bc2c: c049 b958 | c076 31d5 | 0100 0045 | 8b40 0849 | c1e0 034d | 3b81 b802 | 0000 750d | 4983 81c0 
  0x000001d51c40bc4c: 0200 0001 | e960 0000 | 004d 3b81 | c802 0000 | 750d 4983 | 81d0 0200 | 0001 e94a | 0000 0049 
  0x000001d51c40bc6c: 83b9 b802 | 0000 0075 | 174d 8981 | b802 0000 | 49c7 81c0 | 0200 0001 | 0000 00e9 | 2900 0000 
  0x000001d51c40bc8c: 4983 b9c8 | 0200 0000 | 7517 4d89 | 81c8 0200 | 0049 c781 | d002 0000 | 0100 0000 | e908 0000 
  0x000001d51c40bcac: 0049 8381 | a802 0000 

  0x000001d51c40bcb4: ;   {metadata(method data for {method} {0x000001d5300981a0} 'asSpreader' '(Ljava/lang/Class;I)Ljava/lang/invoke/MethodHandle;' in 'java/lang/invoke/MethodHandle')}
  0x000001d51c40bcb4: 0149 b830 | cd76 31d5 | 0100 0045 | 8b88 cc00 | 0000 4183 | c102 4589 | 88cc 0000 | 0041 81e1 
  0x000001d51c40bcd4: feff 1f00 | 4585 c90f | 84cf 0900 | 004c 8bc0 

  0x000001d51c40bce4: ;   {metadata(method data for {method} {0x000001d5300981a0} 'asSpreader' '(Ljava/lang/Class;I)Ljava/lang/invoke/MethodHandle;' in 'java/lang/invoke/MethodHandle')}
  0x000001d51c40bce4: 49b9 30cd | 7631 d501 | 0000 458b | 4008 49c1 | e003 4d3b | 8120 0100 | 0075 0d49 | 8381 2801 
  0x000001d51c40bd04: 0000 01e9 | 6000 0000 | 4d3b 8130 | 0100 0075 | 0d49 8381 | 3801 0000 | 01e9 4a00 | 0000 4983 
  0x000001d51c40bd24: b920 0100 | 0000 7517 | 4d89 8120 | 0100 0049 | c781 2801 | 0000 0100 | 0000 e929 | 0000 0049 
  0x000001d51c40bd44: 83b9 3001 | 0000 0075 | 174d 8981 | 3001 0000 | 49c7 8138 | 0100 0001 | 0000 00e9 | 0800 0000 
  0x000001d51c40bd64: 4983 8110 | 0100 0001 | 448b 4010 

  0x000001d51c40bd70: ; implicit exception: dispatches to 0x000001d51c40c6d1
  0x000001d51c40bd70: 493b 004d 

  0x000001d51c40bd74: ;   {metadata(method data for {method} {0x000001d5300981a0} 'asSpreader' '(Ljava/lang/Class;I)Ljava/lang/invoke/MethodHandle;' in 'java/lang/invoke/MethodHandle')}
  0x000001d51c40bd74: 8bc8 48bf | 30cd 7631 | d501 0000 | 4883 8748 | 0100 0001 

  0x000001d51c40bd88: ;   {metadata(method data for {method} {0x000001d5300b8cd8} 'parameterCount' '()I' in 'java/lang/invoke/MethodType')}
  0x000001d51c40bd88: 49b9 5082 | 6030 d501 | 0000 418b | b9cc 0000 | 0083 c702 | 4189 b9cc | 0000 0081 | e7fe ff1f 
  0x000001d51c40bda8: 0085 ff0f | 8425 0900 | 0045 8b40 | 1045 8b40 | 0c4c 8bc8 

  0x000001d51c40bdbc: ;   {metadata(method data for {method} {0x000001d5300981a0} 'asSpreader' '(Ljava/lang/Class;I)Ljava/lang/invoke/MethodHandle;' in 'java/lang/invoke/MethodHandle')}
  0x000001d51c40bdbc: 48bf 30cd | 7631 d501 | 0000 458b | 4908 49c1 | e103 4c3b | 8f90 0100 | 0075 0d48 | 8387 9801 
  0x000001d51c40bddc: 0000 01e9 | 6000 0000 | 4c3b 8fa0 | 0100 0075 | 0d48 8387 | a801 0000 | 01e9 4a00 | 0000 4883 
  0x000001d51c40bdfc: bf90 0100 | 0000 7517 | 4c89 8f90 | 0100 0048 | c787 9801 | 0000 0100 | 0000 e929 | 0000 0048 
  0x000001d51c40be1c: 83bf a001 | 0000 0075 | 174c 898f | a001 0000 | 48c7 87a8 | 0100 0001 | 0000 00e9 | 0800 0000 
  0x000001d51c40be3c: 4883 8780 | 0100 0001 

  0x000001d51c40be44: ;   {oop(a 'java/lang/Class'{0x00000000c0183720} = 'java/lang/Object'[])}
  0x000001d51c40be44: 442b c649 | b920 3718 | c000 0000 | 0048 8bfe 

  0x000001d51c40be54: ;   {optimized virtual_call}
  0x000001d51c40be54: 488b d0e8 

  0x000001d51c40be58: ; ImmutableOopMap {[136]=Oop [168]=Oop }
                      ;*invokevirtual asSpreader {reexecute=0 rethrow=0 return_oop=0}
                      ; - java.lang.invoke.MethodHandle::asSpreader@12
                      ; - jdk.internal.reflect.MethodHandleAccessorFactory::newConstructorAccessor@57
  0x000001d51c40be58: 990b 0000 

  0x000001d51c40be5c: ;   {other}
  0x000001d51c40be5c: 0f1f 8400 | cc0a 0006 | 488b f048 | 8b84 24a8 | 0000 0048 | 3b06 4c8b 

  0x000001d51c40be74: ;   {metadata(method data for {method} {0x000001d53020c1c0} 'newConstructorAccessor' '(Ljava/lang/reflect/Constructor;)Ljdk/internal/reflect/ConstructorAccessorImpl;' in 'jdk/internal/reflect/MethodHandleAccessorFactory')}
  0x000001d51c40be74: c648 ba58 | c076 31d5 | 0100 0048 | 8382 e002 

  0x000001d51c40be84: ;   {metadata(method data for {method} {0x000001d5300978c8} 'asType' '(Ljava/lang/invoke/MethodType;)Ljava/lang/invoke/MethodHandle;' in 'java/lang/invoke/MethodHandle')}
  0x000001d51c40be84: 0000 0149 | b8a8 54bc | 30d5 0100 | 0041 8b90 | cc00 0000 | 83c2 0241 | 8990 cc00 | 0000 81e2 
  0x000001d51c40bea4: feff 1f00 | 85d2 0f84 | 5108 0000 | 448b 4610 

  0x000001d51c40beb4: ;   {metadata(method data for {method} {0x000001d5300978c8} 'asType' '(Ljava/lang/invoke/MethodType;)Ljava/lang/invoke/MethodHandle;' in 'java/lang/invoke/MethodHandle')}
  0x000001d51c40beb4: 493b c049 | b8a8 54bc | 30d5 0100 | 0048 c7c2 | 1001 0000 | 7507 48c7 | c220 0100 | 0049 8b3c 
  0x000001d51c40bed4: 1048 8d7f | 0149 893c | 100f 8508 | 0000 0048 | 8bde e964 | 0100 004c 

  0x000001d51c40beec: ;   {metadata(method data for {method} {0x000001d5300978c8} 'asType' '(Ljava/lang/invoke/MethodType;)Ljava/lang/invoke/MethodHandle;' in 'java/lang/invoke/MethodHandle')}
  0x000001d51c40beec: 8bc6 48ba | a854 bc30 | d501 0000 | 4883 8230 | 0100 0001 | 4c8b c048 | 8bd6 4889 | b424 b000 
  0x000001d51c40bf0c: ;   {optimized virtual_call}
  0x000001d51c40bf0c: 0000 90e8 

  0x000001d51c40bf10: ; ImmutableOopMap {[136]=Oop [168]=Oop [176]=Oop }
                      ;*invokevirtual asTypeCached {reexecute=0 rethrow=0 return_oop=0}
                      ; - java.lang.invoke.MethodHandle::asType@12
                      ; - jdk.internal.reflect.MethodHandleAccessorFactory::newConstructorAccessor@64
  0x000001d51c40bf10: 6c18 4200 

  0x000001d51c40bf14: ;   {other}
  0x000001d51c40bf14: 0f1f 8400 | 840b 0007 

  0x000001d51c40bf1c: ;   {metadata(method data for {method} {0x000001d5300978c8} 'asType' '(Ljava/lang/invoke/MethodType;)Ljava/lang/invoke/MethodHandle;' in 'java/lang/invoke/MethodHandle')}
  0x000001d51c40bf1c: 4885 c049 | b8a8 54bc | 30d5 0100 | 0048 c7c2 | 6801 0000 | 7407 48c7 | c278 0100 | 0049 8b34 
  0x000001d51c40bf3c: 1048 8d76 | 0149 8934 | 100f 8408 | 0000 0048 | 8bd8 e9fc | 0000 0048 | 8bb4 24b0 | 0000 0048 
  0x000001d51c40bf5c: 8b84 24a8 | 0000 004c 

  0x000001d51c40bf64: ;   {metadata(method data for {method} {0x000001d5300978c8} 'asType' '(Ljava/lang/invoke/MethodType;)Ljava/lang/invoke/MethodHandle;' in 'java/lang/invoke/MethodHandle')}
  0x000001d51c40bf64: 8bc6 48ba | a854 bc30 | d501 0000 | 458b 4008 | 49c1 e003 | 4c3b 8298 | 0100 0075 | 0d48 8382 
  0x000001d51c40bf84: a001 0000 | 01e9 6000 | 0000 4c3b | 82a8 0100 | 0075 0d48 | 8382 b001 | 0000 01e9 | 4a00 0000 
  0x000001d51c40bfa4: 4883 ba98 | 0100 0000 | 7517 4c89 | 8298 0100 | 0048 c782 | a001 0000 | 0100 0000 | e929 0000 
  0x000001d51c40bfc4: 0048 83ba | a801 0000 | 0075 174c | 8982 a801 | 0000 48c7 | 82b0 0100 | 0001 0000 | 00e9 0800 
  0x000001d51c40bfe4: 0000 4883 | 8288 0100 | 0001 4c8b | c048 8bd6 | 4889 b424 | b000 0000 | 9048 b8ff | ffff ffff 
  0x000001d51c40c004: ;   {virtual_call}
  0x000001d51c40c004: ffff ffe8 

  0x000001d51c40c008: ; ImmutableOopMap {[136]=Oop [176]=Oop }
                      ;*invokevirtual asTypeUncached {reexecute=0 rethrow=0 return_oop=0}
                      ; - java.lang.invoke.MethodHandle::asType@25
                      ; - jdk.internal.reflect.MethodHandleAccessorFactory::newConstructorAccessor@64
  0x000001d51c40c008: 7474 5f07 

  0x000001d51c40c00c: ;   {other}
  0x000001d51c40c00c: 0f1f 8400 | 7c0c 0008 | 488b b424 | b000 0000 

  0x000001d51c40c01c: ;   {metadata(method data for {method} {0x000001d5300978c8} 'asType' '(Ljava/lang/invoke/MethodType;)Ljava/lang/invoke/MethodHandle;' in 'java/lang/invoke/MethodHandle')}
  0x000001d51c40c01c: 49b8 a854 | bc30 d501 | 0000 4983 | 80c0 0100 | 0001 4c8b | c048 8b94 | 24b0 0000 | 0066 0f1f 
  0x000001d51c40c03c: ;   {optimized virtual_call}
  0x000001d51c40c03c: 4400 00e8 

  0x000001d51c40c040: ; ImmutableOopMap {[136]=Oop }
                      ;*invokevirtual setAsTypeCache {reexecute=0 rethrow=0 return_oop=0}
                      ; - java.lang.invoke.MethodHandle::asType@28
                      ; - jdk.internal.reflect.MethodHandleAccessorFactory::newConstructorAccessor@64
  0x000001d51c40c040: 7c32 0400 

  0x000001d51c40c044: ;   {other}
  0x000001d51c40c044: 0f1f 8400 | b40c 0009 | 488b d848 | 8b94 2488 

  0x000001d51c40c054: ;   {metadata(method data for {method} {0x000001d53020c1c0} 'newConstructorAccessor' '(Ljava/lang/reflect/Constructor;)Ljdk/internal/reflect/ConstructorAccessorImpl;' in 'jdk/internal/reflect/MethodHandleAccessorFactory')}
  0x000001d51c40c054: 0000 0048 | be58 c076 | 31d5 0100 | 0048 8386 | 1803 0000 

  0x000001d51c40c068: ;   {metadata(method data for {method} {0x000001d53020e190} 'constructorAccessor' '(Ljava/lang/reflect/Constructor;Ljava/lang/invoke/MethodHandle;)Ljdk/internal/reflect/ConstructorAccessorImpl;' in 'jdk/internal/reflect/DirectConstructorHandleAccessor')}
  0x000001d51c40c068: 0148 be60 | d276 31d5 | 0100 008b | becc 0000 | 0083 c702 | 89be cc00 | 0000 81e7 | feff 1f00 
  0x000001d51c40c088: 85ff 0f84 | 9206 0000 

  0x000001d51c40c090: ;   {metadata('jdk/internal/reflect/DirectConstructorHandleAccessor')}
  0x000001d51c40c090: 4c8b c248 | bad0 0607 | 0001 0000 | 0049 8b87 | b801 0000 | 488d 7818 | 493b bfc8 | 0100 000f 
  0x000001d51c40c0b0: 878e 0600 | 0049 89bf | b801 0000 | 48c7 0001 | 0000 0048 | 8bca 48c1 | e903 8948 | 0848 33c9 
  0x000001d51c40c0d0: 8948 0c48 | 33c9 4889 | 4810 488b 

  0x000001d51c40c0dc: ;   {metadata(method data for {method} {0x000001d53020e190} 'constructorAccessor' '(Ljava/lang/reflect/Constructor;Ljava/lang/invoke/MethodHandle;)Ljdk/internal/reflect/ConstructorAccessorImpl;' in 'jdk/internal/reflect/DirectConstructorHandleAccessor')}
  0x000001d51c40c0dc: d048 be60 | d276 31d5 | 0100 0048 | 8386 1001 

  0x000001d51c40c0ec: ;   {metadata(method data for {method} {0x000001d53020e308} '<init>' '(Ljava/lang/reflect/Constructor;Ljava/lang/invoke/MethodHandle;)V' in 'jdk/internal/reflect/DirectConstructorHandleAccessor')}
  0x000001d51c40c0ec: 0000 0148 | bab0 d376 | 31d5 0100 | 008b b2cc | 0000 0083 | c602 89b2 | cc00 0000 | 81e6 feff 
  0x000001d51c40c10c: 1f00 85f6 | 0f84 3a06 | 0000 488b 

  0x000001d51c40c118: ;   {metadata(method data for {method} {0x000001d53020e308} '<init>' '(Ljava/lang/reflect/Constructor;Ljava/lang/invoke/MethodHandle;)V' in 'jdk/internal/reflect/DirectConstructorHandleAccessor')}
  0x000001d51c40c118: d048 beb0 | d376 31d5 | 0100 0048 | 8386 1001 

  0x000001d51c40c128: ;   {metadata(method data for {method} {0x000001d5300878e8} '<init>' '()V' in 'jdk/internal/reflect/ConstructorAccessorImpl')}
  0x000001d51c40c128: 0000 0148 | ba60 1e75 | 31d5 0100 | 008b b2cc | 0000 0083 | c602 89b2 | cc00 0000 | 81e6 feff 
  0x000001d51c40c148: 1f00 85f6 | 0f84 1f06 | 0000 488b 

  0x000001d51c40c154: ;   {metadata(method data for {method} {0x000001d5300878e8} '<init>' '()V' in 'jdk/internal/reflect/ConstructorAccessorImpl')}
  0x000001d51c40c154: d048 be60 | 1e75 31d5 | 0100 0048 | 8386 1001 

  0x000001d51c40c164: ;   {metadata(method data for {method} {0x000001d530086d98} '<init>' '()V' in 'jdk/internal/reflect/MagicAccessorImpl')}
  0x000001d51c40c164: 0000 0148 | ba80 883d | 31d5 0100 | 008b b2cc | 0000 0083 | c602 89b2 | cc00 0000 | 81e6 feff 
  0x000001d51c40c184: 1f00 85f6 | 0f84 0406 | 0000 488b 

  0x000001d51c40c190: ;   {metadata(method data for {method} {0x000001d530086d98} '<init>' '()V' in 'jdk/internal/reflect/MagicAccessorImpl')}
  0x000001d51c40c190: d048 be80 | 883d 31d5 | 0100 0048 | 8386 1001 

  0x000001d51c40c1a0: ;   {metadata(method data for {method} {0x000001d530000638} '<init>' '()V' in 'java/lang/Object')}
  0x000001d51c40c1a0: 0000 0148 | ba28 f628 | 30d5 0100 | 008b b2cc | 0000 0083 | c602 89b2 | cc00 0000 | 81e6 feff 
  0x000001d51c40c1c0: 1f00 85f6 | 0f84 e905 | 0000 498b 

  0x000001d51c40c1cc: ;   {metadata(method data for {method} {0x000001d53020e308} '<init>' '(Ljava/lang/reflect/Constructor;Ljava/lang/invoke/MethodHandle;)V' in 'jdk/internal/reflect/DirectConstructorHandleAccessor')}
  0x000001d51c40c1cc: d048 beb0 | d376 31d5 | 0100 0048 | 8386 2001 

  0x000001d51c40c1dc: ;   {metadata(method data for {method} {0x000001d530080860} 'getParameterCount' '()I' in 'java/lang/reflect/Constructor')}
  0x000001d51c40c1dc: 0000 0148 | ba38 993f | 31d5 0100 | 008b b2cc | 0000 0083 | c602 89b2 | cc00 0000 | 81e6 feff 
  0x000001d51c40c1fc: 1f00 85f6 | 0f84 ce05 | 0000 418b | 5028 8b52 | 0c89 500c | 410f be57 | 4085 d20f | 85dd 0500 
  0x000001d51c40c21c: 004c 8bd3 | 4489 5010 | 488b d048 | 33d3 48c1 | ea14 4883 | fa00 0f85 | dd05 0000 | 4881 c4e0 
  0x000001d51c40c23c: 0000 005d 

  0x000001d51c40c240: ;   {poll_return}
  0x000001d51c40c240: 493b a750 | 0400 000f | 87e0 0500 | 00c3 4c8b | 8424 8800 

  0x000001d51c40c254: ;   {metadata(method data for {method} {0x000001d53020c1c0} 'newConstructorAccessor' '(Ljava/lang/reflect/Constructor;)Ljdk/internal/reflect/ConstructorAccessorImpl;' in 'jdk/internal/reflect/MethodHandleAccessorFactory')}
  0x000001d51c40c254: 0000 48ba | 58c0 7631 | d501 0000 | 4883 8240 | 0100 0001 

  0x000001d51c40c268: ;   {metadata(method data for {method} {0x000001d53020e248} 'nativeAccessor' '(Ljava/lang/reflect/Constructor;)Ljdk/internal/reflect/ConstructorAccessorImpl;' in 'jdk/internal/reflect/DirectConstructorHandleAccessor')}
  0x000001d51c40c268: 48ba d0c3 | 7631 d501 | 0000 8bb2 | cc00 0000 | 83c6 0289 | b2cc 0000 | 0081 e6fe | ff1f 0085 
  0x000001d51c40c288: f60f 84b4 

  0x000001d51c40c28c: ;   {metadata('jdk/internal/reflect/DirectConstructorHandleAccessor$NativeAccessor')}
  0x000001d51c40c28c: 0500 0048 | ba38 0907 | 0001 0000 | 0049 8b87 | b801 0000 | 488d 7810 | 493b bfc8 | 0100 000f 
  0x000001d51c40c2ac: 87b3 0500 | 0049 89bf | b801 0000 | 48c7 0001 | 0000 0048 | 8bca 48c1 | e903 8948 | 0848 33c9 
  0x000001d51c40c2cc: 8948 0c48 | 33c9 488b 

  0x000001d51c40c2d4: ;   {metadata(method data for {method} {0x000001d53020e248} 'nativeAccessor' '(Ljava/lang/reflect/Constructor;)Ljdk/internal/reflect/ConstructorAccessorImpl;' in 'jdk/internal/reflect/DirectConstructorHandleAccessor')}
  0x000001d51c40c2d4: d048 bed0 | c376 31d5 | 0100 0048 | 8386 1001 

  0x000001d51c40c2e4: ;   {metadata(method data for {method} {0x000001d53020ee00} '<init>' '(Ljava/lang/reflect/Constructor;)V' in 'jdk/internal/reflect/DirectConstructorHandleAccessor$NativeAccessor')}
  0x000001d51c40c2e4: 0000 0148 | ba18 c576 | 31d5 0100 | 008b b2cc | 0000 0083 | c602 89b2 | cc00 0000 | 81e6 feff 
  0x000001d51c40c304: 1f00 85f6 | 0f84 6305 | 0000 488b 

  0x000001d51c40c310: ;   {metadata(method data for {method} {0x000001d53020ee00} '<init>' '(Ljava/lang/reflect/Constructor;)V' in 'jdk/internal/reflect/DirectConstructorHandleAccessor$NativeAccessor')}
  0x000001d51c40c310: d048 be18 | c576 31d5 | 0100 0048 | 8386 1001 

  0x000001d51c40c320: ;   {metadata(method data for {method} {0x000001d5300878e8} '<init>' '()V' in 'jdk/internal/reflect/ConstructorAccessorImpl')}
  0x000001d51c40c320: 0000 0148 | ba60 1e75 | 31d5 0100 | 008b b2cc | 0000 0083 | c602 89b2 | cc00 0000 | 81e6 feff 
  0x000001d51c40c340: 1f00 85f6 | 0f84 4805 | 0000 488b 

  0x000001d51c40c34c: ;   {metadata(method data for {method} {0x000001d5300878e8} '<init>' '()V' in 'jdk/internal/reflect/ConstructorAccessorImpl')}
  0x000001d51c40c34c: d048 be60 | 1e75 31d5 | 0100 0048 | 8386 1001 

  0x000001d51c40c35c: ;   {metadata(method data for {method} {0x000001d530086d98} '<init>' '()V' in 'jdk/internal/reflect/MagicAccessorImpl')}
  0x000001d51c40c35c: 0000 0148 | ba80 883d | 31d5 0100 | 008b b2cc | 0000 0083 | c602 89b2 | cc00 0000 | 81e6 feff 
  0x000001d51c40c37c: 1f00 85f6 | 0f84 2d05 | 0000 488b 

  0x000001d51c40c388: ;   {metadata(method data for {method} {0x000001d530086d98} '<init>' '()V' in 'jdk/internal/reflect/MagicAccessorImpl')}
  0x000001d51c40c388: d048 be80 | 883d 31d5 | 0100 0048 | 8386 1001 

  0x000001d51c40c398: ;   {metadata(method data for {method} {0x000001d530000638} '<init>' '()V' in 'java/lang/Object')}
  0x000001d51c40c398: 0000 0148 | ba28 f628 | 30d5 0100 | 008b b2cc | 0000 0083 | c602 89b2 | cc00 0000 | 81e6 feff 
  0x000001d51c40c3b8: 1f00 85f6 | 0f84 1205 | 0000 410f | be57 4085 | d20f 8526 | 0500 004d | 8bd0 4489 | 500c 488b 
  0x000001d51c40c3d8: d049 33d0 | 48c1 ea14 | 4883 fa00 | 0f85 2605 | 0000 4881 | c4e0 0000 

  0x000001d51c40c3f0: ;   {poll_return}
  0x000001d51c40c3f0: 005d 493b | a750 0400 | 000f 8729 | 0500 00c3 

  0x000001d51c40c400: ;   {no_reloc}
  0x000001d51c40c400: e948 0500 | 0000 0000 | 0000 498b | 87b8 0100 | 0048 8d78 | 3049 3bbf | c801 0000 | 0f87 3505 
  0x000001d51c40c420: 0000 4989 | bfb8 0100 | 0048 c700 | 0100 0000 | 488b ca48 | c1e9 0389 | 4808 4833 | c989 480c 
  0x000001d51c40c440: 4833 c948 | 8948 1048 | 8948 1848 | 8948 2048 | 8948 2848 

  0x000001d51c40c454: ;   {metadata(method data for {method} {0x000001d5300db3a0} 'ensureClassInitialized' '(Ljava/lang/Class;)V' in 'jdk/internal/misc/Unsafe')}
  0x000001d51c40c454: 8bd0 48be | c0b1 0e31 | d501 0000 | 4883 8630 | 0100 0001 | 488b d048 | 8984 24b8 | 0000 000f 
  0x000001d51c40c474: ;   {optimized virtual_call}
  0x000001d51c40c474: 1f40 00e8 

  0x000001d51c40c478: ; ImmutableOopMap {[136]=Oop [184]=Oop }
                      ;*invokespecial <init> {reexecute=0 rethrow=0 return_oop=0}
                      ; - jdk.internal.misc.Unsafe::ensureClassInitialized@8
                      ; - jdk.internal.reflect.MethodHandleAccessorFactory::ensureClassInitialized@14
                      ; - jdk.internal.reflect.MethodHandleAccessorFactory::newConstructorAccessor@16
  0x000001d51c40c478: 0426 5307 

  0x000001d51c40c47c: ;   {other}
  0x000001d51c40c47c: 0f1f 8400 | ec10 000a | 488b 8424 | b800 0000 | e93c 0500 | 000f 1f80 | 0000 0000 

  0x000001d51c40c498: ;   {no_reloc}
  0x000001d51c40c498: e9d6 0400 | 0000 0000 | 0000 498b | 87b8 0100 | 0048 8d78 | 3049 3bbf | c801 0000 | 0f87 c304 
  0x000001d51c40c4b8: 0000 4989 | bfb8 0100 | 0048 c700 | 0100 0000 | 488b ca48 | c1e9 0389 | 4808 4833 | c989 480c 
  0x000001d51c40c4d8: 4833 c948 | 8948 1048 | 8948 1848 | 8948 2048 | 8948 2848 

  0x000001d51c40c4ec: ;   {metadata(method data for {method} {0x000001d5300db2d0} 'shouldBeInitialized' '(Ljava/lang/Class;)Z' in 'jdk/internal/misc/Unsafe')}
  0x000001d51c40c4ec: 8bd0 48be | 6899 1f31 | d501 0000 | 4883 8630 | 0100 0001 | 488b d048 | 8984 24c0 | 0000 000f 
  0x000001d51c40c50c: ;   {optimized virtual_call}
  0x000001d51c40c50c: 1f40 00e8 

  0x000001d51c40c510: ; ImmutableOopMap {[136]=Oop [144]=Oop [192]=Oop }
                      ;*invokespecial <init> {reexecute=0 rethrow=0 return_oop=0}
                      ; - jdk.internal.misc.Unsafe::shouldBeInitialized@8
                      ; - jdk.internal.reflect.MethodHandleAccessorFactory::ensureClassInitialized@4
                      ; - jdk.internal.reflect.MethodHandleAccessorFactory::newConstructorAccessor@16
  0x000001d51c40c510: 6c25 5307 

  0x000001d51c40c514: ;   {other}
  0x000001d51c40c514: 0f1f 8400 | 8411 000b | 488b 8424 | c000 0000 | e9a4 0400 | 0049 8b87 | 0005 0000 | 4d33 d24d 
  0x000001d51c40c534: 8997 0005 | 0000 4d33 | d24d 8997 | 0805 0000 | 4c8b c090 

  0x000001d51c40c548: ;   {no_reloc}
  0x000001d51c40c548: e94c 0400 | 0000 0000 | 0000 498b | 87b8 0100 | 0048 8d78 | 2849 3bbf | c801 0000 | 0f87 3904 
  0x000001d51c40c568: 0000 4989 | bfb8 0100 | 0048 c700 | 0100 0000 | 488b ca48 | c1e9 0389 | 4808 4833 | c989 480c 
  0x000001d51c40c588: 4833 c948 | 8948 1048 | 8948 1848 | 8948 2048 

  0x000001d51c40c598: ;   {metadata(method data for {method} {0x000001d53020c1c0} 'newConstructorAccessor' '(Ljava/lang/reflect/Constructor;)Ljdk/internal/reflect/ConstructorAccessorImpl;' in 'jdk/internal/reflect/MethodHandleAccessorFactory')}
  0x000001d51c40c598: 8bd0 48be | 58c0 7631 | d501 0000 | 4883 8628 | 0300 0001 | 488b d048 | 8984 24c8 

  0x000001d51c40c5b4: ;   {optimized virtual_call}
  0x000001d51c40c5b4: 0000 00e8 

  0x000001d51c40c5b8: ; ImmutableOopMap {[200]=Oop }
                      ;*invokespecial <init> {reexecute=0 rethrow=0 return_oop=0}
                      ; - jdk.internal.reflect.MethodHandleAccessorFactory::newConstructorAccessor@80
  0x000001d51c40c5b8: c424 5307 

  0x000001d51c40c5bc: ;   {other}
  0x000001d51c40c5bc: 0f1f 8400 | 2c12 000c | 488b 8424 | c800 0000 | e9fc 0300 

  0x000001d51c40c5d0: ;   {metadata({method} {0x000001d53020c1c0} 'newConstructorAccessor' '(Ljava/lang/reflect/Constructor;)Ljdk/internal/reflect/ConstructorAccessorImpl;' in 'jdk/internal/reflect/MethodHandleAccessorFactory')}
  0x000001d51c40c5d0: 0049 bab8 | c120 30d5 | 0100 004c | 8954 2408 | 48c7 0424 | ffff ffff 

  0x000001d51c40c5e8: ;   {runtime_call counter_overflow Runtime1 stub}
  0x000001d51c40c5e8: e813 d65e 

  0x000001d51c40c5ec: ; ImmutableOopMap {rdx=Oop [136]=Oop }
                      ;*synchronization entry
                      ; - jdk.internal.reflect.MethodHandleAccessorFactory::newConstructorAccessor@-1
  0x000001d51c40c5ec: 07e9 5cf1 

  0x000001d51c40c5f0: ;   {runtime_call throw_null_pointer_exception Runtime1 stub}
  0x000001d51c40c5f0: ffff e809 

  0x000001d51c40c5f4: ; ImmutableOopMap {rdx=Oop [136]=Oop }
                      ;*invokevirtual getDeclaringClass {reexecute=0 rethrow=0 return_oop=0}
                      ; - jdk.internal.reflect.MethodHandleAccessorFactory::newConstructorAccessor@13
                      ;   {metadata({method} {0x000001d53020cc88} 'ensureClassInitialized' '(Ljava/lang/Class;)V' in 'jdk/internal/reflect/MethodHandleAccessorFactory')}
  0x000001d51c40c5f4: 855e 0749 | ba80 cc20 | 30d5 0100 | 004c 8954 | 2408 48c7 | 0424 ffff 

  0x000001d51c40c60c: ;   {runtime_call counter_overflow Runtime1 stub}
  0x000001d51c40c60c: ffff e8ed 

  0x000001d51c40c610: ; ImmutableOopMap {rdx=Oop rsi=Oop [136]=Oop [144]=Oop }
                      ;*synchronization entry
                      ; - jdk.internal.reflect.MethodHandleAccessorFactory::ensureClassInitialized@-1
                      ; - jdk.internal.reflect.MethodHandleAccessorFactory::newConstructorAccessor@16
  0x000001d51c40c610: d55e 07e9 | f0f1 ffff 

  0x000001d51c40c618: ;   {metadata({method} {0x000001d5300db2d0} 'shouldBeInitialized' '(Ljava/lang/Class;)Z' in 'jdk/internal/misc/Unsafe')}
  0x000001d51c40c618: 49ba c8b2 | 0d30 d501 | 0000 4c89 | 5424 0848 | c704 24ff 

  0x000001d51c40c62c: ;   {runtime_call counter_overflow Runtime1 stub}
  0x000001d51c40c62c: ffff ffe8 

  0x000001d51c40c630: ; ImmutableOopMap {rdx=Oop rsi=Oop [136]=Oop [144]=Oop }
                      ;*synchronization entry
                      ; - jdk.internal.misc.Unsafe::shouldBeInitialized@-1
                      ; - jdk.internal.reflect.MethodHandleAccessorFactory::ensureClassInitialized@4
                      ; - jdk.internal.reflect.MethodHandleAccessorFactory::newConstructorAccessor@16
  0x000001d51c40c630: ccd5 5e07 | e914 f2ff 

  0x000001d51c40c638: ;   {metadata({method} {0x000001d5300db3a0} 'ensureClassInitialized' '(Ljava/lang/Class;)V' in 'jdk/internal/misc/Unsafe')}
  0x000001d51c40c638: ff49 ba98 | b30d 30d5 | 0100 004c | 8954 2408 | 48c7 0424 | ffff ffff 

  0x000001d51c40c650: ;   {runtime_call counter_overflow Runtime1 stub}
  0x000001d51c40c650: e8ab d55e 

  0x000001d51c40c654: ; ImmutableOopMap {rsi=Oop [136]=Oop [144]=Oop }
                      ;*synchronization entry
                      ; - jdk.internal.misc.Unsafe::ensureClassInitialized@-1
                      ; - jdk.internal.reflect.MethodHandleAccessorFactory::ensureClassInitialized@14
                      ; - jdk.internal.reflect.MethodHandleAccessorFactory::newConstructorAccessor@16
  0x000001d51c40c654: 07e9 d8f2 

  0x000001d51c40c658: ;   {metadata({method} {0x000001d5303c9df0} 'unreflectConstructor' '(Ljava/lang/reflect/Constructor;)Ljava/lang/invoke/MethodHandle;' in 'java/lang/invoke/MethodHandleImpl$1')}
  0x000001d51c40c658: ffff 49ba | e89d 3c30 | d501 0000 | 4c89 5424 | 0848 c704 | 24ff ffff 

  0x000001d51c40c670: ;   {runtime_call counter_overflow Runtime1 stub}
  0x000001d51c40c670: ffe8 8ad5 

  0x000001d51c40c674: ; ImmutableOopMap {[136]=Oop }
                      ;*synchronization entry
                      ; - java.lang.invoke.MethodHandleImpl$1::unreflectConstructor@-1
                      ; - jdk.internal.reflect.MethodHandleAccessorFactory::newConstructorAccessor@23
  0x000001d51c40c674: 5e07 e96f 

  0x000001d51c40c678: ;   {runtime_call throw_null_pointer_exception Runtime1 stub}
  0x000001d51c40c678: f3ff ffe8 

  0x000001d51c40c67c: ; ImmutableOopMap {rax=Oop [136]=Oop }
                      ;*invokevirtual type {reexecute=0 rethrow=0 return_oop=0}
                      ; - jdk.internal.reflect.MethodHandleAccessorFactory::newConstructorAccessor@30
  0x000001d51c40c67c: 8084 5e07 

  0x000001d51c40c680: ;   {runtime_call throw_null_pointer_exception Runtime1 stub}
  0x000001d51c40c680: e87b 845e 

  0x000001d51c40c684: ; ImmutableOopMap {rax=Oop rdx=Oop [136]=Oop }
                      ;*invokevirtual parameterCount {reexecute=0 rethrow=0 return_oop=0}
                      ; - jdk.internal.reflect.MethodHandleAccessorFactory::newConstructorAccessor@33
                      ;   {metadata({method} {0x000001d5300b8cd8} 'parameterCount' '()I' in 'java/lang/invoke/MethodType')}
  0x000001d51c40c684: 0749 bad0 | 8c0b 30d5 | 0100 004c | 8954 2408 | 48c7 0424 | ffff ffff 

  0x000001d51c40c69c: ;   {runtime_call counter_overflow Runtime1 stub}
  0x000001d51c40c69c: e85f d55e 

  0x000001d51c40c6a0: ; ImmutableOopMap {rax=Oop rdx=Oop [136]=Oop }
                      ;*synchronization entry
                      ; - java.lang.invoke.MethodType::parameterCount@-1
                      ; - jdk.internal.reflect.MethodHandleAccessorFactory::newConstructorAccessor@33
  0x000001d51c40c6a0: 07e9 4df4 

  0x000001d51c40c6a4: ;   {runtime_call throw_null_pointer_exception Runtime1 stub}
  0x000001d51c40c6a4: ffff e855 

  0x000001d51c40c6a8: ; ImmutableOopMap {rax=Oop [136]=Oop }
                      ;*arraylength {reexecute=0 rethrow=0 return_oop=0}
                      ; - java.lang.invoke.MethodType::parameterCount@4
                      ; - jdk.internal.reflect.MethodHandleAccessorFactory::newConstructorAccessor@33
                      ;   {runtime_call throw_null_pointer_exception Runtime1 stub}
  0x000001d51c40c6a8: 845e 07e8 

  0x000001d51c40c6ac: ; ImmutableOopMap {rax=Oop [136]=Oop [168]=Oop }
                      ;*invokevirtual asSpreader {reexecute=0 rethrow=0 return_oop=0}
                      ; - jdk.internal.reflect.MethodHandleAccessorFactory::newConstructorAccessor@57
  0x000001d51c40c6ac: 5084 5e07 

  0x000001d51c40c6b0: ;   {metadata({method} {0x000001d5300981a0} 'asSpreader' '(Ljava/lang/Class;I)Ljava/lang/invoke/MethodHandle;' in 'java/lang/invoke/MethodHandle')}
  0x000001d51c40c6b0: 49ba 9881 | 0930 d501 | 0000 4c89 | 5424 0848 | c704 24ff 

  0x000001d51c40c6c4: ;   {runtime_call counter_overflow Runtime1 stub}
  0x000001d51c40c6c4: ffff ffe8 

  0x000001d51c40c6c8: ; ImmutableOopMap {rax=Oop [136]=Oop [168]=Oop }
                      ;*synchronization entry
                      ; - java.lang.invoke.MethodHandle::asSpreader@-1
                      ; - jdk.internal.reflect.MethodHandleAccessorFactory::newConstructorAccessor@57
  0x000001d51c40c6c8: 34d5 5e07 | e910 f6ff 

  0x000001d51c40c6d0: ;   {runtime_call throw_null_pointer_exception Runtime1 stub}
  0x000001d51c40c6d0: ffe8 2a84 

  0x000001d51c40c6d4: ; ImmutableOopMap {rax=Oop r8=Oop [136]=Oop [168]=Oop }
                      ;*invokevirtual parameterCount {reexecute=0 rethrow=0 return_oop=0}
                      ; - java.lang.invoke.MethodHandle::asSpreader@5
                      ; - jdk.internal.reflect.MethodHandleAccessorFactory::newConstructorAccessor@57
                      ;   {metadata({method} {0x000001d5300b8cd8} 'parameterCount' '()I' in 'java/lang/invoke/MethodType')}
  0x000001d51c40c6d4: 5e07 49ba | d08c 0b30 | d501 0000 | 4c89 5424 | 0848 c704 | 24ff ffff 

  0x000001d51c40c6ec: ;   {runtime_call counter_overflow Runtime1 stub}
  0x000001d51c40c6ec: ffe8 0ed5 

  0x000001d51c40c6f0: ; ImmutableOopMap {rax=Oop r8=Oop [136]=Oop [168]=Oop }
                      ;*synchronization entry
                      ; - java.lang.invoke.MethodType::parameterCount@-1
                      ; - java.lang.invoke.MethodHandle::asSpreader@5
                      ; - jdk.internal.reflect.MethodHandleAccessorFactory::newConstructorAccessor@57
  0x000001d51c40c6f0: 5e07 e9ba 

  0x000001d51c40c6f4: ;   {runtime_call throw_null_pointer_exception Runtime1 stub}
  0x000001d51c40c6f4: f6ff ffe8 

  0x000001d51c40c6f8: ; ImmutableOopMap {rax=Oop [136]=Oop [168]=Oop }
                      ;*arraylength {reexecute=0 rethrow=0 return_oop=0}
                      ; - java.lang.invoke.MethodType::parameterCount@4
                      ; - java.lang.invoke.MethodHandle::asSpreader@5
                      ; - jdk.internal.reflect.MethodHandleAccessorFactory::newConstructorAccessor@57
  0x000001d51c40c6f8: 0484 5e07 

  0x000001d51c40c6fc: ;   {runtime_call throw_null_pointer_exception Runtime1 stub}
  0x000001d51c40c6fc: e8ff 835e 

  0x000001d51c40c700: ; ImmutableOopMap {rsi=Oop rax=Oop [136]=Oop [168]=Oop }
                      ;*invokevirtual asType {reexecute=0 rethrow=0 return_oop=0}
                      ; - jdk.internal.reflect.MethodHandleAccessorFactory::newConstructorAccessor@64
                      ;   {metadata({method} {0x000001d5300978c8} 'asType' '(Ljava/lang/invoke/MethodType;)Ljava/lang/invoke/MethodHandle;' in 'java/lang/invoke/MethodHandle')}
  0x000001d51c40c700: 0749 bac0 | 7809 30d5 | 0100 004c | 8954 2408 | 48c7 0424 | ffff ffff 

  0x000001d51c40c718: ;   {runtime_call counter_overflow Runtime1 stub}
  0x000001d51c40c718: e8e3 d45e 

  0x000001d51c40c71c: ; ImmutableOopMap {rsi=Oop rax=Oop [136]=Oop [168]=Oop }
                      ;*synchronization entry
                      ; - java.lang.invoke.MethodHandle::asType@-1
                      ; - jdk.internal.reflect.MethodHandleAccessorFactory::newConstructorAccessor@64
  0x000001d51c40c71c: 07e9 8ef7 

  0x000001d51c40c720: ;   {metadata({method} {0x000001d53020e190} 'constructorAccessor' '(Ljava/lang/reflect/Constructor;Ljava/lang/invoke/MethodHandle;)Ljdk/internal/reflect/ConstructorAccessorImpl;' in 'jdk/internal/reflect/DirectConstructorHandleAccessor')}
  0x000001d51c40c720: ffff 49ba | 88e1 2030 | d501 0000 | 4c89 5424 | 0848 c704 | 24ff ffff 

  0x000001d51c40c738: ;   {runtime_call counter_overflow Runtime1 stub}
  0x000001d51c40c738: ffe8 c2d4 

  0x000001d51c40c73c: ; ImmutableOopMap {rbx=Oop rdx=Oop [136]=Oop }
                      ;*synchronization entry
                      ; - jdk.internal.reflect.DirectConstructorHandleAccessor::constructorAccessor@-1
                      ; - jdk.internal.reflect.MethodHandleAccessorFactory::newConstructorAccessor@70
  0x000001d51c40c73c: 5e07 e94d | f9ff ff48 

  0x000001d51c40c744: ;   {runtime_call fast_new_instance Runtime1 stub}
  0x000001d51c40c744: 8bd2 e8b5 

  0x000001d51c40c748: ; ImmutableOopMap {rbx=Oop r8=Oop [136]=Oop }
                      ;*new {reexecute=0 rethrow=0 return_oop=0}
                      ; - jdk.internal.reflect.DirectConstructorHandleAccessor::constructorAccessor@0
                      ; - jdk.internal.reflect.MethodHandleAccessorFactory::newConstructorAccessor@70
  0x000001d51c40c748: 8c5e 07e9 | 8af9 ffff 

  0x000001d51c40c750: ;   {metadata({method} {0x000001d53020e308} '<init>' '(Ljava/lang/reflect/Constructor;Ljava/lang/invoke/MethodHandle;)V' in 'jdk/internal/reflect/DirectConstructorHandleAccessor')}
  0x000001d51c40c750: 49ba 00e3 | 2030 d501 | 0000 4c89 | 5424 0848 | c704 24ff 

  0x000001d51c40c764: ;   {runtime_call counter_overflow Runtime1 stub}
  0x000001d51c40c764: ffff ffe8 

  0x000001d51c40c768: ; ImmutableOopMap {rbx=Oop r8=Oop rax=Oop [136]=Oop }
                      ;*synchronization entry
                      ; - jdk.internal.reflect.DirectConstructorHandleAccessor::<init>@-1
                      ; - jdk.internal.reflect.DirectConstructorHandleAccessor::constructorAccessor@6
                      ; - jdk.internal.reflect.MethodHandleAccessorFactory::newConstructorAccessor@70
  0x000001d51c40c768: 94d4 5e07 | e9a5 f9ff 

  0x000001d51c40c770: ;   {metadata({method} {0x000001d5300878e8} '<init>' '()V' in 'jdk/internal/reflect/ConstructorAccessorImpl')}
  0x000001d51c40c770: ff49 bae0 | 7808 30d5 | 0100 004c | 8954 2408 | 48c7 0424 | ffff ffff 

  0x000001d51c40c788: ;   {runtime_call counter_overflow Runtime1 stub}
  0x000001d51c40c788: e873 d45e 

  0x000001d51c40c78c: ; ImmutableOopMap {rbx=Oop r8=Oop rax=Oop [136]=Oop }
                      ;*synchronization entry
                      ; - jdk.internal.reflect.ConstructorAccessorImpl::<init>@-1
                      ; - jdk.internal.reflect.DirectConstructorHandleAccessor::<init>@1
                      ; - jdk.internal.reflect.DirectConstructorHandleAccessor::constructorAccessor@6
                      ; - jdk.internal.reflect.MethodHandleAccessorFactory::newConstructorAccessor@70
  0x000001d51c40c78c: 07e9 c0f9 

  0x000001d51c40c790: ;   {metadata({method} {0x000001d530086d98} '<init>' '()V' in 'jdk/internal/reflect/MagicAccessorImpl')}
  0x000001d51c40c790: ffff 49ba | 906d 0830 | d501 0000 | 4c89 5424 | 0848 c704 | 24ff ffff 

  0x000001d51c40c7a8: ;   {runtime_call counter_overflow Runtime1 stub}
  0x000001d51c40c7a8: ffe8 52d4 

  0x000001d51c40c7ac: ; ImmutableOopMap {rbx=Oop r8=Oop rax=Oop [136]=Oop }
                      ;*synchronization entry
                      ; - jdk.internal.reflect.MagicAccessorImpl::<init>@-1
                      ; - jdk.internal.reflect.ConstructorAccessorImpl::<init>@1
                      ; - jdk.internal.reflect.DirectConstructorHandleAccessor::<init>@1
                      ; - jdk.internal.reflect.DirectConstructorHandleAccessor::constructorAccessor@6
                      ; - jdk.internal.reflect.MethodHandleAccessorFactory::newConstructorAccessor@70
  0x000001d51c40c7ac: 5e07 e9db 

  0x000001d51c40c7b0: ;   {metadata({method} {0x000001d530000638} '<init>' '()V' in 'java/lang/Object')}
  0x000001d51c40c7b0: f9ff ff49 | ba30 0600 | 30d5 0100 | 004c 8954 | 2408 48c7 | 0424 ffff 

  0x000001d51c40c7c8: ;   {runtime_call counter_overflow Runtime1 stub}
  0x000001d51c40c7c8: ffff e831 

  0x000001d51c40c7cc: ; ImmutableOopMap {rbx=Oop r8=Oop rax=Oop [136]=Oop }
                      ;*synchronization entry
                      ; - java.lang.Object::<init>@-1
                      ; - jdk.internal.reflect.MagicAccessorImpl::<init>@1
                      ; - jdk.internal.reflect.ConstructorAccessorImpl::<init>@1
                      ; - jdk.internal.reflect.DirectConstructorHandleAccessor::<init>@1
                      ; - jdk.internal.reflect.DirectConstructorHandleAccessor::constructorAccessor@6
                      ; - jdk.internal.reflect.MethodHandleAccessorFactory::newConstructorAccessor@70
  0x000001d51c40c7cc: d45e 07e9 | f6f9 ffff 

  0x000001d51c40c7d4: ;   {metadata({method} {0x000001d530080860} 'getParameterCount' '()I' in 'java/lang/reflect/Constructor')}
  0x000001d51c40c7d4: 49ba 5808 | 0830 d501 | 0000 4c89 | 5424 0848 | c704 24ff 

  0x000001d51c40c7e8: ;   {runtime_call counter_overflow Runtime1 stub}
  0x000001d51c40c7e8: ffff ffe8 

  0x000001d51c40c7ec: ; ImmutableOopMap {rbx=Oop r8=Oop rax=Oop [136]=Oop }
                      ;*synchronization entry
                      ; - java.lang.reflect.Constructor::getParameterCount@-1
                      ; - jdk.internal.reflect.DirectConstructorHandleAccessor::<init>@6
                      ; - jdk.internal.reflect.DirectConstructorHandleAccessor::constructorAccessor@6
                      ; - jdk.internal.reflect.MethodHandleAccessorFactory::newConstructorAccessor@70
  0x000001d51c40c7ec: 10d4 5e07 | e911 faff 

  0x000001d51c40c7f4: ;   {runtime_call throw_null_pointer_exception Runtime1 stub}
  0x000001d51c40c7f4: ffe8 0683 

  0x000001d51c40c7f8: ; ImmutableOopMap {rbx=Oop rax=Oop }
                      ;*arraylength {reexecute=0 rethrow=0 return_oop=0}
                      ; - java.lang.reflect.Constructor::getParameterCount@4
                      ; - jdk.internal.reflect.DirectConstructorHandleAccessor::<init>@6
                      ; - jdk.internal.reflect.DirectConstructorHandleAccessor::constructorAccessor@6
                      ; - jdk.internal.reflect.MethodHandleAccessorFactory::newConstructorAccessor@70
  0x000001d51c40c7f8: 5e07 8b50 | 1048 83fa | 000f 8416 | faff ff48 

  0x000001d51c40c808: ;   {runtime_call g1_pre_barrier_slow}
  0x000001d51c40c808: 8914 24e8 | f0d9 5e07 | e908 faff | ff48 83fb | 000f 8419 | faff ff48 

  0x000001d51c40c820: ;   {runtime_call g1_post_barrier_slow}
  0x000001d51c40c820: 8904 24e8 | d8dc 5e07 | e90b faff 

  0x000001d51c40c82c: ;   {internal_word}
  0x000001d51c40c82c: ff49 ba40 | c240 1cd5 | 0100 004d | 8997 6804 

  0x000001d51c40c83c: ;   {runtime_call SafepointBlob}
  0x000001d51c40c83c: 0000 e9bd 

  0x000001d51c40c840: ;   {metadata({method} {0x000001d53020e248} 'nativeAccessor' '(Ljava/lang/reflect/Constructor;)Ljdk/internal/reflect/ConstructorAccessorImpl;' in 'jdk/internal/reflect/DirectConstructorHandleAccessor')}
  0x000001d51c40c840: 8b53 0749 | ba40 e220 | 30d5 0100 | 004c 8954 | 2408 48c7 | 0424 ffff 

  0x000001d51c40c858: ;   {runtime_call counter_overflow Runtime1 stub}
  0x000001d51c40c858: ffff e8a1 

  0x000001d51c40c85c: ; ImmutableOopMap {r8=Oop [136]=Oop }
                      ;*synchronization entry
                      ; - jdk.internal.reflect.DirectConstructorHandleAccessor::nativeAccessor@-1
                      ; - jdk.internal.reflect.MethodHandleAccessorFactory::newConstructorAccessor@8
  0x000001d51c40c85c: d35e 07e9 | 2bfa ffff 

  0x000001d51c40c864: ;   {runtime_call fast_new_instance Runtime1 stub}
  0x000001d51c40c864: 488b d2e8 

  0x000001d51c40c868: ; ImmutableOopMap {r8=Oop [136]=Oop }
                      ;*new {reexecute=0 rethrow=0 return_oop=0}
                      ; - jdk.internal.reflect.DirectConstructorHandleAccessor::nativeAccessor@0
                      ; - jdk.internal.reflect.MethodHandleAccessorFactory::newConstructorAccessor@8
  0x000001d51c40c868: 948b 5e07 | e961 faff 

  0x000001d51c40c870: ;   {metadata({method} {0x000001d53020ee00} '<init>' '(Ljava/lang/reflect/Constructor;)V' in 'jdk/internal/reflect/DirectConstructorHandleAccessor$NativeAccessor')}
  0x000001d51c40c870: ff49 baf8 | ed20 30d5 | 0100 004c | 8954 2408 | 48c7 0424 | ffff ffff 

  0x000001d51c40c888: ;   {runtime_call counter_overflow Runtime1 stub}
  0x000001d51c40c888: e873 d35e 

  0x000001d51c40c88c: ; ImmutableOopMap {r8=Oop rax=Oop [136]=Oop }
                      ;*synchronization entry
                      ; - jdk.internal.reflect.DirectConstructorHandleAccessor$NativeAccessor::<init>@-1
                      ; - jdk.internal.reflect.DirectConstructorHandleAccessor::nativeAccessor@5
                      ; - jdk.internal.reflect.MethodHandleAccessorFactory::newConstructorAccessor@8
  0x000001d51c40c88c: 07e9 7cfa 

  0x000001d51c40c890: ;   {metadata({method} {0x000001d5300878e8} '<init>' '()V' in 'jdk/internal/reflect/ConstructorAccessorImpl')}
  0x000001d51c40c890: ffff 49ba | e078 0830 | d501 0000 | 4c89 5424 | 0848 c704 | 24ff ffff 

  0x000001d51c40c8a8: ;   {runtime_call counter_overflow Runtime1 stub}
  0x000001d51c40c8a8: ffe8 52d3 

  0x000001d51c40c8ac: ; ImmutableOopMap {r8=Oop rax=Oop [136]=Oop }
                      ;*synchronization entry
                      ; - jdk.internal.reflect.ConstructorAccessorImpl::<init>@-1
                      ; - jdk.internal.reflect.DirectConstructorHandleAccessor$NativeAccessor::<init>@1
                      ; - jdk.internal.reflect.DirectConstructorHandleAccessor::nativeAccessor@5
                      ; - jdk.internal.reflect.MethodHandleAccessorFactory::newConstructorAccessor@8
  0x000001d51c40c8ac: 5e07 e997 

  0x000001d51c40c8b0: ;   {metadata({method} {0x000001d530086d98} '<init>' '()V' in 'jdk/internal/reflect/MagicAccessorImpl')}
  0x000001d51c40c8b0: faff ff49 | ba90 6d08 | 30d5 0100 | 004c 8954 | 2408 48c7 | 0424 ffff 

  0x000001d51c40c8c8: ;   {runtime_call counter_overflow Runtime1 stub}
  0x000001d51c40c8c8: ffff e831 

  0x000001d51c40c8cc: ; ImmutableOopMap {r8=Oop rax=Oop [136]=Oop }
                      ;*synchronization entry
                      ; - jdk.internal.reflect.MagicAccessorImpl::<init>@-1
                      ; - jdk.internal.reflect.ConstructorAccessorImpl::<init>@1
                      ; - jdk.internal.reflect.DirectConstructorHandleAccessor$NativeAccessor::<init>@1
                      ; - jdk.internal.reflect.DirectConstructorHandleAccessor::nativeAccessor@5
                      ; - jdk.internal.reflect.MethodHandleAccessorFactory::newConstructorAccessor@8
  0x000001d51c40c8cc: d35e 07e9 | b2fa ffff 

  0x000001d51c40c8d4: ;   {metadata({method} {0x000001d530000638} '<init>' '()V' in 'java/lang/Object')}
  0x000001d51c40c8d4: 49ba 3006 | 0030 d501 | 0000 4c89 | 5424 0848 | c704 24ff 

  0x000001d51c40c8e8: ;   {runtime_call counter_overflow Runtime1 stub}
  0x000001d51c40c8e8: ffff ffe8 

  0x000001d51c40c8ec: ; ImmutableOopMap {r8=Oop rax=Oop [136]=Oop }
                      ;*synchronization entry
                      ; - java.lang.Object::<init>@-1
                      ; - jdk.internal.reflect.MagicAccessorImpl::<init>@1
                      ; - jdk.internal.reflect.ConstructorAccessorImpl::<init>@1
                      ; - jdk.internal.reflect.DirectConstructorHandleAccessor$NativeAccessor::<init>@1
                      ; - jdk.internal.reflect.DirectConstructorHandleAccessor::nativeAccessor@5
                      ; - jdk.internal.reflect.MethodHandleAccessorFactory::newConstructorAccessor@8
  0x000001d51c40c8ec: 10d3 5e07 | e9cd faff | ff8b 500c | 4883 fa00 | 0f84 cdfa | ffff 4889 

  0x000001d51c40c904: ;   {runtime_call g1_pre_barrier_slow}
  0x000001d51c40c904: 1424 e8f5 | d85e 07e9 | bffa ffff | 4983 f800 | 0f84 d0fa | ffff 4889 

  0x000001d51c40c91c: ;   {runtime_call g1_post_barrier_slow}
  0x000001d51c40c91c: 0424 e8dd | db5e 07e9 | c2fa ffff 

  0x000001d51c40c928: ;   {internal_word}
  0x000001d51c40c928: 49ba f2c3 | 401c d501 | 0000 4d89 | 9768 0400 

  0x000001d51c40c938: ;   {runtime_call SafepointBlob}
  0x000001d51c40c938: 00e9 c28a 

  0x000001d51c40c93c: ;   {metadata(nullptr)}
  0x000001d51c40c93c: 5307 48ba | 0000 0000 | 0000 0000 | b800 0f05 

  0x000001d51c40c94c: ;   {runtime_call load_klass_patching Runtime1 stub}
  0x000001d51c40c94c: 0ae8 2ec2 

  0x000001d51c40c950: ; ImmutableOopMap {[136]=Oop }
                      ;*new {reexecute=1 rethrow=0 return_oop=0}
                      ; - (reexecute) jdk.internal.misc.Unsafe::ensureClassInitialized@4
                      ; - jdk.internal.reflect.MethodHandleAccessorFactory::ensureClassInitialized@14
                      ; - jdk.internal.reflect.MethodHandleAccessorFactory::newConstructorAccessor@16
  0x000001d51c40c950: 5e07 e9a9 | faff ff48 

  0x000001d51c40c958: ;   {runtime_call fast_new_instance Runtime1 stub}
  0x000001d51c40c958: 8bd2 e8a1 

  0x000001d51c40c95c: ; ImmutableOopMap {[136]=Oop }
                      ;*new {reexecute=0 rethrow=0 return_oop=0}
                      ; - jdk.internal.misc.Unsafe::ensureClassInitialized@4
                      ; - jdk.internal.reflect.MethodHandleAccessorFactory::ensureClassInitialized@14
                      ; - jdk.internal.reflect.MethodHandleAccessorFactory::newConstructorAccessor@16
  0x000001d51c40c95c: 8a5e 07e9 | effa ffff 

  0x000001d51c40c964: ;   {metadata(nullptr)}
  0x000001d51c40c964: 48ba 0000 | 0000 0000 | 0000 b800 

  0x000001d51c40c970: ;   {runtime_call load_klass_patching Runtime1 stub}
  0x000001d51c40c970: 0f05 0ae8 

  0x000001d51c40c974: ; ImmutableOopMap {[136]=Oop [144]=Oop }
                      ;*new {reexecute=1 rethrow=0 return_oop=0}
                      ; - (reexecute) jdk.internal.misc.Unsafe::shouldBeInitialized@4
                      ; - jdk.internal.reflect.MethodHandleAccessorFactory::ensureClassInitialized@4
                      ; - jdk.internal.reflect.MethodHandleAccessorFactory::newConstructorAccessor@16
  0x000001d51c40c974: 08c2 5e07 | e91b fbff | ff48 8bd2 

  0x000001d51c40c980: ;   {runtime_call fast_new_instance Runtime1 stub}
  0x000001d51c40c980: e87b 8a5e 

  0x000001d51c40c984: ; ImmutableOopMap {[136]=Oop [144]=Oop }
                      ;*new {reexecute=0 rethrow=0 return_oop=0}
                      ; - jdk.internal.misc.Unsafe::shouldBeInitialized@4
                      ; - jdk.internal.reflect.MethodHandleAccessorFactory::ensureClassInitialized@4
                      ; - jdk.internal.reflect.MethodHandleAccessorFactory::newConstructorAccessor@16
  0x000001d51c40c984: 07e9 61fb 

  0x000001d51c40c988: ;   {metadata(nullptr)}
  0x000001d51c40c988: ffff 48ba | 0000 0000 | 0000 0000 | b800 0f05 

  0x000001d51c40c998: ;   {runtime_call load_klass_patching Runtime1 stub}
  0x000001d51c40c998: 0ae8 e2c1 

  0x000001d51c40c99c: ; ImmutableOopMap {r8=Oop }
                      ;*new {reexecute=1 rethrow=0 return_oop=0}
                      ; - (reexecute) jdk.internal.reflect.MethodHandleAccessorFactory::newConstructorAccessor@75
  0x000001d51c40c99c: 5e07 e9a5 | fbff ff48 

  0x000001d51c40c9a4: ;   {runtime_call fast_new_instance Runtime1 stub}
  0x000001d51c40c9a4: 8bd2 e855 

  0x000001d51c40c9a8: ; ImmutableOopMap {r8=Oop }
                      ;*new {reexecute=0 rethrow=0 return_oop=0}
                      ; - jdk.internal.reflect.MethodHandleAccessorFactory::newConstructorAccessor@75
  0x000001d51c40c9a8: 8a5e 07e9 | e7fb ffff | 498b 8700 | 0500 0049 | c787 0005 | 0000 0000 | 0000 49c7 | 8708 0500 
  0x000001d51c40c9c8: 0000 0000 | 0048 81c4 | e000 0000 

  0x000001d51c40c9d4: ;   {runtime_call unwind_exception Runtime1 stub}
  0x000001d51c40c9d4: 5de9 2672 | 5e07 f4f4 | f4f4 f4f4 
[Stub Code]
  0x000001d51c40c9e0: ;   {no_reloc}
  0x000001d51c40c9e0: 0f1f 4400 

  0x000001d51c40c9e4: ;   {static_stub}
  0x000001d51c40c9e4: 0048 bb00 | 0000 0000 

  0x000001d51c40c9ec: ;   {runtime_call nmethod}
  0x000001d51c40c9ec: 0000 00e9 | fbff ffff 

  0x000001d51c40c9f4: ;   {static_stub}
  0x000001d51c40c9f4: 9048 bb88 | 8209 30d5 

  0x000001d51c40c9fc: ;   {runtime_call I2C/C2I adapters}
  0x000001d51c40c9fc: 0100 00e9 | e187 5107 

  0x000001d51c40ca04: ;   {static_stub}
  0x000001d51c40ca04: 9048 bb00 | 0000 0000 

  0x000001d51c40ca0c: ;   {runtime_call nmethod}
  0x000001d51c40ca0c: 0000 00e9 | fbff ffff 

  0x000001d51c40ca14: ;   {static_stub}
  0x000001d51c40ca14: 48bb 0000 | 0000 0000 

  0x000001d51c40ca1c: ;   {runtime_call nmethod}
  0x000001d51c40ca1c: 0000 e9fb 

  0x000001d51c40ca20: ;   {static_stub}
  0x000001d51c40ca20: ffff ff48 | bb00 0000 | 0000 0000 

  0x000001d51c40ca2c: ;   {runtime_call nmethod}
  0x000001d51c40ca2c: 00e9 fbff 

  0x000001d51c40ca30: ;   {static_stub}
  0x000001d51c40ca30: ffff 48bb | 0000 0000 | 0000 0000 

  0x000001d51c40ca3c: ;   {runtime_call nmethod}
  0x000001d51c40ca3c: e9fb ffff 

  0x000001d51c40ca40: ;   {static_stub}
  0x000001d51c40ca40: ff48 bba8 | e52c 30d5 

  0x000001d51c40ca48: ;   {runtime_call I2C/C2I adapters}
  0x000001d51c40ca48: 0100 00e9 | 0e75 5307 

  0x000001d51c40ca50: ;   {static_stub}
  0x000001d51c40ca50: 48bb 38ca | 2030 d501 

  0x000001d51c40ca58: ;   {runtime_call I2C/C2I adapters}
  0x000001d51c40ca58: 0000 e97a 

  0x000001d51c40ca5c: ;   {static_stub}
  0x000001d51c40ca5c: 6d53 0748 | bb00 0000 | 0000 0000 

  0x000001d51c40ca68: ;   {runtime_call nmethod}
  0x000001d51c40ca68: 00e9 fbff 

  0x000001d51c40ca6c: ;   {static_stub}
  0x000001d51c40ca6c: ffff 48bb | 987a 0930 | d501 0000 

  0x000001d51c40ca78: ;   {runtime_call I2C/C2I adapters}
  0x000001d51c40ca78: e9e1 7453 

  0x000001d51c40ca7c: ;   {static_stub}
  0x000001d51c40ca7c: 0748 bb00 | 0000 0000 

  0x000001d51c40ca84: ;   {runtime_call nmethod}
  0x000001d51c40ca84: 0000 00e9 | fbff ffff 

  0x000001d51c40ca8c: ;   {static_stub}
  0x000001d51c40ca8c: 48bb 0000 | 0000 0000 

  0x000001d51c40ca94: ;   {runtime_call nmethod}
  0x000001d51c40ca94: 0000 e9fb 

  0x000001d51c40ca98: ;   {runtime_call handle_exception_from_callee Runtime1 stub}
  0x000001d51c40ca98: ffff ffe8 | 609e 5e07 

  0x000001d51c40caa0: ;   {external_word}
  0x000001d51c40caa0: 48b9 d061 | b5a4 fb7f | 0000 4883 

  0x000001d51c40caac: ;   {runtime_call}
  0x000001d51c40caac: e4f0 48b8 | 90db 83a4 | fb7f 0000 

  0x000001d51c40cab8: ;   {section_word}
  0x000001d51c40cab8: ffd0 f449 | babb ca40 | 1cd5 0100 

  0x000001d51c40cac4: ;   {runtime_call DeoptimizationBlob}
  0x000001d51c40cac4: 0041 52e9 | d47b 5307 | f4f4 f4f4 
[/MachCode]


---------------  P R O C E S S  ---------------

Threads class SMR info:
_java_thread_list=0x000001d5397d02b0, length=70, elements={
0x000001d516e42ef0, 0x000001d52f6b1ad0, 0x000001d52f6c5a50, 0x000001d52f6d38f0,
0x000001d52f6e7e40, 0x000001d52f6e84b0, 0x000001d52f6e9e30, 0x000001d52f6eb010,
0x000001d52f6fade0, 0x000001d52f71c010, 0x000001d52f9c8600, 0x000001d534f3efb0,
0x000001d535e955f0, 0x000001d535acbf20, 0x000001d5358f28b0, 0x000001d5358f2f20,
0x000001d535e85000, 0x000001d534b46b60, 0x000001d53441b750, 0x000001d53441c470,
0x000001d53441bde0, 0x000001d53441cb00, 0x000001d535e4f210, 0x000001d535e4d140,
0x000001d535e4eb80, 0x000001d535e4bd90, 0x000001d535e4d7d0, 0x000001d535e4f8a0,
0x000001d535e4de60, 0x000001d535e4c420, 0x000001d535e4ff30, 0x000001d535e4cab0,
0x000001d535e512e0, 0x000001d535e533b0, 0x000001d535e51970, 0x000001d535e50c50,
0x000001d535e505c0, 0x000001d535e52690, 0x000001d535df9280, 0x000001d535df8bf0,
0x000001d535df6490, 0x000001d535df9fa0, 0x000001d535df6b20, 0x000001d535dfd420,
0x000001d535dfc700, 0x000001d535dfa630, 0x000001d535dfb9e0, 0x000001d535dfc070,
0x000001d534f27e10, 0x000001d534f28b30, 0x000001d534f284a0, 0x000001d534f256b0,
0x000001d534f291c0, 0x000001d534f26a60, 0x000001d534f25d40, 0x000001d534f29850,
0x000001d53a3ae5b0, 0x000001d534f263d0, 0x000001d5391dbd00, 0x000001d534f2b920,
0x000001d535df8560, 0x000001d53bdc8590, 0x000001d53bdc92b0, 0x000001d53bdcba10,
0x000001d53bdca660, 0x000001d53bdcacf0, 0x000001d53bdcb380, 0x000001d53bdcc0a0,
0x000001d53bdc9940, 0x000001d53a3a9d80
}

Java Threads: ( => current thread )
  0x000001d516e42ef0 JavaThread "main"                              [_thread_blocked, id=6620, stack(0x00000032e2400000,0x00000032e2500000) (1024K)]
  0x000001d52f6b1ad0 JavaThread "Common-Cleaner"             daemon [_thread_blocked, id=23516, stack(0x00000032e2c00000,0x00000032e2d00000) (1024K)]
  0x000001d52f6c5a50 JavaThread "Reference Handler"          daemon [_thread_blocked, id=31704, stack(0x00000032e2d00000,0x00000032e2e00000) (1024K)]
  0x000001d52f6d38f0 JavaThread "Finalizer"                  daemon [_thread_blocked, id=13792, stack(0x00000032e2e00000,0x00000032e2f00000) (1024K)]
  0x000001d52f6e7e40 JavaThread "Signal Dispatcher"          daemon [_thread_blocked, id=8324, stack(0x00000032e2f00000,0x00000032e3000000) (1024K)]
  0x000001d52f6e84b0 JavaThread "Attach Listener"            daemon [_thread_blocked, id=26420, stack(0x00000032e3000000,0x00000032e3100000) (1024K)]
  0x000001d52f6e9e30 JavaThread "Service Thread"             daemon [_thread_blocked, id=26092, stack(0x00000032e3100000,0x00000032e3200000) (1024K)]
  0x000001d52f6eb010 JavaThread "Monitor Deflation Thread"   daemon [_thread_blocked, id=30760, stack(0x00000032e3200000,0x00000032e3300000) (1024K)]
  0x000001d52f6fade0 JavaThread "C2 CompilerThread0"         daemon [_thread_blocked, id=28600, stack(0x00000032e3300000,0x00000032e3400000) (1024K)]
  0x000001d52f71c010 JavaThread "C1 CompilerThread0"         daemon [_thread_blocked, id=10520, stack(0x00000032e3400000,0x00000032e3500000) (1024K)]
  0x000001d52f9c8600 JavaThread "Notification Thread"        daemon [_thread_blocked, id=23608, stack(0x00000032e3500000,0x00000032e3600000) (1024K)]
  0x000001d534f3efb0 JavaThread "Daemon health stats"               [_thread_blocked, id=26604, stack(0x00000032e3b00000,0x00000032e3c00000) (1024K)]
  0x000001d535e955f0 JavaThread "Incoming local TCP Connector on port 57813"        [_thread_in_native, id=25912, stack(0x00000032e3c00000,0x00000032e3d00000) (1024K)]
  0x000001d535acbf20 JavaThread "Daemon periodic checks"            [_thread_blocked, id=1008, stack(0x00000032e3d00000,0x00000032e3e00000) (1024K)]
  0x000001d5358f28b0 JavaThread "Daemon"                            [_thread_blocked, id=6896, stack(0x00000032e3e00000,0x00000032e3f00000) (1024K)]
  0x000001d5358f2f20 JavaThread "Handler for socket connection from /127.0.0.1:57813 to /127.0.0.1:57815"        [_thread_in_native, id=8316, stack(0x00000032e3f00000,0x00000032e4000000) (1024K)]
  0x000001d535e85000 JavaThread "Cancel handler"                    [_thread_blocked, id=7212, stack(0x00000032e4000000,0x00000032e4100000) (1024K)]
=>0x000001d534b46b60 JavaThread "Daemon worker"                     [_thread_in_vm, id=30080, stack(0x00000032e4100000,0x00000032e4200000) (1024K)]
  0x000001d53441b750 JavaThread "Asynchronous log dispatcher for DefaultDaemonConnection: socket connection from /127.0.0.1:57813 to /127.0.0.1:57815"        [_thread_blocked, id=23672, stack(0x00000032e4200000,0x00000032e4300000) (1024K)]
  0x000001d53441c470 JavaThread "Stdin handler"                     [_thread_blocked, id=3388, stack(0x00000032e4300000,0x00000032e4400000) (1024K)]
  0x000001d53441bde0 JavaThread "Daemon client event forwarder"        [_thread_blocked, id=23984, stack(0x00000032e4400000,0x00000032e4500000) (1024K)]
  0x000001d53441cb00 JavaThread "Cache worker for journal cache (C:\Users\Principal\.gradle\caches\journal-1)"        [_thread_blocked, id=9940, stack(0x00000032e4900000,0x00000032e4a00000) (1024K)]
  0x000001d535e4f210 JavaThread "File lock request listener"        [_thread_in_native, id=9344, stack(0x00000032e4a00000,0x00000032e4b00000) (1024K)]
  0x000001d535e4d140 JavaThread "Cache worker for file hash cache (C:\Users\Principal\.gradle\caches\8.6\fileHashes)"        [_thread_blocked, id=14708, stack(0x00000032e4b00000,0x00000032e4c00000) (1024K)]
  0x000001d535e4eb80 JavaThread "File watcher server"        daemon [_thread_in_native, id=15816, stack(0x00000032e4c00000,0x00000032e4d00000) (1024K)]
  0x000001d535e4bd90 JavaThread "File watcher consumer"      daemon [_thread_blocked, id=3240, stack(0x00000032e4d00000,0x00000032e4e00000) (1024K)]
  0x000001d535e4d7d0 JavaThread "jar transforms"                    [_thread_blocked, id=24288, stack(0x00000032e4e00000,0x00000032e4f00000) (1024K)]
  0x000001d535e4f8a0 JavaThread "jar transforms Thread 2"           [_thread_blocked, id=27680, stack(0x00000032e4f00000,0x00000032e5000000) (1024K)]
  0x000001d535e4de60 JavaThread "jar transforms Thread 3"           [_thread_blocked, id=4168, stack(0x00000032e5000000,0x00000032e5100000) (1024K)]
  0x000001d535e4c420 JavaThread "jar transforms Thread 4"           [_thread_blocked, id=23132, stack(0x00000032e5100000,0x00000032e5200000) (1024K)]
  0x000001d535e4ff30 JavaThread "jar transforms Thread 5"           [_thread_blocked, id=31204, stack(0x00000032e5200000,0x00000032e5300000) (1024K)]
  0x000001d535e4cab0 JavaThread "jar transforms Thread 6"           [_thread_blocked, id=29960, stack(0x00000032e5300000,0x00000032e5400000) (1024K)]
  0x000001d535e512e0 JavaThread "jar transforms Thread 7"           [_thread_blocked, id=14712, stack(0x00000032e5400000,0x00000032e5500000) (1024K)]
  0x000001d535e533b0 JavaThread "jar transforms Thread 8"           [_thread_blocked, id=18128, stack(0x00000032e5500000,0x00000032e5600000) (1024K)]
  0x000001d535e51970 JavaThread "Cache worker for checksums cache (C:\Users\Principal\Desktop\OPSC S1\PART 2\BudgetBuddy\BudgetBuddy\.gradle\8.6\checksums)"        [_thread_blocked, id=25700, stack(0x00000032e5600000,0x00000032e5700000) (1024K)]
  0x000001d535e50c50 JavaThread "Cache worker for file hash cache (C:\Users\Principal\Desktop\OPSC S1\PART 2\BudgetBuddy\BudgetBuddy\.gradle\8.6\fileHashes)"        [_thread_blocked, id=6100, stack(0x00000032e5700000,0x00000032e5800000) (1024K)]
  0x000001d535e505c0 JavaThread "Cache worker for cache directory md-supplier (C:\Users\Principal\.gradle\caches\8.6\md-supplier)"        [_thread_blocked, id=29752, stack(0x00000032e5800000,0x00000032e5900000) (1024K)]
  0x000001d535e52690 JavaThread "Cache worker for cache directory md-rule (C:\Users\Principal\.gradle\caches\8.6\md-rule)"        [_thread_blocked, id=15868, stack(0x00000032e5900000,0x00000032e5a00000) (1024K)]
  0x000001d535df9280 JavaThread "Cache worker for file content cache (C:\Users\Principal\.gradle\caches\8.6\fileContent)"        [_thread_blocked, id=31668, stack(0x00000032e5a00000,0x00000032e5b00000) (1024K)]
  0x000001d535df8bf0 JavaThread "Unconstrained build operations"        [_thread_blocked, id=29496, stack(0x00000032e5b00000,0x00000032e5c00000) (1024K)]
  0x000001d535df6490 JavaThread "Unconstrained build operations Thread 2"        [_thread_blocked, id=5780, stack(0x00000032e5c00000,0x00000032e5d00000) (1024K)]
  0x000001d535df9fa0 JavaThread "Unconstrained build operations Thread 3"        [_thread_blocked, id=22704, stack(0x00000032e5d00000,0x00000032e5e00000) (1024K)]
  0x000001d535df6b20 JavaThread "Unconstrained build operations Thread 4"        [_thread_blocked, id=3572, stack(0x00000032e5e00000,0x00000032e5f00000) (1024K)]
  0x000001d535dfd420 JavaThread "Unconstrained build operations Thread 5"        [_thread_blocked, id=28308, stack(0x00000032e5f00000,0x00000032e6000000) (1024K)]
  0x000001d535dfc700 JavaThread "Unconstrained build operations Thread 6"        [_thread_blocked, id=31636, stack(0x00000032e6000000,0x00000032e6100000) (1024K)]
  0x000001d535dfa630 JavaThread "Unconstrained build operations Thread 7"        [_thread_blocked, id=29140, stack(0x00000032e6100000,0x00000032e6200000) (1024K)]
  0x000001d535dfb9e0 JavaThread "Unconstrained build operations Thread 8"        [_thread_blocked, id=30056, stack(0x00000032e6200000,0x00000032e6300000) (1024K)]
  0x000001d535dfc070 JavaThread "Unconstrained build operations Thread 9"        [_thread_blocked, id=25880, stack(0x00000032e6300000,0x00000032e6400000) (1024K)]
  0x000001d534f27e10 JavaThread "Cache worker for Build Output Cleanup Cache (C:\Users\Principal\Desktop\OPSC S1\PART 2\BudgetBuddy\BudgetBuddy\.gradle\buildOutputCleanup)"        [_thread_blocked, id=300, stack(0x00000032e6400000,0x00000032e6500000) (1024K)]
  0x000001d534f28b30 JavaThread "Unconstrained build operations Thread 10"        [_thread_blocked, id=17276, stack(0x00000032e3900000,0x00000032e3a00000) (1024K)]
  0x000001d534f284a0 JavaThread "Unconstrained build operations Thread 11"        [_thread_blocked, id=22680, stack(0x00000032e6500000,0x00000032e6600000) (1024K)]
  0x000001d534f256b0 JavaThread "Unconstrained build operations Thread 12"        [_thread_blocked, id=5908, stack(0x00000032e6600000,0x00000032e6700000) (1024K)]
  0x000001d534f291c0 JavaThread "Unconstrained build operations Thread 13"        [_thread_blocked, id=24052, stack(0x00000032e6700000,0x00000032e6800000) (1024K)]
  0x000001d534f26a60 JavaThread "Unconstrained build operations Thread 14"        [_thread_blocked, id=6380, stack(0x00000032e6800000,0x00000032e6900000) (1024K)]
  0x000001d534f25d40 JavaThread "Unconstrained build operations Thread 15"        [_thread_blocked, id=17496, stack(0x00000032e6900000,0x00000032e6a00000) (1024K)]
  0x000001d534f29850 JavaThread "Unconstrained build operations Thread 16"        [_thread_blocked, id=12016, stack(0x00000032e6a00000,0x00000032e6b00000) (1024K)]
  0x000001d53a3ae5b0 JavaThread "Memory manager"                    [_thread_blocked, id=22256, stack(0x00000032e2100000,0x00000032e2200000) (1024K)]
  0x000001d534f263d0 JavaThread "build event listener"              [_thread_blocked, id=26516, stack(0x00000032e2300000,0x00000032e2400000) (1024K)]
  0x000001d5391dbd00 JavaThread "pool-3-thread-1"                   [_thread_blocked, id=3880, stack(0x00000032e6f00000,0x00000032e7000000) (1024K)]
  0x000001d534f2b920 JavaThread "included builds"                   [_thread_blocked, id=488, stack(0x00000032e6e00000,0x00000032e6f00000) (1024K)]
  0x000001d535df8560 JavaThread "Execution worker"                  [_thread_blocked, id=30176, stack(0x00000032e7000000,0x00000032e7100000) (1024K)]
  0x000001d53bdc8590 JavaThread "Execution worker Thread 2"         [_thread_blocked, id=1792, stack(0x00000032e7100000,0x00000032e7200000) (1024K)]
  0x000001d53bdc92b0 JavaThread "Execution worker Thread 3"         [_thread_blocked, id=15732, stack(0x00000032e7200000,0x00000032e7300000) (1024K)]
  0x000001d53bdcba10 JavaThread "Execution worker Thread 4"         [_thread_blocked, id=30900, stack(0x00000032e7300000,0x00000032e7400000) (1024K)]
  0x000001d53bdca660 JavaThread "Execution worker Thread 5"         [_thread_blocked, id=16164, stack(0x00000032e7400000,0x00000032e7500000) (1024K)]
  0x000001d53bdcacf0 JavaThread "Execution worker Thread 6"         [_thread_blocked, id=31476, stack(0x00000032e7500000,0x00000032e7600000) (1024K)]
  0x000001d53bdcb380 JavaThread "Execution worker Thread 7"         [_thread_blocked, id=3244, stack(0x00000032e7600000,0x00000032e7700000) (1024K)]
  0x000001d53bdcc0a0 JavaThread "Cache worker for execution history cache (C:\Users\Principal\Desktop\OPSC S1\PART 2\BudgetBuddy\BudgetBuddy\.gradle\8.6\executionHistory)"        [_thread_blocked, id=19208, stack(0x00000032e7700000,0x00000032e7800000) (1024K)]
  0x000001d53bdc9940 JavaThread "idea-tooling-model-converter"        [_thread_blocked, id=29252, stack(0x00000032e7800000,0x00000032e7900000) (1024K)]
  0x000001d53a3a9d80 JavaThread "Keep-Alive-Timer"           daemon [_thread_blocked, id=29932, stack(0x00000032e2200000,0x00000032e2300000) (1024K)]
Total: 70

Other Threads:
  0x000001d52f54b9c0 VMThread "VM Thread"                           [id=28668, stack(0x00000032e2b00000,0x00000032e2c00000) (1024K)] _threads_hazard_ptr=0x000001d5397d02b0
  0x000001d52f4b57f0 WatcherThread "VM Periodic Task Thread"        [id=29880, stack(0x00000032e2a00000,0x00000032e2b00000) (1024K)]
  0x000001d519293ff0 WorkerThread "GC Thread#0"                     [id=31648, stack(0x00000032e2500000,0x00000032e2600000) (1024K)]
  0x000001d534129bb0 WorkerThread "GC Thread#1"                     [id=30040, stack(0x00000032e3600000,0x00000032e3700000) (1024K)]
  0x000001d5343eedb0 WorkerThread "GC Thread#2"                     [id=15528, stack(0x00000032e3700000,0x00000032e3800000) (1024K)]
  0x000001d5343ef160 WorkerThread "GC Thread#3"                     [id=22496, stack(0x00000032e3800000,0x00000032e3900000) (1024K)]
  0x000001d534d698a0 WorkerThread "GC Thread#4"                     [id=30932, stack(0x00000032e3a00000,0x00000032e3b00000) (1024K)]
  0x000001d534288850 WorkerThread "GC Thread#5"                     [id=29504, stack(0x00000032e4500000,0x00000032e4600000) (1024K)]
  0x000001d534288c00 WorkerThread "GC Thread#6"                     [id=23192, stack(0x00000032e4600000,0x00000032e4700000) (1024K)]
  0x000001d534288fb0 WorkerThread "GC Thread#7"                     [id=6320, stack(0x00000032e4700000,0x00000032e4800000) (1024K)]
  0x000001d5192a04e0 ConcurrentGCThread "G1 Main Marker"            [id=28796, stack(0x00000032e2600000,0x00000032e2700000) (1024K)]
  0x000001d5192a0f00 WorkerThread "G1 Conc#0"                       [id=21964, stack(0x00000032e2700000,0x00000032e2800000) (1024K)]
  0x000001d5358ac460 WorkerThread "G1 Conc#1"                       [id=30260, stack(0x00000032e4800000,0x00000032e4900000) (1024K)]
  0x000001d52f3914a0 ConcurrentGCThread "G1 Refine#0"               [id=2100, stack(0x00000032e2800000,0x00000032e2900000) (1024K)]
  0x000001d519315830 ConcurrentGCThread "G1 Service"                [id=10396, stack(0x00000032e2900000,0x00000032e2a00000) (1024K)]
Total: 15

Threads with active compile tasks:
Total: 0

VM state: synchronizing (normal execution)

VM Mutex/Monitor currently owned by a thread:  ([mutex/lock_event])
[0x00007ffba4dc64d0] Metaspace_lock - owner thread: 0x000001d534b46b60
[0x00007ffba4dc86d0] Threads_lock - owner thread: 0x000001d52f54b9c0

Heap address: 0x00000000c0000000, size: 1024 MB, Compressed Oops mode: 32-bit

CDS archive(s) not mapped
Compressed class space mapped at: 0x0000000100000000-0x0000000140000000, reserved size: 1073741824
Narrow klass base: 0x0000000000000000, Narrow klass shift: 3, Narrow klass range: 0x140000000

GC Precious Log:
 CardTable entry size: 512
 Card Set container configuration: InlinePtr #cards 5 size 8 Array Of Cards #cards 12 size 40 Howl #buckets 4 coarsen threshold 1843 Howl Bitmap #cards 512 size 80 coarsen threshold 460 Card regions per heap region 1 cards per card region 2048
 CPUs: 8 total, 8 available
 Memory: 5877M
 Large Page Support: Disabled
 NUMA Support: Disabled
 Compressed Oops: Enabled (32-bit)
 Heap Region Size: 1M
 Heap Min Capacity: 8M
 Heap Initial Capacity: 92M
 Heap Max Capacity: 1G
 Pre-touch: Disabled
 Parallel Workers: 8
 Concurrent Workers: 2
 Concurrent Refinement Workers: 8
 Periodic GC: Disabled

Heap:
 garbage-first heap   total 258048K, used 215629K [0x00000000c0000000, 0x0000000100000000)
  region size 1024K, 75 young (76800K), 5 survivors (5120K)
 Metaspace       used 131836K, committed 133888K, reserved 1179648K
  class space    used 17983K, committed 19008K, reserved 1048576K

Heap Regions: E=young(eden), S=young(survivor), O=old, HS=humongous(starts), HC=humongous(continues), CS=collection set, F=free, TAMS=top-at-mark-start, PB=parsable bottom
|   0|0x00000000c0000000, 0x00000000c0100000, 0x00000000c0100000|100%| O|  |TAMS 0x00000000c0000000| PB 0x00000000c0000000| Untracked 
|   1|0x00000000c0100000, 0x00000000c0200000, 0x00000000c0200000|100%| O|  |TAMS 0x00000000c0100000| PB 0x00000000c0100000| Untracked 
|   2|0x00000000c0200000, 0x00000000c0300000, 0x00000000c0300000|100%|HS|  |TAMS 0x00000000c0200000| PB 0x00000000c0200000| Complete 
|   3|0x00000000c0300000, 0x00000000c0400000, 0x00000000c0400000|100%|HC|  |TAMS 0x00000000c0300000| PB 0x00000000c0300000| Complete 
|   4|0x00000000c0400000, 0x00000000c0500000, 0x00000000c0500000|100%|HC|  |TAMS 0x00000000c0400000| PB 0x00000000c0400000| Complete 
|   5|0x00000000c0500000, 0x00000000c0600000, 0x00000000c0600000|100%|HC|  |TAMS 0x00000000c0500000| PB 0x00000000c0500000| Complete 
|   6|0x00000000c0600000, 0x00000000c0700000, 0x00000000c0700000|100%| O|  |TAMS 0x00000000c0600000| PB 0x00000000c0600000| Untracked 
|   7|0x00000000c0700000, 0x00000000c0800000, 0x00000000c0800000|100%| O|  |TAMS 0x00000000c0700000| PB 0x00000000c0700000| Untracked 
|   8|0x00000000c0800000, 0x00000000c0900000, 0x00000000c0900000|100%| O|  |TAMS 0x00000000c0800000| PB 0x00000000c0800000| Untracked 
|   9|0x00000000c0900000, 0x00000000c0a00000, 0x00000000c0a00000|100%| O|  |TAMS 0x00000000c0900000| PB 0x00000000c0900000| Untracked 
|  10|0x00000000c0a00000, 0x00000000c0b00000, 0x00000000c0b00000|100%| O|  |TAMS 0x00000000c0a00000| PB 0x00000000c0a00000| Untracked 
|  11|0x00000000c0b00000, 0x00000000c0c00000, 0x00000000c0c00000|100%| O|  |TAMS 0x00000000c0b00000| PB 0x00000000c0b00000| Untracked 
|  12|0x00000000c0c00000, 0x00000000c0d00000, 0x00000000c0d00000|100%|HS|  |TAMS 0x00000000c0c00000| PB 0x00000000c0c00000| Complete 
|  13|0x00000000c0d00000, 0x00000000c0e00000, 0x00000000c0e00000|100%|HC|  |TAMS 0x00000000c0d00000| PB 0x00000000c0d00000| Complete 
|  14|0x00000000c0e00000, 0x00000000c0f00000, 0x00000000c0f00000|100%|HC|  |TAMS 0x00000000c0e00000| PB 0x00000000c0e00000| Complete 
|  15|0x00000000c0f00000, 0x00000000c1000000, 0x00000000c1000000|100%|HC|  |TAMS 0x00000000c0f00000| PB 0x00000000c0f00000| Complete 
|  16|0x00000000c1000000, 0x00000000c1100000, 0x00000000c1100000|100%|HC|  |TAMS 0x00000000c1000000| PB 0x00000000c1000000| Complete 
|  17|0x00000000c1100000, 0x00000000c1200000, 0x00000000c1200000|100%|HC|  |TAMS 0x00000000c1100000| PB 0x00000000c1100000| Complete 
|  18|0x00000000c1200000, 0x00000000c1300000, 0x00000000c1300000|100%|HS|  |TAMS 0x00000000c1200000| PB 0x00000000c1200000| Complete 
|  19|0x00000000c1300000, 0x00000000c1400000, 0x00000000c1400000|100%|HC|  |TAMS 0x00000000c1300000| PB 0x00000000c1300000| Complete 
|  20|0x00000000c1400000, 0x00000000c1500000, 0x00000000c1500000|100%|HS|  |TAMS 0x00000000c1400000| PB 0x00000000c1400000| Complete 
|  21|0x00000000c1500000, 0x00000000c1600000, 0x00000000c1600000|100%|HS|  |TAMS 0x00000000c1500000| PB 0x00000000c1500000| Complete 
|  22|0x00000000c1600000, 0x00000000c1700000, 0x00000000c1700000|100%|HC|  |TAMS 0x00000000c1600000| PB 0x00000000c1600000| Complete 
|  23|0x00000000c1700000, 0x00000000c1800000, 0x00000000c1800000|100%|HS|  |TAMS 0x00000000c1700000| PB 0x00000000c1700000| Complete 
|  24|0x00000000c1800000, 0x00000000c1900000, 0x00000000c1900000|100%| O|  |TAMS 0x00000000c1800000| PB 0x00000000c1800000| Untracked 
|  25|0x00000000c1900000, 0x00000000c1a00000, 0x00000000c1a00000|100%| O|  |TAMS 0x00000000c1900000| PB 0x00000000c1900000| Untracked 
|  26|0x00000000c1a00000, 0x00000000c1b00000, 0x00000000c1b00000|100%| O|  |TAMS 0x00000000c1a00000| PB 0x00000000c1a00000| Untracked 
|  27|0x00000000c1b00000, 0x00000000c1c00000, 0x00000000c1c00000|100%| O|  |TAMS 0x00000000c1b00000| PB 0x00000000c1b00000| Untracked 
|  28|0x00000000c1c00000, 0x00000000c1d00000, 0x00000000c1d00000|100%| O|  |TAMS 0x00000000c1c00000| PB 0x00000000c1c00000| Untracked 
|  29|0x00000000c1d00000, 0x00000000c1e00000, 0x00000000c1e00000|100%| O|  |TAMS 0x00000000c1d00000| PB 0x00000000c1d00000| Untracked 
|  30|0x00000000c1e00000, 0x00000000c1f00000, 0x00000000c1f00000|100%|HS|  |TAMS 0x00000000c1e00000| PB 0x00000000c1e00000| Complete 
|  31|0x00000000c1f00000, 0x00000000c2000000, 0x00000000c2000000|100%|HC|  |TAMS 0x00000000c1f00000| PB 0x00000000c1f00000| Complete 
|  32|0x00000000c2000000, 0x00000000c2100000, 0x00000000c2100000|100%|HC|  |TAMS 0x00000000c2000000| PB 0x00000000c2000000| Complete 
|  33|0x00000000c2100000, 0x00000000c2200000, 0x00000000c2200000|100%|HC|  |TAMS 0x00000000c2100000| PB 0x00000000c2100000| Complete 
|  34|0x00000000c2200000, 0x00000000c2300000, 0x00000000c2300000|100%|HC|  |TAMS 0x00000000c2200000| PB 0x00000000c2200000| Complete 
|  35|0x00000000c2300000, 0x00000000c2400000, 0x00000000c2400000|100%|HC|  |TAMS 0x00000000c2300000| PB 0x00000000c2300000| Complete 
|  36|0x00000000c2400000, 0x00000000c2500000, 0x00000000c2500000|100%| O|  |TAMS 0x00000000c2400000| PB 0x00000000c2400000| Untracked 
|  37|0x00000000c2500000, 0x00000000c2600000, 0x00000000c2600000|100%| O|  |TAMS 0x00000000c2500000| PB 0x00000000c2500000| Untracked 
|  38|0x00000000c2600000, 0x00000000c2700000, 0x00000000c2700000|100%| O|  |TAMS 0x00000000c2600000| PB 0x00000000c2600000| Untracked 
|  39|0x00000000c2700000, 0x00000000c2800000, 0x00000000c2800000|100%| O|  |TAMS 0x00000000c2700000| PB 0x00000000c2700000| Untracked 
|  40|0x00000000c2800000, 0x00000000c2900000, 0x00000000c2900000|100%| O|  |TAMS 0x00000000c2800000| PB 0x00000000c2800000| Untracked 
|  41|0x00000000c2900000, 0x00000000c2a00000, 0x00000000c2a00000|100%| O|  |TAMS 0x00000000c2900000| PB 0x00000000c2900000| Untracked 
|  42|0x00000000c2a00000, 0x00000000c2b00000, 0x00000000c2b00000|100%| O|  |TAMS 0x00000000c2a00000| PB 0x00000000c2a00000| Untracked 
|  43|0x00000000c2b00000, 0x00000000c2c00000, 0x00000000c2c00000|100%|HS|  |TAMS 0x00000000c2b00000| PB 0x00000000c2b00000| Complete 
|  44|0x00000000c2c00000, 0x00000000c2d00000, 0x00000000c2d00000|100%|HC|  |TAMS 0x00000000c2c00000| PB 0x00000000c2c00000| Complete 
|  45|0x00000000c2d00000, 0x00000000c2e00000, 0x00000000c2e00000|100%| O|  |TAMS 0x00000000c2d00000| PB 0x00000000c2d00000| Untracked 
|  46|0x00000000c2e00000, 0x00000000c2f00000, 0x00000000c2f00000|100%| O|  |TAMS 0x00000000c2e00000| PB 0x00000000c2e00000| Untracked 
|  47|0x00000000c2f00000, 0x00000000c3000000, 0x00000000c3000000|100%| O|  |TAMS 0x00000000c2f00000| PB 0x00000000c2f00000| Untracked 
|  48|0x00000000c3000000, 0x00000000c3100000, 0x00000000c3100000|100%| O|  |TAMS 0x00000000c3000000| PB 0x00000000c3000000| Untracked 
|  49|0x00000000c3100000, 0x00000000c3200000, 0x00000000c3200000|100%| O|  |TAMS 0x00000000c3100000| PB 0x00000000c3100000| Untracked 
|  50|0x00000000c3200000, 0x00000000c3300000, 0x00000000c3300000|100%| O|  |TAMS 0x00000000c3200000| PB 0x00000000c3200000| Untracked 
|  51|0x00000000c3300000, 0x00000000c3400000, 0x00000000c3400000|100%| O|  |TAMS 0x00000000c3300000| PB 0x00000000c3300000| Untracked 
|  52|0x00000000c3400000, 0x00000000c3500000, 0x00000000c3500000|100%| O|  |TAMS 0x00000000c3400000| PB 0x00000000c3400000| Untracked 
|  53|0x00000000c3500000, 0x00000000c3600000, 0x00000000c3600000|100%| O|  |TAMS 0x00000000c3500000| PB 0x00000000c3500000| Untracked 
|  54|0x00000000c3600000, 0x00000000c3700000, 0x00000000c3700000|100%| O|  |TAMS 0x00000000c3600000| PB 0x00000000c3600000| Untracked 
|  55|0x00000000c3700000, 0x00000000c3800000, 0x00000000c3800000|100%| O|  |TAMS 0x00000000c3700000| PB 0x00000000c3700000| Untracked 
|  56|0x00000000c3800000, 0x00000000c3900000, 0x00000000c3900000|100%| O|  |TAMS 0x00000000c3800000| PB 0x00000000c3800000| Untracked 
|  57|0x00000000c3900000, 0x00000000c3a00000, 0x00000000c3a00000|100%| O|  |TAMS 0x00000000c3900000| PB 0x00000000c3900000| Untracked 
|  58|0x00000000c3a00000, 0x00000000c3b00000, 0x00000000c3b00000|100%| O|  |TAMS 0x00000000c3a00000| PB 0x00000000c3a00000| Untracked 
|  59|0x00000000c3b00000, 0x00000000c3c00000, 0x00000000c3c00000|100%| O|  |TAMS 0x00000000c3b00000| PB 0x00000000c3b00000| Untracked 
|  60|0x00000000c3c00000, 0x00000000c3d00000, 0x00000000c3d00000|100%| O|  |TAMS 0x00000000c3c00000| PB 0x00000000c3c00000| Untracked 
|  61|0x00000000c3d00000, 0x00000000c3e00000, 0x00000000c3e00000|100%| O|  |TAMS 0x00000000c3d00000| PB 0x00000000c3d00000| Untracked 
|  62|0x00000000c3e00000, 0x00000000c3f00000, 0x00000000c3f00000|100%| O|  |TAMS 0x00000000c3e00000| PB 0x00000000c3e00000| Untracked 
|  63|0x00000000c3f00000, 0x00000000c4000000, 0x00000000c4000000|100%| O|  |TAMS 0x00000000c3f00000| PB 0x00000000c3f00000| Untracked 
|  64|0x00000000c4000000, 0x00000000c4100000, 0x00000000c4100000|100%| O|  |TAMS 0x00000000c4000000| PB 0x00000000c4000000| Untracked 
|  65|0x00000000c4100000, 0x00000000c4200000, 0x00000000c4200000|100%| O|  |TAMS 0x00000000c4100000| PB 0x00000000c4100000| Untracked 
|  66|0x00000000c4200000, 0x00000000c4300000, 0x00000000c4300000|100%|HS|  |TAMS 0x00000000c4200000| PB 0x00000000c4200000| Complete 
|  67|0x00000000c4300000, 0x00000000c4400000, 0x00000000c4400000|100%| O|  |TAMS 0x00000000c4300000| PB 0x00000000c4300000| Untracked 
|  68|0x00000000c4400000, 0x00000000c4500000, 0x00000000c4500000|100%| O|  |TAMS 0x00000000c4400000| PB 0x00000000c4400000| Untracked 
|  69|0x00000000c4500000, 0x00000000c4600000, 0x00000000c4600000|100%| O|  |TAMS 0x00000000c4500000| PB 0x00000000c4500000| Untracked 
|  70|0x00000000c4600000, 0x00000000c4700000, 0x00000000c4700000|100%|HS|  |TAMS 0x00000000c4600000| PB 0x00000000c4600000| Complete 
|  71|0x00000000c4700000, 0x00000000c4800000, 0x00000000c4800000|100%|HC|  |TAMS 0x00000000c4700000| PB 0x00000000c4700000| Complete 
|  72|0x00000000c4800000, 0x00000000c4900000, 0x00000000c4900000|100%|HS|  |TAMS 0x00000000c4800000| PB 0x00000000c4800000| Complete 
|  73|0x00000000c4900000, 0x00000000c4a00000, 0x00000000c4a00000|100%|HS|  |TAMS 0x00000000c4900000| PB 0x00000000c4900000| Complete 
|  74|0x00000000c4a00000, 0x00000000c4b00000, 0x00000000c4b00000|100%|HS|  |TAMS 0x00000000c4a00000| PB 0x00000000c4a00000| Complete 
|  75|0x00000000c4b00000, 0x00000000c4c00000, 0x00000000c4c00000|100%|HC|  |TAMS 0x00000000c4b00000| PB 0x00000000c4b00000| Complete 
|  76|0x00000000c4c00000, 0x00000000c4d00000, 0x00000000c4d00000|100%|HC|  |TAMS 0x00000000c4c00000| PB 0x00000000c4c00000| Complete 
|  77|0x00000000c4d00000, 0x00000000c4e00000, 0x00000000c4e00000|100%|HC|  |TAMS 0x00000000c4d00000| PB 0x00000000c4d00000| Complete 
|  78|0x00000000c4e00000, 0x00000000c4f00000, 0x00000000c4f00000|100%| O|  |TAMS 0x00000000c4e00000| PB 0x00000000c4e00000| Untracked 
|  79|0x00000000c4f00000, 0x00000000c5000000, 0x00000000c5000000|100%|HS|  |TAMS 0x00000000c4f00000| PB 0x00000000c4f00000| Complete 
|  80|0x00000000c5000000, 0x00000000c5100000, 0x00000000c5100000|100%| O|  |TAMS 0x00000000c5000000| PB 0x00000000c5000000| Untracked 
|  81|0x00000000c5100000, 0x00000000c5200000, 0x00000000c5200000|100%|HS|  |TAMS 0x00000000c5100000| PB 0x00000000c5100000| Complete 
|  82|0x00000000c5200000, 0x00000000c5300000, 0x00000000c5300000|100%|HC|  |TAMS 0x00000000c5200000| PB 0x00000000c5200000| Complete 
|  83|0x00000000c5300000, 0x00000000c5400000, 0x00000000c5400000|100%|HS|  |TAMS 0x00000000c5300000| PB 0x00000000c5300000| Complete 
|  84|0x00000000c5400000, 0x00000000c5500000, 0x00000000c5500000|100%|HS|  |TAMS 0x00000000c5400000| PB 0x00000000c5400000| Complete 
|  85|0x00000000c5500000, 0x00000000c5600000, 0x00000000c5600000|100%| O|  |TAMS 0x00000000c5500000| PB 0x00000000c5500000| Untracked 
|  86|0x00000000c5600000, 0x00000000c5700000, 0x00000000c5700000|100%| O|  |TAMS 0x00000000c5600000| PB 0x00000000c5600000| Untracked 
|  87|0x00000000c5700000, 0x00000000c5800000, 0x00000000c5800000|100%| O|  |TAMS 0x00000000c5700000| PB 0x00000000c5700000| Untracked 
|  88|0x00000000c5800000, 0x00000000c5900000, 0x00000000c5900000|100%|HS|  |TAMS 0x00000000c5800000| PB 0x00000000c5800000| Complete 
|  89|0x00000000c5900000, 0x00000000c5a00000, 0x00000000c5a00000|100%| O|  |TAMS 0x00000000c5900000| PB 0x00000000c5900000| Untracked 
|  90|0x00000000c5a00000, 0x00000000c5b00000, 0x00000000c5b00000|100%| O|  |TAMS 0x00000000c5a00000| PB 0x00000000c5a00000| Untracked 
|  91|0x00000000c5b00000, 0x00000000c5c00000, 0x00000000c5c00000|100%| O|  |TAMS 0x00000000c5b00000| PB 0x00000000c5b00000| Untracked 
|  92|0x00000000c5c00000, 0x00000000c5d00000, 0x00000000c5d00000|100%| O|  |TAMS 0x00000000c5c00000| PB 0x00000000c5c00000| Untracked 
|  93|0x00000000c5d00000, 0x00000000c5e00000, 0x00000000c5e00000|100%|HS|  |TAMS 0x00000000c5d00000| PB 0x00000000c5d00000| Complete 
|  94|0x00000000c5e00000, 0x00000000c5f00000, 0x00000000c5f00000|100%|HC|  |TAMS 0x00000000c5e00000| PB 0x00000000c5e00000| Complete 
|  95|0x00000000c5f00000, 0x00000000c6000000, 0x00000000c6000000|100%|HC|  |TAMS 0x00000000c5f00000| PB 0x00000000c5f00000| Complete 
|  96|0x00000000c6000000, 0x00000000c6100000, 0x00000000c6100000|100%|HC|  |TAMS 0x00000000c6000000| PB 0x00000000c6000000| Complete 
|  97|0x00000000c6100000, 0x00000000c6200000, 0x00000000c6200000|100%| O|  |TAMS 0x00000000c6100000| PB 0x00000000c6100000| Untracked 
|  98|0x00000000c6200000, 0x00000000c6300000, 0x00000000c6300000|100%| O|Cm|TAMS 0x00000000c6200000| PB 0x00000000c6200000| Complete 
|  99|0x00000000c6300000, 0x00000000c6400000, 0x00000000c6400000|100%| O|  |TAMS 0x00000000c6300000| PB 0x00000000c6300000| Untracked 
| 100|0x00000000c6400000, 0x00000000c6500000, 0x00000000c6500000|100%| O|  |TAMS 0x00000000c6400000| PB 0x00000000c6400000| Untracked 
| 101|0x00000000c6500000, 0x00000000c6600000, 0x00000000c6600000|100%| O|  |TAMS 0x00000000c6500000| PB 0x00000000c6500000| Untracked 
| 102|0x00000000c6600000, 0x00000000c6700000, 0x00000000c6700000|100%| O|  |TAMS 0x00000000c6600000| PB 0x00000000c6600000| Untracked 
| 103|0x00000000c6700000, 0x00000000c6800000, 0x00000000c6800000|100%| O|  |TAMS 0x00000000c6700000| PB 0x00000000c6700000| Untracked 
| 104|0x00000000c6800000, 0x00000000c6900000, 0x00000000c6900000|100%| O|  |TAMS 0x00000000c6800000| PB 0x00000000c6800000| Untracked 
| 105|0x00000000c6900000, 0x00000000c6a00000, 0x00000000c6a00000|100%| O|  |TAMS 0x00000000c6900000| PB 0x00000000c6900000| Untracked 
| 106|0x00000000c6a00000, 0x00000000c6b00000, 0x00000000c6b00000|100%| O|  |TAMS 0x00000000c6a00000| PB 0x00000000c6a00000| Untracked 
| 107|0x00000000c6b00000, 0x00000000c6c00000, 0x00000000c6c00000|100%| O|  |TAMS 0x00000000c6b00000| PB 0x00000000c6b00000| Untracked 
| 108|0x00000000c6c00000, 0x00000000c6d00000, 0x00000000c6d00000|100%|HS|  |TAMS 0x00000000c6c00000| PB 0x00000000c6c00000| Complete 
| 109|0x00000000c6d00000, 0x00000000c6e00000, 0x00000000c6e00000|100%|HC|  |TAMS 0x00000000c6d00000| PB 0x00000000c6d00000| Complete 
| 110|0x00000000c6e00000, 0x00000000c6e00000, 0x00000000c6f00000|  0%| F|  |TAMS 0x00000000c6e00000| PB 0x00000000c6e00000| Untracked 
| 111|0x00000000c6f00000, 0x00000000c6f00000, 0x00000000c7000000|  0%| F|  |TAMS 0x00000000c6f00000| PB 0x00000000c6f00000| Untracked 
| 112|0x00000000c7000000, 0x00000000c7100000, 0x00000000c7100000|100%| O|  |TAMS 0x00000000c7000000| PB 0x00000000c7000000| Untracked 
| 113|0x00000000c7100000, 0x00000000c7200000, 0x00000000c7200000|100%| O|  |TAMS 0x00000000c7100000| PB 0x00000000c7100000| Untracked 
| 114|0x00000000c7200000, 0x00000000c7300000, 0x00000000c7300000|100%| O|  |TAMS 0x00000000c7200000| PB 0x00000000c7200000| Untracked 
| 115|0x00000000c7300000, 0x00000000c7400000, 0x00000000c7400000|100%| O|  |TAMS 0x00000000c7300000| PB 0x00000000c7300000| Untracked 
| 116|0x00000000c7400000, 0x00000000c74b4320, 0x00000000c7500000| 70%| O|  |TAMS 0x00000000c7400000| PB 0x00000000c7400000| Untracked 
| 117|0x00000000c7500000, 0x00000000c7500000, 0x00000000c7600000|  0%| F|  |TAMS 0x00000000c7500000| PB 0x00000000c7500000| Untracked 
| 118|0x00000000c7600000, 0x00000000c7600000, 0x00000000c7700000|  0%| F|  |TAMS 0x00000000c7600000| PB 0x00000000c7600000| Untracked 
| 119|0x00000000c7700000, 0x00000000c7700000, 0x00000000c7800000|  0%| F|  |TAMS 0x00000000c7700000| PB 0x00000000c7700000| Untracked 
| 120|0x00000000c7800000, 0x00000000c7800000, 0x00000000c7900000|  0%| F|  |TAMS 0x00000000c7800000| PB 0x00000000c7800000| Untracked 
| 121|0x00000000c7900000, 0x00000000c7900000, 0x00000000c7a00000|  0%| F|  |TAMS 0x00000000c7900000| PB 0x00000000c7900000| Untracked 
| 122|0x00000000c7a00000, 0x00000000c7a00000, 0x00000000c7b00000|  0%| F|  |TAMS 0x00000000c7a00000| PB 0x00000000c7a00000| Untracked 
| 123|0x00000000c7b00000, 0x00000000c7b00000, 0x00000000c7c00000|  0%| F|  |TAMS 0x00000000c7b00000| PB 0x00000000c7b00000| Untracked 
| 124|0x00000000c7c00000, 0x00000000c7c00000, 0x00000000c7d00000|  0%| F|  |TAMS 0x00000000c7c00000| PB 0x00000000c7c00000| Untracked 
| 125|0x00000000c7d00000, 0x00000000c7d00000, 0x00000000c7e00000|  0%| F|  |TAMS 0x00000000c7d00000| PB 0x00000000c7d00000| Untracked 
| 126|0x00000000c7e00000, 0x00000000c7e00000, 0x00000000c7f00000|  0%| F|  |TAMS 0x00000000c7e00000| PB 0x00000000c7e00000| Untracked 
| 127|0x00000000c7f00000, 0x00000000c7f00000, 0x00000000c8000000|  0%| F|  |TAMS 0x00000000c7f00000| PB 0x00000000c7f00000| Untracked 
| 128|0x00000000c8000000, 0x00000000c8000000, 0x00000000c8100000|  0%| F|  |TAMS 0x00000000c8000000| PB 0x00000000c8000000| Untracked 
| 129|0x00000000c8100000, 0x00000000c8100000, 0x00000000c8200000|  0%| F|  |TAMS 0x00000000c8100000| PB 0x00000000c8100000| Untracked 
| 130|0x00000000c8200000, 0x00000000c8200000, 0x00000000c8300000|  0%| F|  |TAMS 0x00000000c8200000| PB 0x00000000c8200000| Untracked 
| 131|0x00000000c8300000, 0x00000000c8300000, 0x00000000c8400000|  0%| F|  |TAMS 0x00000000c8300000| PB 0x00000000c8300000| Untracked 
| 132|0x00000000c8400000, 0x00000000c84df138, 0x00000000c8500000| 87%| S|CS|TAMS 0x00000000c8400000| PB 0x00000000c8400000| Complete 
| 133|0x00000000c8500000, 0x00000000c8600000, 0x00000000c8600000|100%| S|CS|TAMS 0x00000000c8500000| PB 0x00000000c8500000| Complete 
| 134|0x00000000c8600000, 0x00000000c8700000, 0x00000000c8700000|100%| S|CS|TAMS 0x00000000c8600000| PB 0x00000000c8600000| Complete 
| 135|0x00000000c8700000, 0x00000000c8800000, 0x00000000c8800000|100%| S|CS|TAMS 0x00000000c8700000| PB 0x00000000c8700000| Complete 
| 136|0x00000000c8800000, 0x00000000c8900000, 0x00000000c8900000|100%| S|CS|TAMS 0x00000000c8800000| PB 0x00000000c8800000| Complete 
| 137|0x00000000c8900000, 0x00000000c8900000, 0x00000000c8a00000|  0%| F|  |TAMS 0x00000000c8900000| PB 0x00000000c8900000| Untracked 
| 138|0x00000000c8a00000, 0x00000000c8a00000, 0x00000000c8b00000|  0%| F|  |TAMS 0x00000000c8a00000| PB 0x00000000c8a00000| Untracked 
| 139|0x00000000c8b00000, 0x00000000c8b00000, 0x00000000c8c00000|  0%| F|  |TAMS 0x00000000c8b00000| PB 0x00000000c8b00000| Untracked 
| 140|0x00000000c8c00000, 0x00000000c8c00000, 0x00000000c8d00000|  0%| F|  |TAMS 0x00000000c8c00000| PB 0x00000000c8c00000| Untracked 
| 141|0x00000000c8d00000, 0x00000000c8d00000, 0x00000000c8e00000|  0%| F|  |TAMS 0x00000000c8d00000| PB 0x00000000c8d00000| Untracked 
| 142|0x00000000c8e00000, 0x00000000c8e00000, 0x00000000c8f00000|  0%| F|  |TAMS 0x00000000c8e00000| PB 0x00000000c8e00000| Untracked 
| 143|0x00000000c8f00000, 0x00000000c8f00000, 0x00000000c9000000|  0%| F|  |TAMS 0x00000000c8f00000| PB 0x00000000c8f00000| Untracked 
| 144|0x00000000c9000000, 0x00000000c9000000, 0x00000000c9100000|  0%| F|  |TAMS 0x00000000c9000000| PB 0x00000000c9000000| Untracked 
| 145|0x00000000c9100000, 0x00000000c9100000, 0x00000000c9200000|  0%| F|  |TAMS 0x00000000c9100000| PB 0x00000000c9100000| Untracked 
| 146|0x00000000c9200000, 0x00000000c9200000, 0x00000000c9300000|  0%| F|  |TAMS 0x00000000c9200000| PB 0x00000000c9200000| Untracked 
| 147|0x00000000c9300000, 0x00000000c9300000, 0x00000000c9400000|  0%| F|  |TAMS 0x00000000c9300000| PB 0x00000000c9300000| Untracked 
| 148|0x00000000c9400000, 0x00000000c9400000, 0x00000000c9500000|  0%| F|  |TAMS 0x00000000c9400000| PB 0x00000000c9400000| Untracked 
| 149|0x00000000c9500000, 0x00000000c9500000, 0x00000000c9600000|  0%| F|  |TAMS 0x00000000c9500000| PB 0x00000000c9500000| Untracked 
| 150|0x00000000c9600000, 0x00000000c9600000, 0x00000000c9700000|  0%| F|  |TAMS 0x00000000c9600000| PB 0x00000000c9600000| Untracked 
| 151|0x00000000c9700000, 0x00000000c9700000, 0x00000000c9800000|  0%| F|  |TAMS 0x00000000c9700000| PB 0x00000000c9700000| Untracked 
| 152|0x00000000c9800000, 0x00000000c9800000, 0x00000000c9900000|  0%| F|  |TAMS 0x00000000c9800000| PB 0x00000000c9800000| Untracked 
| 153|0x00000000c9900000, 0x00000000c9900000, 0x00000000c9a00000|  0%| F|  |TAMS 0x00000000c9900000| PB 0x00000000c9900000| Untracked 
| 154|0x00000000c9a00000, 0x00000000c9a00000, 0x00000000c9b00000|  0%| F|  |TAMS 0x00000000c9a00000| PB 0x00000000c9a00000| Untracked 
| 155|0x00000000c9b00000, 0x00000000c9b00000, 0x00000000c9c00000|  0%| F|  |TAMS 0x00000000c9b00000| PB 0x00000000c9b00000| Untracked 
| 156|0x00000000c9c00000, 0x00000000c9c00000, 0x00000000c9d00000|  0%| F|  |TAMS 0x00000000c9c00000| PB 0x00000000c9c00000| Untracked 
| 157|0x00000000c9d00000, 0x00000000c9d00000, 0x00000000c9e00000|  0%| F|  |TAMS 0x00000000c9d00000| PB 0x00000000c9d00000| Untracked 
| 158|0x00000000c9e00000, 0x00000000c9e00000, 0x00000000c9f00000|  0%| F|  |TAMS 0x00000000c9e00000| PB 0x00000000c9e00000| Untracked 
| 159|0x00000000c9f00000, 0x00000000c9f00000, 0x00000000ca000000|  0%| F|  |TAMS 0x00000000c9f00000| PB 0x00000000c9f00000| Untracked 
| 160|0x00000000ca000000, 0x00000000ca003420, 0x00000000ca100000|  1%| E|  |TAMS 0x00000000ca000000| PB 0x00000000ca000000| Complete 
| 161|0x00000000ca100000, 0x00000000ca200000, 0x00000000ca200000|100%| E|CS|TAMS 0x00000000ca100000| PB 0x00000000ca100000| Complete 
| 162|0x00000000ca200000, 0x00000000ca300000, 0x00000000ca300000|100%| E|CS|TAMS 0x00000000ca200000| PB 0x00000000ca200000| Complete 
| 163|0x00000000ca300000, 0x00000000ca400000, 0x00000000ca400000|100%| E|CS|TAMS 0x00000000ca300000| PB 0x00000000ca300000| Complete 
| 164|0x00000000ca400000, 0x00000000ca500000, 0x00000000ca500000|100%| E|CS|TAMS 0x00000000ca400000| PB 0x00000000ca400000| Complete 
| 165|0x00000000ca500000, 0x00000000ca600000, 0x00000000ca600000|100%| E|CS|TAMS 0x00000000ca500000| PB 0x00000000ca500000| Complete 
| 166|0x00000000ca600000, 0x00000000ca700000, 0x00000000ca700000|100%| E|CS|TAMS 0x00000000ca600000| PB 0x00000000ca600000| Complete 
| 167|0x00000000ca700000, 0x00000000ca800000, 0x00000000ca800000|100%| E|CS|TAMS 0x00000000ca700000| PB 0x00000000ca700000| Complete 
| 168|0x00000000ca800000, 0x00000000ca900000, 0x00000000ca900000|100%| E|CS|TAMS 0x00000000ca800000| PB 0x00000000ca800000| Complete 
| 169|0x00000000ca900000, 0x00000000caa00000, 0x00000000caa00000|100%| E|CS|TAMS 0x00000000ca900000| PB 0x00000000ca900000| Complete 
| 170|0x00000000caa00000, 0x00000000cab00000, 0x00000000cab00000|100%| E|CS|TAMS 0x00000000caa00000| PB 0x00000000caa00000| Complete 
| 171|0x00000000cab00000, 0x00000000cac00000, 0x00000000cac00000|100%| E|CS|TAMS 0x00000000cab00000| PB 0x00000000cab00000| Complete 
| 172|0x00000000cac00000, 0x00000000cad00000, 0x00000000cad00000|100%| E|CS|TAMS 0x00000000cac00000| PB 0x00000000cac00000| Complete 
| 173|0x00000000cad00000, 0x00000000cae00000, 0x00000000cae00000|100%| E|CS|TAMS 0x00000000cad00000| PB 0x00000000cad00000| Complete 
| 174|0x00000000cae00000, 0x00000000caf00000, 0x00000000caf00000|100%| E|CS|TAMS 0x00000000cae00000| PB 0x00000000cae00000| Complete 
| 175|0x00000000caf00000, 0x00000000cb000000, 0x00000000cb000000|100%| E|CS|TAMS 0x00000000caf00000| PB 0x00000000caf00000| Complete 
| 176|0x00000000cb000000, 0x00000000cb100000, 0x00000000cb100000|100%| E|CS|TAMS 0x00000000cb000000| PB 0x00000000cb000000| Complete 
| 177|0x00000000cb100000, 0x00000000cb200000, 0x00000000cb200000|100%| E|CS|TAMS 0x00000000cb100000| PB 0x00000000cb100000| Complete 
| 178|0x00000000cb200000, 0x00000000cb300000, 0x00000000cb300000|100%| E|CS|TAMS 0x00000000cb200000| PB 0x00000000cb200000| Complete 
| 179|0x00000000cb300000, 0x00000000cb400000, 0x00000000cb400000|100%| E|CS|TAMS 0x00000000cb300000| PB 0x00000000cb300000| Complete 
| 180|0x00000000cb400000, 0x00000000cb500000, 0x00000000cb500000|100%| E|CS|TAMS 0x00000000cb400000| PB 0x00000000cb400000| Complete 
| 181|0x00000000cb500000, 0x00000000cb600000, 0x00000000cb600000|100%| E|CS|TAMS 0x00000000cb500000| PB 0x00000000cb500000| Complete 
| 182|0x00000000cb600000, 0x00000000cb700000, 0x00000000cb700000|100%| E|CS|TAMS 0x00000000cb600000| PB 0x00000000cb600000| Complete 
| 183|0x00000000cb700000, 0x00000000cb800000, 0x00000000cb800000|100%| E|CS|TAMS 0x00000000cb700000| PB 0x00000000cb700000| Complete 
| 184|0x00000000cb800000, 0x00000000cb900000, 0x00000000cb900000|100%| E|CS|TAMS 0x00000000cb800000| PB 0x00000000cb800000| Complete 
| 185|0x00000000cb900000, 0x00000000cba00000, 0x00000000cba00000|100%| E|CS|TAMS 0x00000000cb900000| PB 0x00000000cb900000| Complete 
| 186|0x00000000cba00000, 0x00000000cbb00000, 0x00000000cbb00000|100%| E|CS|TAMS 0x00000000cba00000| PB 0x00000000cba00000| Complete 
| 187|0x00000000cbb00000, 0x00000000cbc00000, 0x00000000cbc00000|100%| E|CS|TAMS 0x00000000cbb00000| PB 0x00000000cbb00000| Complete 
| 188|0x00000000cbc00000, 0x00000000cbd00000, 0x00000000cbd00000|100%| E|CS|TAMS 0x00000000cbc00000| PB 0x00000000cbc00000| Complete 
| 189|0x00000000cbd00000, 0x00000000cbe00000, 0x00000000cbe00000|100%| E|CS|TAMS 0x00000000cbd00000| PB 0x00000000cbd00000| Complete 
| 190|0x00000000cbe00000, 0x00000000cbf00000, 0x00000000cbf00000|100%| E|CS|TAMS 0x00000000cbe00000| PB 0x00000000cbe00000| Complete 
| 191|0x00000000cbf00000, 0x00000000cc000000, 0x00000000cc000000|100%| E|CS|TAMS 0x00000000cbf00000| PB 0x00000000cbf00000| Complete 
| 192|0x00000000cc000000, 0x00000000cc100000, 0x00000000cc100000|100%| E|CS|TAMS 0x00000000cc000000| PB 0x00000000cc000000| Complete 
| 193|0x00000000cc100000, 0x00000000cc200000, 0x00000000cc200000|100%| E|CS|TAMS 0x00000000cc100000| PB 0x00000000cc100000| Complete 
| 194|0x00000000cc200000, 0x00000000cc300000, 0x00000000cc300000|100%| E|CS|TAMS 0x00000000cc200000| PB 0x00000000cc200000| Complete 
| 195|0x00000000cc300000, 0x00000000cc400000, 0x00000000cc400000|100%| E|CS|TAMS 0x00000000cc300000| PB 0x00000000cc300000| Complete 
| 196|0x00000000cc400000, 0x00000000cc500000, 0x00000000cc500000|100%| E|CS|TAMS 0x00000000cc400000| PB 0x00000000cc400000| Complete 
| 197|0x00000000cc500000, 0x00000000cc600000, 0x00000000cc600000|100%| E|CS|TAMS 0x00000000cc500000| PB 0x00000000cc500000| Complete 
| 198|0x00000000cc600000, 0x00000000cc700000, 0x00000000cc700000|100%| E|CS|TAMS 0x00000000cc600000| PB 0x00000000cc600000| Complete 
| 199|0x00000000cc700000, 0x00000000cc800000, 0x00000000cc800000|100%| E|CS|TAMS 0x00000000cc700000| PB 0x00000000cc700000| Complete 
| 200|0x00000000cc800000, 0x00000000cc900000, 0x00000000cc900000|100%| E|CS|TAMS 0x00000000cc800000| PB 0x00000000cc800000| Complete 
| 201|0x00000000cc900000, 0x00000000cca00000, 0x00000000cca00000|100%| E|CS|TAMS 0x00000000cc900000| PB 0x00000000cc900000| Complete 
| 202|0x00000000cca00000, 0x00000000ccb00000, 0x00000000ccb00000|100%| E|CS|TAMS 0x00000000cca00000| PB 0x00000000cca00000| Complete 
| 203|0x00000000ccb00000, 0x00000000ccc00000, 0x00000000ccc00000|100%| E|CS|TAMS 0x00000000ccb00000| PB 0x00000000ccb00000| Complete 
| 204|0x00000000ccc00000, 0x00000000ccd00000, 0x00000000ccd00000|100%| E|CS|TAMS 0x00000000ccc00000| PB 0x00000000ccc00000| Complete 
| 205|0x00000000ccd00000, 0x00000000cce00000, 0x00000000cce00000|100%| E|CS|TAMS 0x00000000ccd00000| PB 0x00000000ccd00000| Complete 
| 206|0x00000000cce00000, 0x00000000ccf00000, 0x00000000ccf00000|100%| E|CS|TAMS 0x00000000cce00000| PB 0x00000000cce00000| Complete 
| 207|0x00000000ccf00000, 0x00000000cd000000, 0x00000000cd000000|100%| E|CS|TAMS 0x00000000ccf00000| PB 0x00000000ccf00000| Complete 
| 208|0x00000000cd000000, 0x00000000cd100000, 0x00000000cd100000|100%| E|CS|TAMS 0x00000000cd000000| PB 0x00000000cd000000| Complete 
| 209|0x00000000cd100000, 0x00000000cd200000, 0x00000000cd200000|100%| E|CS|TAMS 0x00000000cd100000| PB 0x00000000cd100000| Complete 
| 210|0x00000000cd200000, 0x00000000cd300000, 0x00000000cd300000|100%| E|CS|TAMS 0x00000000cd200000| PB 0x00000000cd200000| Complete 
| 211|0x00000000cd300000, 0x00000000cd400000, 0x00000000cd400000|100%| E|CS|TAMS 0x00000000cd300000| PB 0x00000000cd300000| Complete 
| 212|0x00000000cd400000, 0x00000000cd500000, 0x00000000cd500000|100%| E|CS|TAMS 0x00000000cd400000| PB 0x00000000cd400000| Complete 
| 213|0x00000000cd500000, 0x00000000cd600000, 0x00000000cd600000|100%| E|CS|TAMS 0x00000000cd500000| PB 0x00000000cd500000| Complete 
| 214|0x00000000cd600000, 0x00000000cd700000, 0x00000000cd700000|100%| E|CS|TAMS 0x00000000cd600000| PB 0x00000000cd600000| Complete 
| 215|0x00000000cd700000, 0x00000000cd800000, 0x00000000cd800000|100%| E|CS|TAMS 0x00000000cd700000| PB 0x00000000cd700000| Complete 
| 216|0x00000000cd800000, 0x00000000cd900000, 0x00000000cd900000|100%| E|CS|TAMS 0x00000000cd800000| PB 0x00000000cd800000| Complete 
| 217|0x00000000cd900000, 0x00000000cda00000, 0x00000000cda00000|100%| E|CS|TAMS 0x00000000cd900000| PB 0x00000000cd900000| Complete 
| 218|0x00000000cda00000, 0x00000000cdb00000, 0x00000000cdb00000|100%| E|CS|TAMS 0x00000000cda00000| PB 0x00000000cda00000| Complete 
| 219|0x00000000cdb00000, 0x00000000cdc00000, 0x00000000cdc00000|100%| E|CS|TAMS 0x00000000cdb00000| PB 0x00000000cdb00000| Complete 
| 220|0x00000000cdc00000, 0x00000000cdd00000, 0x00000000cdd00000|100%| E|CS|TAMS 0x00000000cdc00000| PB 0x00000000cdc00000| Complete 
| 993|0x00000000fe100000, 0x00000000fe200000, 0x00000000fe200000|100%| O|  |TAMS 0x00000000fe100000| PB 0x00000000fe100000| Untracked 
| 994|0x00000000fe200000, 0x00000000fe300000, 0x00000000fe300000|100%| O|Cm|TAMS 0x00000000fe200000| PB 0x00000000fe200000| Complete 
| 995|0x00000000fe300000, 0x00000000fe400000, 0x00000000fe400000|100%| O|  |TAMS 0x00000000fe300000| PB 0x00000000fe300000| Untracked 
| 996|0x00000000fe400000, 0x00000000fe500000, 0x00000000fe500000|100%| O|  |TAMS 0x00000000fe400000| PB 0x00000000fe400000| Untracked 
| 997|0x00000000fe500000, 0x00000000fe600000, 0x00000000fe600000|100%| O|  |TAMS 0x00000000fe500000| PB 0x00000000fe500000| Untracked 
| 998|0x00000000fe600000, 0x00000000fe700000, 0x00000000fe700000|100%| E|CS|TAMS 0x00000000fe600000| PB 0x00000000fe600000| Complete 
| 999|0x00000000fe700000, 0x00000000fe800000, 0x00000000fe800000|100%| O|  |TAMS 0x00000000fe700000| PB 0x00000000fe700000| Untracked 
|1000|0x00000000fe800000, 0x00000000fe900000, 0x00000000fe900000|100%| O|  |TAMS 0x00000000fe800000| PB 0x00000000fe800000| Untracked 
|1001|0x00000000fe900000, 0x00000000fea00000, 0x00000000fea00000|100%| O|  |TAMS 0x00000000fe900000| PB 0x00000000fe900000| Untracked 
|1002|0x00000000fea00000, 0x00000000feb00000, 0x00000000feb00000|100%| O|  |TAMS 0x00000000fea00000| PB 0x00000000fea00000| Untracked 
|1003|0x00000000feb00000, 0x00000000fec00000, 0x00000000fec00000|100%| O|  |TAMS 0x00000000feb00000| PB 0x00000000feb00000| Untracked 
|1004|0x00000000fec00000, 0x00000000fed00000, 0x00000000fed00000|100%| E|CS|TAMS 0x00000000fec00000| PB 0x00000000fec00000| Complete 
|1005|0x00000000fed00000, 0x00000000fee00000, 0x00000000fee00000|100%| O|  |TAMS 0x00000000fed00000| PB 0x00000000fed00000| Untracked 
|1006|0x00000000fee00000, 0x00000000fef00000, 0x00000000fef00000|100%| O|  |TAMS 0x00000000fee00000| PB 0x00000000fee00000| Untracked 
|1007|0x00000000fef00000, 0x00000000ff000000, 0x00000000ff000000|100%| O|  |TAMS 0x00000000fef00000| PB 0x00000000fef00000| Untracked 
|1008|0x00000000ff000000, 0x00000000ff100000, 0x00000000ff100000|100%| O|  |TAMS 0x00000000ff000000| PB 0x00000000ff000000| Untracked 
|1009|0x00000000ff100000, 0x00000000ff200000, 0x00000000ff200000|100%| O|  |TAMS 0x00000000ff100000| PB 0x00000000ff100000| Untracked 
|1010|0x00000000ff200000, 0x00000000ff300000, 0x00000000ff300000|100%| O|  |TAMS 0x00000000ff200000| PB 0x00000000ff200000| Untracked 
|1011|0x00000000ff300000, 0x00000000ff400000, 0x00000000ff400000|100%| E|CS|TAMS 0x00000000ff300000| PB 0x00000000ff300000| Complete 
|1012|0x00000000ff400000, 0x00000000ff500000, 0x00000000ff500000|100%| E|CS|TAMS 0x00000000ff400000| PB 0x00000000ff400000| Complete 
|1013|0x00000000ff500000, 0x00000000ff600000, 0x00000000ff600000|100%| E|CS|TAMS 0x00000000ff500000| PB 0x00000000ff500000| Complete 
|1014|0x00000000ff600000, 0x00000000ff700000, 0x00000000ff700000|100%| E|CS|TAMS 0x00000000ff600000| PB 0x00000000ff600000| Complete 
|1015|0x00000000ff700000, 0x00000000ff800000, 0x00000000ff800000|100%| O|  |TAMS 0x00000000ff700000| PB 0x00000000ff700000| Untracked 
|1016|0x00000000ff800000, 0x00000000ff900000, 0x00000000ff900000|100%| E|CS|TAMS 0x00000000ff800000| PB 0x00000000ff800000| Complete 
|1017|0x00000000ff900000, 0x00000000ffa00000, 0x00000000ffa00000|100%| E|CS|TAMS 0x00000000ff900000| PB 0x00000000ff900000| Complete 
|1018|0x00000000ffa00000, 0x00000000ffb00000, 0x00000000ffb00000|100%| O|  |TAMS 0x00000000ffa00000| PB 0x00000000ffa00000| Untracked 
|1019|0x00000000ffb00000, 0x00000000ffc00000, 0x00000000ffc00000|100%| O|  |TAMS 0x00000000ffb00000| PB 0x00000000ffb00000| Untracked 
|1020|0x00000000ffc00000, 0x00000000ffd00000, 0x00000000ffd00000|100%| E|CS|TAMS 0x00000000ffc00000| PB 0x00000000ffc00000| Complete 
|1021|0x00000000ffd00000, 0x00000000ffe00000, 0x00000000ffe00000|100%| O|  |TAMS 0x00000000ffd00000| PB 0x00000000ffd00000| Untracked 
|1022|0x00000000ffe00000, 0x00000000fff00000, 0x00000000fff00000|100%| O|  |TAMS 0x00000000ffe00000| PB 0x00000000ffe00000| Untracked 
|1023|0x00000000fff00000, 0x0000000100000000, 0x0000000100000000|100%| O|  |TAMS 0x00000000fff00000| PB 0x00000000fff00000| Untracked 

Card table byte_map: [0x000001d52b8f0000,0x000001d52baf0000] _byte_map_base: 0x000001d52b2f0000

Marking Bits: (CMBitMap*) 0x000001d519294610
 Bits: [0x000001d52baf0000, 0x000001d52caf0000)

Polling page: 0x000001d517070000

Metaspace:

Usage:
  Non-class:    111.18 MB used.
      Class:     17.56 MB used.
       Both:    128.75 MB used.

Virtual space:
  Non-class space:      128.00 MB reserved,     112.19 MB ( 88%) committed,  2 nodes.
      Class space:        1.00 GB reserved,      18.56 MB (  2%) committed,  1 nodes.
             Both:        1.12 GB reserved,     130.75 MB ( 11%) committed. 

Chunk freelists:
   Non-Class:  14.81 MB
       Class:  13.42 MB
        Both:  28.23 MB

MaxMetaspaceSize: unlimited
CompressedClassSpaceSize: 1.00 GB
Initial GC threshold: 21.00 MB
Current GC threshold: 215.62 MB
CDS: off
 - commit_granule_bytes: 65536.
 - commit_granule_words: 8192.
 - virtual_space_node_default_size: 8388608.
 - enlarge_chunks_in_place: 1.
 - use_allocation_guard: 0.


Internal statistics:

num_allocs_failed_limit: 3.
num_arena_births: 4080.
num_arena_deaths: 10.
num_vsnodes_births: 3.
num_vsnodes_deaths: 0.
num_space_committed: 2091.
num_space_uncommitted: 0.
num_chunks_returned_to_freelist: 20.
num_chunks_taken_from_freelist: 9380.
num_chunk_merges: 5.
num_chunk_splits: 6175.
num_chunks_enlarged: 3962.
num_inconsistent_stats: 0.

CodeHeap 'non-profiled nmethods': size=120000Kb used=10069Kb max_used=10069Kb free=109930Kb
 bounds [0x000001d523e90000, 0x000001d524870000, 0x000001d52b3c0000]
CodeHeap 'profiled nmethods': size=120000Kb used=23899Kb max_used=24512Kb free=96100Kb
 bounds [0x000001d51c3c0000, 0x000001d51dbc0000, 0x000001d5238f0000]
CodeHeap 'non-nmethods': size=5760Kb used=2771Kb max_used=2854Kb free=2988Kb
 bounds [0x000001d5238f0000, 0x000001d523bd0000, 0x000001d523e90000]
CodeCache: size=245760Kb, used=36739Kb, max_used=37435Kb, free=209018Kb
 total_blobs=14525, nmethods=13479, adapters=949, full_count=0
Compilation: enabled, stopped_count=0, restarted_count=0

Compilation events (20 events):
Event: 111.978 Thread 0x000001d52f6fade0 17195       4       com.android.repository.api.ProgressIndicator$1::setFraction (35 bytes)
Event: 112.008 Thread 0x000001d52f6fade0 nmethod 17195 0x000001d524864290 code [0x000001d524864480, 0x000001d524864c90]
Event: 112.059 Thread 0x000001d52f71c010 17196       3       java.util.concurrent.ConcurrentHashMap$KeySetView::<init> (11 bytes)
Event: 112.059 Thread 0x000001d52f71c010 nmethod 17196 0x000001d51ca83b90 code [0x000001d51ca83d40, 0x000001d51ca83fc0]
Event: 112.246 Thread 0x000001d52f71c010 17197       3       com.android.repository.api.DelegatingProgressIndicator::lambda$setSecondaryText$4 (8 bytes)
Event: 112.246 Thread 0x000001d52f71c010 nmethod 17197 0x000001d51cb48310 code [0x000001d51cb484c0, 0x000001d51cb48678]
Event: 112.295 Thread 0x000001d52f71c010 17198       3       org.gradle.internal.io.LineBufferingOutputStream::write (59 bytes)
Event: 112.306 Thread 0x000001d52f71c010 nmethod 17198 0x000001d51c8c8910 code [0x000001d51c8c8be0, 0x000001d51c8c9998]
Event: 112.306 Thread 0x000001d52f71c010 17199       3       org.gradle.internal.io.StreamByteBuffer$StreamByteBufferOutputStream::write (22 bytes)
Event: 112.308 Thread 0x000001d52f71c010 nmethod 17199 0x000001d51d3fc510 code [0x000001d51d3fc6e0, 0x000001d51d3fc8c8]
Event: 112.308 Thread 0x000001d52f71c010 17201       3       org.gradle.internal.io.StreamByteBuffer$StreamByteBufferChunk::write (32 bytes)
Event: 112.308 Thread 0x000001d52f71c010 nmethod 17201 0x000001d51d3fc090 code [0x000001d51d3fc240, 0x000001d51d3fc3e8]
Event: 112.308 Thread 0x000001d52f71c010 17200       1       java.util.concurrent.ThreadPoolExecutor::getQueue (5 bytes)
Event: 112.308 Thread 0x000001d52f71c010 nmethod 17200 0x000001d524865310 code [0x000001d5248654a0, 0x000001d524865568]
Event: 112.815 Thread 0x000001d52f71c010 17202       3       sun.net.www.protocol.jar.Handler::openConnection (10 bytes)
Event: 112.816 Thread 0x000001d52f71c010 nmethod 17202 0x000001d51c609310 code [0x000001d51c609520, 0x000001d51c609ac0]
Event: 112.816 Thread 0x000001d52f71c010 17203       3       sun.net.www.protocol.jar.JarURLConnection::<init> (28 bytes)
Event: 112.816 Thread 0x000001d52f71c010 nmethod 17203 0x000001d51d15b610 code [0x000001d51d15b800, 0x000001d51d15bce0]
Event: 112.816 Thread 0x000001d52f71c010 17204       3       sun.net.www.protocol.jar.JarURLConnection$JarURLInputStream::<init> (11 bytes)
Event: 112.817 Thread 0x000001d52f71c010 nmethod 17204 0x000001d51c608c90 code [0x000001d51c608e40, 0x000001d51c609120]

GC Heap History (20 events):
Event: 69.300 GC heap before
{Heap before GC invocations=144 (full 0):
 garbage-first heap   total 211968K, used 131610K [0x00000000c0000000, 0x0000000100000000)
  region size 1024K, 55 young (56320K), 1 survivors (1024K)
 Metaspace       used 73023K, committed 74624K, reserved 1114112K
  class space    used 9978K, committed 10752K, reserved 1048576K
}
Event: 69.314 GC heap after
{Heap after GC invocations=145 (full 0):
 garbage-first heap   total 211968K, used 77282K [0x00000000c0000000, 0x0000000100000000)
  region size 1024K, 1 young (1024K), 1 survivors (1024K)
 Metaspace       used 73023K, committed 74624K, reserved 1114112K
  class space    used 9978K, committed 10752K, reserved 1048576K
}
Event: 74.487 GC heap before
{Heap before GC invocations=146 (full 0):
 garbage-first heap   total 211968K, used 209378K [0x00000000c0000000, 0x0000000100000000)
  region size 1024K, 116 young (118784K), 1 survivors (1024K)
 Metaspace       used 82886K, committed 84544K, reserved 1179648K
  class space    used 11303K, committed 12096K, reserved 1048576K
}
Event: 74.498 GC heap after
{Heap after GC invocations=147 (full 0):
 garbage-first heap   total 224256K, used 103356K [0x00000000c0000000, 0x0000000100000000)
  region size 1024K, 12 young (12288K), 12 survivors (12288K)
 Metaspace       used 82886K, committed 84544K, reserved 1179648K
  class space    used 11303K, committed 12096K, reserved 1048576K
}
Event: 76.739 GC heap before
{Heap before GC invocations=147 (full 0):
 garbage-first heap   total 224256K, used 214972K [0x00000000c0000000, 0x0000000100000000)
  region size 1024K, 117 young (119808K), 12 survivors (12288K)
 Metaspace       used 92506K, committed 94272K, reserved 1179648K
  class space    used 12582K, committed 13440K, reserved 1048576K
}
Event: 76.756 GC heap after
{Heap after GC invocations=148 (full 0):
 garbage-first heap   total 237568K, used 111020K [0x00000000c0000000, 0x0000000100000000)
  region size 1024K, 8 young (8192K), 8 survivors (8192K)
 Metaspace       used 92506K, committed 94272K, reserved 1179648K
  class space    used 12582K, committed 13440K, reserved 1048576K
}
Event: 77.603 GC heap before
{Heap before GC invocations=148 (full 0):
 garbage-first heap   total 237568K, used 140716K [0x00000000c0000000, 0x0000000100000000)
  region size 1024K, 38 young (38912K), 8 survivors (8192K)
 Metaspace       used 95946K, committed 97728K, reserved 1179648K
  class space    used 13050K, committed 13888K, reserved 1048576K
}
Event: 77.610 GC heap after
{Heap after GC invocations=149 (full 0):
 garbage-first heap   total 237568K, used 112720K [0x00000000c0000000, 0x0000000100000000)
  region size 1024K, 9 young (9216K), 9 survivors (9216K)
 Metaspace       used 95946K, committed 97728K, reserved 1179648K
  class space    used 13050K, committed 13888K, reserved 1048576K
}
Event: 80.154 GC heap before
{Heap before GC invocations=150 (full 0):
 garbage-first heap   total 237568K, used 227408K [0x00000000c0000000, 0x0000000100000000)
  region size 1024K, 117 young (119808K), 9 survivors (9216K)
 Metaspace       used 103347K, committed 105152K, reserved 1179648K
  class space    used 14070K, committed 14912K, reserved 1048576K
}
Event: 80.166 GC heap after
{Heap after GC invocations=151 (full 0):
 garbage-first heap   total 243712K, used 123130K [0x00000000c0000000, 0x0000000100000000)
  region size 1024K, 8 young (8192K), 8 survivors (8192K)
 Metaspace       used 103347K, committed 105152K, reserved 1179648K
  class space    used 14070K, committed 14912K, reserved 1048576K
}
Event: 82.762 GC heap before
{Heap before GC invocations=151 (full 0):
 garbage-first heap   total 243712K, used 229626K [0x00000000c0000000, 0x0000000100000000)
  region size 1024K, 111 young (113664K), 8 survivors (8192K)
 Metaspace       used 111240K, committed 113216K, reserved 1179648K
  class space    used 15370K, committed 16320K, reserved 1048576K
}
Event: 82.776 GC heap after
{Heap after GC invocations=152 (full 0):
 garbage-first heap   total 245760K, used 129216K [0x00000000c0000000, 0x0000000100000000)
  region size 1024K, 13 young (13312K), 13 survivors (13312K)
 Metaspace       used 111240K, committed 113216K, reserved 1179648K
  class space    used 15370K, committed 16320K, reserved 1048576K
}
Event: 83.977 GC heap before
{Heap before GC invocations=152 (full 0):
 garbage-first heap   total 245760K, used 180416K [0x00000000c0000000, 0x0000000100000000)
  region size 1024K, 65 young (66560K), 13 survivors (13312K)
 Metaspace       used 114911K, committed 116864K, reserved 1179648K
  class space    used 15830K, committed 16768K, reserved 1048576K
}
Event: 83.991 GC heap after
{Heap after GC invocations=153 (full 0):
 garbage-first heap   total 245760K, used 134750K [0x00000000c0000000, 0x0000000100000000)
  region size 1024K, 12 young (12288K), 12 survivors (12288K)
 Metaspace       used 114911K, committed 116864K, reserved 1179648K
  class space    used 15830K, committed 16768K, reserved 1048576K
}
Event: 86.793 GC heap before
{Heap before GC invocations=154 (full 0):
 garbage-first heap   total 245760K, used 237150K [0x00000000c0000000, 0x0000000100000000)
  region size 1024K, 104 young (106496K), 12 survivors (12288K)
 Metaspace       used 127544K, committed 129600K, reserved 1179648K
  class space    used 17515K, committed 18496K, reserved 1048576K
}
Event: 86.808 GC heap after
{Heap after GC invocations=155 (full 0):
 garbage-first heap   total 254976K, used 140556K [0x00000000c0000000, 0x0000000100000000)
  region size 1024K, 10 young (10240K), 10 survivors (10240K)
 Metaspace       used 127544K, committed 129600K, reserved 1179648K
  class space    used 17515K, committed 18496K, reserved 1048576K
}
Event: 88.944 GC heap before
{Heap before GC invocations=155 (full 0):
 garbage-first heap   total 254976K, used 237836K [0x00000000c0000000, 0x0000000100000000)
  region size 1024K, 106 young (108544K), 10 survivors (10240K)
 Metaspace       used 130176K, committed 132288K, reserved 1179648K
  class space    used 17807K, committed 18816K, reserved 1048576K
}
Event: 88.961 GC heap after
{Heap after GC invocations=156 (full 0):
 garbage-first heap   total 258048K, used 146500K [0x00000000c0000000, 0x0000000100000000)
  region size 1024K, 11 young (11264K), 11 survivors (11264K)
 Metaspace       used 130176K, committed 132288K, reserved 1179648K
  class space    used 17807K, committed 18816K, reserved 1048576K
}
Event: 89.564 GC heap before
{Heap before GC invocations=156 (full 0):
 garbage-first heap   total 258048K, used 239684K [0x00000000c0000000, 0x0000000100000000)
  region size 1024K, 103 young (105472K), 11 survivors (11264K)
 Metaspace       used 130372K, committed 132480K, reserved 1179648K
  class space    used 17836K, committed 18816K, reserved 1048576K
}
Event: 89.574 GC heap after
{Heap after GC invocations=157 (full 0):
 garbage-first heap   total 258048K, used 144973K [0x00000000c0000000, 0x0000000100000000)
  region size 1024K, 5 young (5120K), 5 survivors (5120K)
 Metaspace       used 130372K, committed 132480K, reserved 1179648K
  class space    used 17836K, committed 18816K, reserved 1048576K
}

Dll operation events (3 events):
Event: 0.070 Loaded shared library C:\Program Files\Android\Android Studio\jbr\bin\java.dll
Event: 0.098 Loaded shared library C:\Program Files\Android\Android Studio\jbr\bin\zip.dll
Event: 2.229 Loaded shared library C:\Program Files\Android\Android Studio\jbr\bin\verify.dll

Deoptimization events (20 events):
Event: 112.303 Thread 0x000001d534b46b60 Uncommon trap: trap_request=0xffffffc6 fr.pc=0x000001d52485c0f4 relative=0x0000000000000774
Event: 112.303 Thread 0x000001d534b46b60 Uncommon trap: reason=bimorphic_or_optimized_type_check action=maybe_recompile pc=0x000001d52485c0f4 method=java.util.concurrent.ConcurrentHashMap$KeySetView.forEach(Ljava/util/function/Consumer;)V @ 54 c2
Event: 112.303 Thread 0x000001d534b46b60 DEOPT PACKING pc=0x000001d52485c0f4 sp=0x00000032e41f8ae0
Event: 112.303 Thread 0x000001d534b46b60 DEOPT UNPACKING pc=0x000001d5239443a2 sp=0x00000032e41f8aa0 mode 2
Event: 112.316 Thread 0x000001d534b46b60 Uncommon trap: trap_request=0xffffffc6 fr.pc=0x000001d5240dcde0 relative=0x00000000000002c0
Event: 112.316 Thread 0x000001d534b46b60 Uncommon trap: reason=bimorphic_or_optimized_type_check action=maybe_recompile pc=0x000001d5240dcde0 method=java.util.Spliterators$IteratorSpliterator.tryAdvance(Ljava/util/function/Consumer;)Z @ 50 c2
Event: 112.317 Thread 0x000001d534b46b60 DEOPT PACKING pc=0x000001d5240dcde0 sp=0x00000032e41f8a10
Event: 112.317 Thread 0x000001d534b46b60 DEOPT UNPACKING pc=0x000001d5239443a2 sp=0x00000032e41f89b0 mode 2
Event: 112.318 Thread 0x000001d534b46b60 Uncommon trap: trap_request=0xffffffc6 fr.pc=0x000001d5240dcde0 relative=0x00000000000002c0
Event: 112.318 Thread 0x000001d534b46b60 Uncommon trap: reason=bimorphic_or_optimized_type_check action=maybe_recompile pc=0x000001d5240dcde0 method=java.util.Spliterators$IteratorSpliterator.tryAdvance(Ljava/util/function/Consumer;)Z @ 50 c2
Event: 112.318 Thread 0x000001d534b46b60 DEOPT PACKING pc=0x000001d5240dcde0 sp=0x00000032e41f89a0
Event: 112.318 Thread 0x000001d534b46b60 DEOPT UNPACKING pc=0x000001d5239443a2 sp=0x00000032e41f8940 mode 2
Event: 112.320 Thread 0x000001d534b46b60 Uncommon trap: trap_request=0xffffffc6 fr.pc=0x000001d5240dcde0 relative=0x00000000000002c0
Event: 112.320 Thread 0x000001d534b46b60 Uncommon trap: reason=bimorphic_or_optimized_type_check action=maybe_recompile pc=0x000001d5240dcde0 method=java.util.Spliterators$IteratorSpliterator.tryAdvance(Ljava/util/function/Consumer;)Z @ 50 c2
Event: 112.320 Thread 0x000001d534b46b60 DEOPT PACKING pc=0x000001d5240dcde0 sp=0x00000032e41f89a0
Event: 112.320 Thread 0x000001d534b46b60 DEOPT UNPACKING pc=0x000001d5239443a2 sp=0x00000032e41f8940 mode 2
Event: 112.325 Thread 0x000001d534b46b60 Uncommon trap: trap_request=0xffffffc6 fr.pc=0x000001d5240dcde0 relative=0x00000000000002c0
Event: 112.325 Thread 0x000001d534b46b60 Uncommon trap: reason=bimorphic_or_optimized_type_check action=maybe_recompile pc=0x000001d5240dcde0 method=java.util.Spliterators$IteratorSpliterator.tryAdvance(Ljava/util/function/Consumer;)Z @ 50 c2
Event: 112.325 Thread 0x000001d534b46b60 DEOPT PACKING pc=0x000001d5240dcde0 sp=0x00000032e41f8a10
Event: 112.325 Thread 0x000001d534b46b60 DEOPT UNPACKING pc=0x000001d5239443a2 sp=0x00000032e41f89b0 mode 2

Classes loaded (20 events):
Event: 112.822 Loading class com/sun/org/apache/xerces/internal/util/XMLGrammarPoolImpl done
Event: 112.822 Loading class com/sun/org/apache/xerces/internal/jaxp/validation/XMLSchemaFactory$XMLGrammarPoolImplExtension done
Event: 112.822 Loading class com/sun/org/apache/xerces/internal/util/XMLGrammarPoolImpl$Entry
Event: 112.823 Loading class com/sun/org/apache/xerces/internal/util/XMLGrammarPoolImpl$Entry done
Event: 112.824 Loading class com/sun/org/apache/xerces/internal/impl/dv/SchemaDVFactory
Event: 112.825 Loading class com/sun/org/apache/xerces/internal/impl/dv/SchemaDVFactory done
Event: 112.825 Loading class com/sun/org/apache/xerces/internal/utils/ObjectFactory
Event: 112.829 Loading class com/sun/org/apache/xerces/internal/utils/ObjectFactory done
Event: 112.831 Loading class com/sun/org/apache/xerces/internal/impl/dv/xs/SchemaDVFactoryImpl
Event: 112.833 Loading class com/sun/org/apache/xerces/internal/impl/dv/xs/BaseSchemaDVFactory
Event: 112.840 Loading class com/sun/org/apache/xerces/internal/impl/dv/xs/BaseSchemaDVFactory done
Event: 112.840 Loading class com/sun/org/apache/xerces/internal/impl/dv/xs/SchemaDVFactoryImpl done
Event: 112.840 Loading class com/sun/org/apache/xerces/internal/impl/dv/xs/XSSimpleTypeDecl
Event: 112.858 Loading class com/sun/org/apache/xerces/internal/impl/dv/XSSimpleType
Event: 112.859 Loading class com/sun/org/apache/xerces/internal/xs/XSSimpleTypeDefinition
Event: 112.860 Loading class com/sun/org/apache/xerces/internal/xs/XSTypeDefinition
Event: 112.860 Loading class com/sun/org/apache/xerces/internal/xs/XSTypeDefinition done
Event: 112.860 Loading class com/sun/org/apache/xerces/internal/xs/XSSimpleTypeDefinition done
Event: 112.860 Loading class com/sun/org/apache/xerces/internal/impl/dv/XSSimpleType done
Event: 112.861 Loading class com/sun/org/apache/xerces/internal/impl/dv/xs/XSSimpleTypeDecl done

Classes unloaded (15 events):
Event: 17.788 Thread 0x000001d52f54b9c0 Unloading class 0x000000010083cc00 'java/lang/invoke/LambdaForm$DMH+0x000000010083cc00'
Event: 17.788 Thread 0x000001d52f54b9c0 Unloading class 0x000000010083c400 'java/lang/invoke/LambdaForm$DMH+0x000000010083c400'
Event: 77.694 Thread 0x000001d52f54b9c0 Unloading class 0x0000000100b32570 '_BuildScript_$_run_closure1'
Event: 77.694 Thread 0x000001d52f54b9c0 Unloading class 0x0000000100b32000 '_BuildScript_'
Event: 77.694 Thread 0x000001d52f54b9c0 Unloading class 0x0000000100b30000 '_BuildScript_'
Event: 89.721 Thread 0x000001d52f54b9c0 Unloading class 0x0000000100e92c60 '_BuildScript_$_run_closure2'
Event: 89.721 Thread 0x000001d52f54b9c0 Unloading class 0x0000000100e92840 '_BuildScript_$_run_closure1$_closure8'
Event: 89.721 Thread 0x000001d52f54b9c0 Unloading class 0x0000000100e92420 '_BuildScript_$_run_closure1$_closure7'
Event: 89.721 Thread 0x000001d52f54b9c0 Unloading class 0x0000000100e92000 '_BuildScript_$_run_closure1$_closure6'
Event: 89.721 Thread 0x000001d52f54b9c0 Unloading class 0x0000000100e91840 '_BuildScript_$_run_closure1$_closure5'
Event: 89.721 Thread 0x000001d52f54b9c0 Unloading class 0x0000000100e91420 '_BuildScript_$_run_closure1$_closure4$_closure9'
Event: 89.721 Thread 0x000001d52f54b9c0 Unloading class 0x0000000100e91000 '_BuildScript_$_run_closure1$_closure4'
Event: 89.721 Thread 0x000001d52f54b9c0 Unloading class 0x0000000100e90990 '_BuildScript_$_run_closure1$_closure3'
Event: 89.721 Thread 0x000001d52f54b9c0 Unloading class 0x0000000100e90570 '_BuildScript_$_run_closure1'
Event: 89.721 Thread 0x000001d52f54b9c0 Unloading class 0x0000000100e90000 '_BuildScript_'

Classes redefined (0 events):
No events

Internal exceptions (20 events):
Event: 112.246 Thread 0x000001d534b46b60 Exception <a 'sun/nio/fs/WindowsException'{0x00000000ca34b718}> (0x00000000ca34b718) 
thrown [s\src\hotspot\share\prims\jni.cpp, line 537]
Event: 112.246 Thread 0x000001d534b46b60 Exception <a 'sun/nio/fs/WindowsException'{0x00000000ca34cc18}> (0x00000000ca34cc18) 
thrown [s\src\hotspot\share\prims\jni.cpp, line 537]
Event: 112.249 Thread 0x000001d534b46b60 Exception <a 'sun/nio/fs/WindowsException'{0x00000000ca357f98}> (0x00000000ca357f98) 
thrown [s\src\hotspot\share\prims\jni.cpp, line 537]
Event: 112.250 Thread 0x000001d534b46b60 Exception <a 'sun/nio/fs/WindowsException'{0x00000000ca3594b0}> (0x00000000ca3594b0) 
thrown [s\src\hotspot\share\prims\jni.cpp, line 537]
Event: 112.254 Thread 0x000001d534b46b60 Exception <a 'sun/nio/fs/WindowsException'{0x00000000ca364820}> (0x00000000ca364820) 
thrown [s\src\hotspot\share\prims\jni.cpp, line 537]
Event: 112.255 Thread 0x000001d534b46b60 Exception <a 'sun/nio/fs/WindowsException'{0x00000000ca365d28}> (0x00000000ca365d28) 
thrown [s\src\hotspot\share\prims\jni.cpp, line 537]
Event: 112.269 Thread 0x000001d534b46b60 Exception <a 'sun/nio/fs/WindowsException'{0x00000000ca380a60}> (0x00000000ca380a60) 
thrown [s\src\hotspot\share\prims\jni.cpp, line 537]
Event: 112.269 Thread 0x000001d534b46b60 Exception <a 'sun/nio/fs/WindowsException'{0x00000000ca381f68}> (0x00000000ca381f68) 
thrown [s\src\hotspot\share\prims\jni.cpp, line 537]
Event: 112.273 Thread 0x000001d534b46b60 Exception <a 'sun/nio/fs/WindowsException'{0x00000000ca38d490}> (0x00000000ca38d490) 
thrown [s\src\hotspot\share\prims\jni.cpp, line 537]
Event: 112.273 Thread 0x000001d534b46b60 Exception <a 'sun/nio/fs/WindowsException'{0x00000000ca38e9a8}> (0x00000000ca38e9a8) 
thrown [s\src\hotspot\share\prims\jni.cpp, line 537]
Event: 112.275 Thread 0x000001d534b46b60 Exception <a 'sun/nio/fs/WindowsException'{0x00000000ca39a068}> (0x00000000ca39a068) 
thrown [s\src\hotspot\share\prims\jni.cpp, line 537]
Event: 112.276 Thread 0x000001d534b46b60 Exception <a 'sun/nio/fs/WindowsException'{0x00000000ca39b578}> (0x00000000ca39b578) 
thrown [s\src\hotspot\share\prims\jni.cpp, line 537]
Event: 112.293 Thread 0x000001d534b46b60 Exception <a 'sun/nio/fs/WindowsException'{0x00000000ca3b6360}> (0x00000000ca3b6360) 
thrown [s\src\hotspot\share\prims\jni.cpp, line 537]
Event: 112.305 Thread 0x000001d534b46b60 Exception <a 'sun/nio/fs/WindowsException'{0x00000000ca3bc560}> (0x00000000ca3bc560) 
thrown [s\src\hotspot\share\prims\jni.cpp, line 537]
Event: 112.307 Thread 0x000001d534b46b60 Exception <a 'sun/nio/fs/WindowsException'{0x00000000ca3bdbf8}> (0x00000000ca3bdbf8) 
thrown [s\src\hotspot\share\prims\jni.cpp, line 537]
Event: 112.310 Thread 0x000001d534b46b60 Exception <a 'sun/nio/fs/WindowsException'{0x00000000ca3bdd98}> (0x00000000ca3bdd98) 
thrown [s\src\hotspot\share\prims\jni.cpp, line 537]
Event: 112.310 Thread 0x000001d534b46b60 Exception <a 'sun/nio/fs/WindowsException'{0x00000000ca3bf2e8}> (0x00000000ca3bf2e8) 
thrown [s\src\hotspot\share\prims\jni.cpp, line 537]
Event: 112.320 Thread 0x000001d534b46b60 Exception <a 'sun/nio/fs/WindowsException'{0x00000000ca3c0b88}> (0x00000000ca3c0b88) 
thrown [s\src\hotspot\share\prims\jni.cpp, line 537]
Event: 112.325 Thread 0x000001d534b46b60 Exception <a 'sun/nio/fs/WindowsException'{0x00000000ca3c21c0}> (0x00000000ca3c21c0) 
thrown [s\src\hotspot\share\prims\jni.cpp, line 537]
Event: 112.326 Thread 0x000001d534b46b60 Exception <a 'sun/nio/fs/WindowsException'{0x00000000ca3c3730}> (0x00000000ca3c3730) 
thrown [s\src\hotspot\share\prims\jni.cpp, line 537]

ZGC Phase Switch (0 events):
No events

VM Operations (20 events):
Event: 89.739 Executing safepoint VM operation: G1PauseRemark done
Event: 89.794 Executing safepoint VM operation: G1PauseCleanup
Event: 89.795 Executing safepoint VM operation: G1PauseCleanup done
Event: 90.802 Executing safepoint VM operation: Cleanup
Event: 90.802 Executing safepoint VM operation: Cleanup done
Event: 93.828 Executing safepoint VM operation: Cleanup
Event: 93.828 Executing safepoint VM operation: Cleanup done
Event: 106.991 Executing non-safepoint VM operation: HandshakeAllThreads (Deoptimize)
Event: 106.991 Executing non-safepoint VM operation: HandshakeAllThreads (Deoptimize) done
Event: 106.991 Executing safepoint VM operation: Cleanup
Event: 106.991 Executing safepoint VM operation: Cleanup done
Event: 108.006 Executing safepoint VM operation: Cleanup
Event: 108.006 Executing safepoint VM operation: Cleanup done
Event: 111.033 Executing safepoint VM operation: Cleanup
Event: 111.970 Executing safepoint VM operation: Cleanup done
Event: 112.553 Executing non-safepoint VM operation: HandshakeAllThreads (Deoptimize)
Event: 112.553 Executing non-safepoint VM operation: HandshakeAllThreads (Deoptimize) done
Event: 112.576 Executing non-safepoint VM operation: HandshakeAllThreads (Deoptimize)
Event: 112.576 Executing non-safepoint VM operation: HandshakeAllThreads (Deoptimize) done
Event: 113.587 Executing safepoint VM operation: Cleanup

Memory protections (0 events):
No events

Nmethod flushes (20 events):
Event: 89.737 Thread 0x000001d52f54b9c0 flushing  nmethod 0x000001d51cdb4110
Event: 89.737 Thread 0x000001d52f54b9c0 flushing  nmethod 0x000001d51cf31790
Event: 89.737 Thread 0x000001d52f54b9c0 flushing  nmethod 0x000001d51cf31f10
Event: 89.737 Thread 0x000001d52f54b9c0 flushing  nmethod 0x000001d51d050990
Event: 89.737 Thread 0x000001d52f54b9c0 flushing  nmethod 0x000001d51d27c110
Event: 89.737 Thread 0x000001d52f54b9c0 flushing  nmethod 0x000001d51d378390
Event: 89.737 Thread 0x000001d52f54b9c0 flushing  nmethod 0x000001d51d37ea10
Event: 89.737 Thread 0x000001d52f54b9c0 flushing  nmethod 0x000001d51d380110
Event: 89.737 Thread 0x000001d52f54b9c0 flushing  nmethod 0x000001d51d383190
Event: 89.737 Thread 0x000001d52f54b9c0 flushing  nmethod 0x000001d51d3fba10
Event: 89.737 Thread 0x000001d52f54b9c0 flushing  nmethod 0x000001d51d3fc410
Event: 89.737 Thread 0x000001d52f54b9c0 flushing  nmethod 0x000001d51d3fd110
Event: 89.737 Thread 0x000001d52f54b9c0 flushing  nmethod 0x000001d51d3ff890
Event: 89.737 Thread 0x000001d52f54b9c0 flushing  nmethod 0x000001d51d4b0490
Event: 89.737 Thread 0x000001d52f54b9c0 flushing  nmethod 0x000001d51d4b2890
Event: 89.737 Thread 0x000001d52f54b9c0 flushing  nmethod 0x000001d51d4bdf90
Event: 89.737 Thread 0x000001d52f54b9c0 flushing  nmethod 0x000001d51d6b1690
Event: 89.737 Thread 0x000001d52f54b9c0 flushing  nmethod 0x000001d51d75cb10
Event: 89.737 Thread 0x000001d52f54b9c0 flushing  nmethod 0x000001d51d75d310
Event: 89.737 Thread 0x000001d52f54b9c0 flushing  nmethod 0x000001d51d760510

Events (20 events):
Event: 88.811 Thread 0x000001d5383d8170 Thread exited: 0x000001d5383d8170
Event: 88.812 Thread 0x000001d53a3b0680 Thread exited: 0x000001d53a3b0680
Event: 88.830 Thread 0x000001d5383d5a10 Thread exited: 0x000001d5383d5a10
Event: 88.898 Thread 0x000001d53bdce170 Thread exited: 0x000001d53bdce170
Event: 88.899 Thread 0x000001d53bdcee90 Thread exited: 0x000001d53bdcee90
Event: 88.912 Thread 0x000001d534f27780 Thread exited: 0x000001d534f27780
Event: 88.912 Thread 0x000001d53a3a9d80 Thread exited: 0x000001d53a3a9d80
Event: 88.912 Thread 0x000001d53a3aaaa0 Thread exited: 0x000001d53a3aaaa0
Event: 88.913 Thread 0x000001d5383d8e90 Thread exited: 0x000001d5383d8e90
Event: 88.986 Thread 0x000001d53a3acb70 Thread exited: 0x000001d53a3acb70
Event: 88.986 Thread 0x000001d53a3abe50 Thread exited: 0x000001d53a3abe50
Event: 88.999 Thread 0x000001d534f2b290 Thread exited: 0x000001d534f2b290
Event: 89.029 Thread 0x000001d5391dc390 Thread exited: 0x000001d5391dc390
Event: 89.140 Thread 0x000001d5383d7ae0 Thread exited: 0x000001d5383d7ae0
Event: 89.141 Thread 0x000001d53bdcfbb0 Thread exited: 0x000001d53bdcfbb0
Event: 89.170 Thread 0x000001d53bdce800 Thread exited: 0x000001d53bdce800
Event: 89.225 Thread 0x000001d53bdcdae0 Thread exited: 0x000001d53bdcdae0
Event: 92.447 Thread 0x000001d52f8b1690 Thread exited: 0x000001d52f8b1690
Event: 102.950 Thread 0x000001d53bdcf520 Thread exited: 0x000001d53bdcf520
Event: 106.917 Thread 0x000001d534b46b60 Thread added: 0x000001d53a3a9d80


Dynamic libraries:
0x00007ff6bcc20000 - 0x00007ff6bcc2a000 	C:\Program Files\Android\Android Studio\jbr\bin\java.exe
0x00007ffc90060000 - 0x00007ffc902c7000 	C:\WINDOWS\SYSTEM32\ntdll.dll
0x00007ffc8e620000 - 0x00007ffc8e6e9000 	C:\WINDOWS\System32\KERNEL32.DLL
0x00007ffc8d300000 - 0x00007ffc8d6f7000 	C:\WINDOWS\System32\KERNELBASE.dll
0x00007ffc8d730000 - 0x00007ffc8d87b000 	C:\WINDOWS\System32\ucrtbase.dll
0x00007ffc7e920000 - 0x00007ffc7e93b000 	C:\Program Files\Android\Android Studio\jbr\bin\VCRUNTIME140.dll
0x00007ffc62e70000 - 0x00007ffc62e88000 	C:\Program Files\Android\Android Studio\jbr\bin\jli.dll
0x00007ffc8eb90000 - 0x00007ffc8ed56000 	C:\WINDOWS\System32\USER32.dll
0x00007ffc8d700000 - 0x00007ffc8d727000 	C:\WINDOWS\System32\win32u.dll
0x00007ffc78d40000 - 0x00007ffc78fd2000 	C:\WINDOWS\WinSxS\amd64_microsoft.windows.common-controls_6595b64144ccf1df_6.0.26100.8457_none_3e0b2faee331e92d\COMCTL32.dll
0x00007ffc8eae0000 - 0x00007ffc8eb89000 	C:\WINDOWS\System32\msvcrt.dll
0x00007ffc8f8d0000 - 0x00007ffc8f8fb000 	C:\WINDOWS\System32\GDI32.dll
0x00007ffc8d880000 - 0x00007ffc8d9ac000 	C:\WINDOWS\System32\gdi32full.dll
0x00007ffc8dd30000 - 0x00007ffc8ddd3000 	C:\WINDOWS\System32\msvcp_win.dll
0x00007ffc8fe70000 - 0x00007ffc8fea2000 	C:\WINDOWS\System32\IMM32.DLL
0x00007ffc87ec0000 - 0x00007ffc87ecc000 	C:\Program Files\Android\Android Studio\jbr\bin\vcruntime140_1.dll
0x00007ffc46b00000 - 0x00007ffc46b8d000 	C:\Program Files\Android\Android Studio\jbr\bin\msvcp140.dll
0x00007ffba4210000 - 0x00007ffba4ea6000 	C:\Program Files\Android\Android Studio\jbr\bin\server\jvm.dll
0x00007ffc8feb0000 - 0x00007ffc8ff66000 	C:\WINDOWS\System32\ADVAPI32.dll
0x00007ffc8ff70000 - 0x00007ffc90017000 	C:\WINDOWS\System32\sechost.dll
0x00007ffc8fae0000 - 0x00007ffc8fbf8000 	C:\WINDOWS\System32\RPCRT4.dll
0x00007ffc8fde0000 - 0x00007ffc8fe60000 	C:\WINDOWS\System32\WS2_32.dll
0x00007ffc8c8f0000 - 0x00007ffc8c94e000 	C:\WINDOWS\SYSTEM32\POWRPROF.dll
0x00007ffc83840000 - 0x00007ffc83876000 	C:\WINDOWS\SYSTEM32\WINMM.dll
0x00007ffc81d90000 - 0x00007ffc81d9b000 	C:\WINDOWS\SYSTEM32\VERSION.dll
0x00007ffc8c8d0000 - 0x00007ffc8c8e4000 	C:\WINDOWS\SYSTEM32\UMPDC.dll
0x00007ffc8b820000 - 0x00007ffc8b83b000 	C:\WINDOWS\SYSTEM32\kernel.appcore.dll
0x00007ffc7ec10000 - 0x00007ffc7ec1a000 	C:\Program Files\Android\Android Studio\jbr\bin\jimage.dll
0x00007ffc8ac40000 - 0x00007ffc8ae82000 	C:\WINDOWS\SYSTEM32\DBGHELP.DLL
0x00007ffc8e6f0000 - 0x00007ffc8ea73000 	C:\WINDOWS\System32\combase.dll
0x00007ffc8f610000 - 0x00007ffc8f6e9000 	C:\WINDOWS\System32\OLEAUT32.dll
0x00007ffc5ea60000 - 0x00007ffc5ea9b000 	C:\WINDOWS\SYSTEM32\dbgcore.DLL
0x00007ffc8dbc0000 - 0x00007ffc8dc68000 	C:\WINDOWS\System32\bcryptPrimitives.dll
0x00007ffc7ec20000 - 0x00007ffc7ec2e000 	C:\Program Files\Android\Android Studio\jbr\bin\instrument.dll
0x00007ffc7e8e0000 - 0x00007ffc7e900000 	C:\Program Files\Android\Android Studio\jbr\bin\java.dll
0x00007ffc7e370000 - 0x00007ffc7e388000 	C:\Program Files\Android\Android Studio\jbr\bin\zip.dll
0x00007ffc8ed60000 - 0x00007ffc8f4ce000 	C:\WINDOWS\System32\SHELL32.dll
0x00007ffc8ca90000 - 0x00007ffc8d2fc000 	C:\WINDOWS\System32\windows.storage.dll
0x00007ffc8fc50000 - 0x00007ffc8fd46000 	C:\WINDOWS\System32\SHCORE.dll
0x00007ffc8fd50000 - 0x00007ffc8fdb6000 	C:\WINDOWS\System32\shlwapi.dll
0x00007ffc8c9b0000 - 0x00007ffc8c9d9000 	C:\WINDOWS\SYSTEM32\profapi.dll
0x00007ffc7e910000 - 0x00007ffc7e920000 	C:\Program Files\Android\Android Studio\jbr\bin\net.dll
0x00007ffc83500000 - 0x00007ffc83629000 	C:\WINDOWS\SYSTEM32\WINHTTP.dll
0x00007ffc8bd90000 - 0x00007ffc8bdfc000 	C:\WINDOWS\system32\mswsock.dll
0x00007ffc7e230000 - 0x00007ffc7e246000 	C:\Program Files\Android\Android Studio\jbr\bin\nio.dll
0x00007ffc7c7c0000 - 0x00007ffc7c7d0000 	C:\Program Files\Android\Android Studio\jbr\bin\verify.dll
0x00007ffc46ca0000 - 0x00007ffc46cc7000 	C:\Users\Principal\.gradle\native\c067742578af261105cb4f569cf0c3c89f3d7b1fecec35dd04571415982c5e48\windows-amd64\native-platform.dll
0x00007ffc0c750000 - 0x00007ffc0c894000 	C:\Users\Principal\.gradle\native\38dada09dfb8b06ba9b0570ebf7e218e3eb74d4ef43ca46872605cf95ebc2f47\windows-amd64\native-platform-file-events.dll
0x00007ffc7e220000 - 0x00007ffc7e229000 	C:\Program Files\Android\Android Studio\jbr\bin\management.dll
0x00007ffc7e210000 - 0x00007ffc7e21b000 	C:\Program Files\Android\Android Studio\jbr\bin\management_ext.dll
0x00007ffc8e610000 - 0x00007ffc8e618000 	C:\WINDOWS\System32\PSAPI.DLL
0x00007ffc8c080000 - 0x00007ffc8c09b000 	C:\WINDOWS\SYSTEM32\CRYPTSP.dll
0x00007ffc8b780000 - 0x00007ffc8b7b9000 	C:\WINDOWS\system32\rsaenh.dll
0x00007ffc8be40000 - 0x00007ffc8be73000 	C:\WINDOWS\SYSTEM32\USERENV.dll
0x00007ffc8c980000 - 0x00007ffc8c9aa000 	C:\WINDOWS\SYSTEM32\bcrypt.dll
0x00007ffc8c070000 - 0x00007ffc8c07c000 	C:\WINDOWS\SYSTEM32\CRYPTBASE.dll
0x00007ffc8b260000 - 0x00007ffc8b292000 	C:\WINDOWS\SYSTEM32\IPHLPAPI.DLL
0x00007ffc8de00000 - 0x00007ffc8de0a000 	C:\WINDOWS\System32\NSI.dll
0x00007ffc7e800000 - 0x00007ffc7e809000 	C:\Program Files\Android\Android Studio\jbr\bin\extnet.dll
0x00007ffc15af0000 - 0x00007ffc15af8000 	C:\WINDOWS\system32\wshunix.dll
0x00007ffc8b300000 - 0x00007ffc8b432000 	C:\WINDOWS\SYSTEM32\DNSAPI.dll
0x00007ffc81400000 - 0x00007ffc8140b000 	C:\Windows\System32\rasadhlp.dll
0x00007ffc86e00000 - 0x00007ffc86e86000 	C:\WINDOWS\System32\fwpuclnt.dll

JVMTI agents:
C:\Users\Principal\.gradle\wrapper\dists\gradle-8.6-bin\afr5mpiioh2wthjmwnkmdsd5w\gradle-8.6\lib\agents\gradle-instrumentation-agent-8.6.jar path:C:\Program Files\Android\Android Studio\jbr\bin\instrument.dll, loaded, initialized, instrumentlib options:none

dbghelp: loaded successfully - version: 4.0.5 - missing functions: none
symbol engine: initialized successfully - sym options: 0x614 - pdb path: .;C:\Program Files\Android\Android Studio\jbr\bin;C:\WINDOWS\SYSTEM32;C:\WINDOWS\WinSxS\amd64_microsoft.windows.common-controls_6595b64144ccf1df_6.0.26100.8457_none_3e0b2faee331e92d;C:\Program Files\Android\Android Studio\jbr\bin\server;C:\Users\Principal\.gradle\native\c067742578af261105cb4f569cf0c3c89f3d7b1fecec35dd04571415982c5e48\windows-amd64;C:\Users\Principal\.gradle\native\38dada09dfb8b06ba9b0570ebf7e218e3eb74d4ef43ca46872605cf95ebc2f47\windows-amd64

VM Arguments:
jvm_args: --add-opens=java.base/java.util=ALL-UNNAMED --add-opens=java.base/java.lang=ALL-UNNAMED --add-opens=java.base/java.lang.invoke=ALL-UNNAMED --add-opens=java.prefs/java.util.prefs=ALL-UNNAMED --add-opens=java.base/java.nio.charset=ALL-UNNAMED --add-opens=java.base/java.net=ALL-UNNAMED --add-opens=java.base/java.util.concurrent.atomic=ALL-UNNAMED -Xmx1024m -Dfile.encoding=UTF-8 -Duser.country=ZA -Duser.language=en -Duser.variant -javaagent:C:\Users\Principal\.gradle\wrapper\dists\gradle-8.6-bin\afr5mpiioh2wthjmwnkmdsd5w\gradle-8.6\lib\agents\gradle-instrumentation-agent-8.6.jar 
java_command: org.gradle.launcher.daemon.bootstrap.GradleDaemon 8.6
java_class_path (initial): C:\Users\Principal\.gradle\wrapper\dists\gradle-8.6-bin\afr5mpiioh2wthjmwnkmdsd5w\gradle-8.6\lib\gradle-launcher-8.6.jar
Launcher Type: SUN_STANDARD

[Global flags]
     intx CICompilerCount                          = 4                                         {product} {ergonomic}
     uint ConcGCThreads                            = 2                                         {product} {ergonomic}
     uint G1ConcRefinementThreads                  = 8                                         {product} {ergonomic}
   size_t G1HeapRegionSize                         = 1048576                                   {product} {ergonomic}
    uintx GCDrainStackTargetSize                   = 64                                        {product} {ergonomic}
   size_t InitialHeapSize                          = 96468992                                  {product} {ergonomic}
   size_t MarkStackSize                            = 4194304                                   {product} {ergonomic}
   size_t MaxHeapSize                              = 1073741824                                {product} {command line}
   size_t MaxNewSize                               = 643825664                                 {product} {ergonomic}
   size_t MinHeapDeltaBytes                        = 1048576                                   {product} {ergonomic}
   size_t MinHeapSize                              = 8388608                                   {product} {ergonomic}
    uintx NonNMethodCodeHeapSize                   = 5839372                                {pd product} {ergonomic}
    uintx NonProfiledCodeHeapSize                  = 122909434                              {pd product} {ergonomic}
    uintx ProfiledCodeHeapSize                     = 122909434                              {pd product} {ergonomic}
    uintx ReservedCodeCacheSize                    = 251658240                              {pd product} {ergonomic}
     bool SegmentedCodeCache                       = true                                      {product} {ergonomic}
   size_t SoftMaxHeapSize                          = 1073741824                             {manageable} {ergonomic}
     bool UseCompressedOops                        = true                           {product lp64_product} {ergonomic}
     bool UseG1GC                                  = true                                      {product} {ergonomic}
     bool UseLargePagesIndividualAllocation        = false                                  {pd product} {ergonomic}

Logging:
Log output configuration:
 #0: stdout all=warning uptime,level,tags foldmultilines=false
 #1: stderr all=off uptime,level,tags foldmultilines=false

Release file:
JAVA_VERSION="21.0.10" 
MODULES="java.base java.compiler java.datatransfer java.xml java.prefs java.desktop java.instrument java.logging java.management java.security.sasl java.naming java.rmi java.management.rmi java.net.http java.scripting java.security.jgss java.transaction.xa java.sql java.sql.rowset java.xml.crypto java.se java.smartcardio jdk.accessibility jdk.internal.jvmstat jdk.attach jdk.charsets jdk.internal.opt jdk.zipfs jdk.compiler jdk.crypto.ec jdk.crypto.cryptoki jdk.dynalink jdk.hotspot.agent jdk.httpserver jdk.internal.ed jdk.internal.le jdk.internal.vm.ci jdk.jartool jdk.javadoc jdk.jcmd jdk.jdeps jdk.jdwp.agent jdk.jdi jdk.jfr jdk.jlink jdk.jsobject jdk.localedata jdk.management jdk.management.agent jdk.management.jfr jdk.naming.dns jdk.naming.rmi jdk.net jdk.sctp jdk.security.auth jdk.security.jgss jdk.unsupported jdk.unsupported.desktop jdk.xml.dom" 
IMPLEMENTOR="JetBrains s.r.o." 
JAVA_RUNTIME_VERSION="21.0.10+-14961533-b1163.108" 
LIBC="default" 
OS_ARCH="x86_64" 
OS_NAME="Windows" 
SOURCE=".:git:1351622c2ff2" 

Environment Variables:
PATH=C:\app\Principal\product\21c\dbhomeXE\bin;C:\Program Files (x86)\Common Files\Oracle\Java\javapath;C:\WINDOWS\system32;C:\WINDOWS;C:\WINDOWS\System32\Wbem;C:\WINDOWS\System32\WindowsPowerShell\v1.0\;C:\WINDOWS\System32\OpenSSH\;C:\Users\Principal\.local\bin;C:\Users\Principal\AppData\Local\Microsoft\WindowsApps;C:\Users\Principal\AppData\Local\Programs\Microsoft VS Code\bin;C:\Users\Principal\AppData\Local\GitHubDesktop\bin;C:\Users\Principal\AppData\Local\Programs\cursor\resources\app\bin
USERNAME=Principal
OS=Windows_NT
PROCESSOR_IDENTIFIER=AMD64 Family 23 Model 160 Stepping 0, AuthenticAMD
TMP=C:\Users\PRINCI~1\AppData\Local\Temp
TEMP=C:\Users\PRINCI~1\AppData\Local\Temp




Periodic native trim disabled

JNI global refs:
JNI global refs: 28, weak refs: 0

JNI global refs memory usage: 835, weak refs: 833

Process memory usage:
Resident Set Size: 360896K (5% of 6018300K total physical memory with 748296K free physical memory)

OOME stack traces (most recent first):
Classloader memory used:
Loader org.gradle.internal.classloader.VisitableURLClassLoader                         : 44888K
Loader bootstrap                                                                       : 35096K
Loader org.gradle.internal.classloader.VisitableURLClassLoader$InstrumentingVisitableURLClassLoader: 33414K
Loader org.gradle.initialization.MixInLegacyTypesClassLoader                           : 12374K
Loader org.gradle.internal.classloader.VisitableURLClassLoader                         : 4262K
Loader jdk.internal.loader.ClassLoaders$PlatformClassLoader                            : 854K
Loader jdk.internal.reflect.DelegatingClassLoader                                      : 403K
Loader org.gradle.groovy.scripts.internal.DefaultScriptCompilationHandler$ScriptClassLoader: 248K
Loader jdk.internal.loader.ClassLoaders$AppClassLoader                                 : 230K
Loader org.codehaus.groovy.runtime.callsite.CallSiteClassLoader                        : 59768B
Loader sun.reflect.misc.MethodUtil                                                     : 2984B

Classes loaded by more than one classloader:
Class com.google.common.collect.Iterators$ArrayItr                                    : loaded 4 times (x 97B)
Class com.google.common.collect.Iterators$MergingIterator                             : loaded 4 times (x 81B)
Class com.google.common.collect.Iterators                                             : loaded 4 times (x 71B)
Class com.google.common.collect.Lists$StringAsImmutableList                           : loaded 4 times (x 207B)
Class com.google.common.collect.AbstractIterator                                      : loaded 4 times (x 82B)
Class com.google.common.collect.ImmutableList                                         : loaded 4 times (x 206B)
Class com.google.common.collect.AbstractIndexedListIterator                           : loaded 4 times (x 96B)
Class com.google.common.collect.Iterators$1                                           : loaded 4 times (x 81B)
Class com.google.common.collect.Iterators$4                                           : loaded 4 times (x 82B)
Class com.google.common.collect.Iterators$5                                           : loaded 4 times (x 82B)
Class com.google.common.collect.PeekingIterator                                       : loaded 4 times (x 70B)
Class com.google.common.collect.ImmutableCollection                                   : loaded 4 times (x 125B)
Class com.google.common.collect.UnmodifiableListIterator                              : loaded 4 times (x 95B)
Class com.google.common.base.Preconditions                                            : loaded 4 times (x 71B)
Class com.google.common.collect.Lists                                                 : loaded 4 times (x 71B)
Class com.google.common.collect.Iterators$9                                           : loaded 4 times (x 81B)
Class com.google.common.collect.UnmodifiableIterator                                  : loaded 4 times (x 80B)
Class com.google.common.collect.NullsLastOrdering                                     : loaded 3 times (x 115B)
Class org.gradle.api.GradleException                                                  : loaded 3 times (x 82B)
Class com.google.common.collect.AbstractRangeSet                                      : loaded 3 times (x 114B)
Class com.google.common.base.Predicate                                                : loaded 3 times (x 70B)
Class org.gradle.api.Action                                                           : loaded 3 times (x 70B)
Class org.gradle.internal.Cast                                                        : loaded 3 times (x 71B)
Class com.google.common.collect.ImmutableList$1                                       : loaded 3 times (x 97B)
Class com.google.common.collect.ImmutableSet                                          : loaded 3 times (x 145B)
Class com.google.common.collect.ImmutableRangeSet$Builder                             : loaded 3 times (x 77B)
Class com.google.common.collect.CompoundOrdering                                      : loaded 3 times (x 115B)
Class com.google.common.collect.RegularImmutableList                                  : loaded 3 times (x 212B)
Class com.google.common.base.Function                                                 : loaded 3 times (x 70B)
Class com.google.common.collect.RegularImmutableSortedSet                             : loaded 3 times (x 299B)
Class org.gradle.internal.IoActions                                                   : loaded 3 times (x 71B)
Class com.google.common.collect.RegularImmutableSet                                   : loaded 3 times (x 148B)
Class com.google.common.collect.UsingToStringOrdering                                 : loaded 3 times (x 114B)
Class com.google.common.collect.ImmutableAsList                                       : loaded 3 times (x 209B)
Class com.google.common.collect.ImmutableRangeSet$ComplementRanges                    : loaded 3 times (x 207B)
Class com.google.common.collect.ImmutableSet$RegularSetBuilderImpl                    : loaded 3 times (x 77B)
Class com.google.common.collect.ImmutableSet$CachingAsList                            : loaded 3 times (x 147B)
Class com.google.common.collect.ByFunctionOrdering                                    : loaded 3 times (x 115B)
Class com.google.common.base.Joiner$1                                                 : loaded 3 times (x 80B)
Class com.google.common.collect.RangeGwtSerializationDependencies                     : loaded 3 times (x 71B)
Class com.google.common.base.Joiner$2                                                 : loaded 3 times (x 79B)
Class com.google.common.collect.SortedIterable                                        : loaded 3 times (x 70B)
Class com.google.common.collect.SingletonImmutableSet                                 : loaded 3 times (x 146B)
Class com.google.common.collect.RangeSet                                              : loaded 3 times (x 70B)
Class com.google.common.collect.ImmutableList$ReverseImmutableList                    : loaded 3 times (x 208B)
Class com.google.common.collect.SingletonImmutableList                                : loaded 3 times (x 207B)
Class com.google.common.collect.Multimap                                              : loaded 3 times (x 70B)
Class com.google.common.collect.ReverseOrdering                                       : loaded 3 times (x 115B)
Class com.google.common.collect.ImmutableSet$SetBuilderImpl                           : loaded 3 times (x 76B)
Class com.google.common.collect.NullsFirstOrdering                                    : loaded 3 times (x 115B)
Class com.google.common.collect.ForwardingObject                                      : loaded 3 times (x 72B)
Class com.google.common.collect.ReverseNaturalOrdering                                : loaded 3 times (x 114B)
Class com.google.common.collect.ExplicitOrdering                                      : loaded 3 times (x 115B)
Class com.google.common.collect.ImmutableList$SubList                                 : loaded 3 times (x 208B)
Class com.google.common.collect.Range                                                 : loaded 3 times (x 87B)
Class com.google.common.collect.RegularImmutableAsList                                : loaded 3 times (x 216B)
Class com.google.common.collect.ImmutableRangeSet$1                                   : loaded 3 times (x 209B)
Class com.google.common.collect.Ordering                                              : loaded 3 times (x 114B)
Class com.google.common.collect.ImmutableList$Builder                                 : loaded 3 times (x 77B)
Class com.google.common.collect.ImmutableSortedSet                                    : loaded 3 times (x 299B)
Class com.google.common.base.Joiner                                                   : loaded 3 times (x 79B)
Class com.google.common.collect.ImmutableCollection$Builder                           : loaded 3 times (x 76B)
Class com.google.common.collect.LexicographicalOrdering                               : loaded 3 times (x 115B)
Class com.google.common.collect.ImmutableRangeSet                                     : loaded 3 times (x 115B)
Class com.google.common.collect.ImmutableRangeSet$AsSet                               : loaded 3 times (x 299B)
Class com.google.common.collect.AllEqualOrdering                                      : loaded 3 times (x 114B)
Class com.google.common.collect.NaturalOrdering                                       : loaded 3 times (x 115B)
Class com.google.common.collect.ComparatorOrdering                                    : loaded 3 times (x 115B)
Class com.google.common.collect.ListMultimap                                          : loaded 2 times (x 70B)
Class org.gradle.tooling.internal.gradle.DefaultProjectIdentifier                     : loaded 2 times (x 86B)
Class org.apache.commons.compress.archivers.zip.X000A_NTFS                            : loaded 2 times (x 100B)
Class com.google.common.collect.ImmutableEnumMap                                      : loaded 2 times (x 125B)
Class com.google.common.collect.Sets$1                                                : loaded 2 times (x 139B)
Class org.objectweb.asm.AnnotationVisitor                                             : loaded 2 times (x 78B)
Class com.google.common.base.Splitter                                                 : loaded 2 times (x 72B)
Class com.intellij.gradle.toolingExtension.impl.model.buildScriptClasspathModel.GradleBuildScriptClasspathSerializationService$ReadContext: loaded 2 times (x 72B)
Class com.google.common.collect.Iterators$PeekingImpl                                 : loaded 2 times (x 89B)
Class org.gradle.api.internal.DefaultClassPathProvider                                : loaded 2 times (x 76B)
Class com.google.common.hash.HashCode$BytesHashCode                                   : loaded 2 times (x 81B)
Class org.apache.commons.io.output.StringBuilderWriter                                : loaded 2 times (x 100B)
Class com.android.builder.model.v2.models.BasicAndroidProject                         : loaded 2 times (x 70B)
Class com.google.common.collect.Sets$2                                                : loaded 2 times (x 139B)
Class settings_30swqw6wts7hs4qzofbpr9fju$_run_closure1$_closure2                      : loaded 2 times (x 139B)
Class kotlin.text.MatchResult                                                         : loaded 2 times (x 70B)
Class kotlin.sequences.Sequence                                                       : loaded 2 times (x 70B)
Class [Lorg.gradle.api.internal.ClassPathProvider;                                    : loaded 2 times (x 69B)
Class org.gradle.api.internal.ClassPathProvider                                       : loaded 2 times (x 70B)
Class [Lorg.objectweb.asm.AnnotationVisitor;                                          : loaded 2 times (x 69B)
Class com.google.common.collect.Sets$3                                                : loaded 2 times (x 139B)
Class com.google.common.util.concurrent.AbstractFuture$SafeAtomicHelper               : loaded 2 times (x 79B)
Class com.google.common.cache.LocalCache$LocalLoadingCache                            : loaded 2 times (x 134B)
Class com.google.common.base.AbstractIterator$State                                   : loaded 2 times (x 79B)
Class kotlin.collections.CollectionsKt___CollectionsKt$asSequence$$inlined$Sequence$1 : loaded 2 times (x 75B)
Class org.gradle.internal.service.UnknownServiceException                             : loaded 2 times (x 83B)
Class com.google.common.hash.Hasher                                                   : loaded 2 times (x 70B)
Class com.google.common.collect.Sets$4                                                : loaded 2 times (x 139B)
Class org.objectweb.asm.ModuleVisitor                                                 : loaded 2 times (x 81B)
Class com.google.common.cache.LocalCache$Strength$1                                   : loaded 2 times (x 81B)
Class org.jetbrains.kotlin.idea.gradleTooling.model.kapt.KaptGradleModel              : loaded 2 times (x 70B)
Class org.jetbrains.kotlin.idea.gradleTooling.KotlinDslScriptAdditionalTask           : loaded 2 times (x 70B)
Class org.jetbrains.plugins.gradle.model.ClasspathEntryModel                          : loaded 2 times (x 70B)
Class [Lorg.apache.commons.compress.archivers.zip.ZipArchiveEntry$NameSource;         : loaded 2 times (x 69B)
Class com.google.common.util.concurrent.SettableFuture                                : loaded 2 times (x 114B)
Class com.google.common.cache.LocalCache$Strength$2                                   : loaded 2 times (x 81B)
Class org.jetbrains.plugins.gradle.tooling.serialization.GradleExtensionsSerializationService: loaded 2 times (x 77B)
Class org.gradle.api.JavaVersion                                                      : loaded 2 times (x 79B)
Class org.gradle.tooling.model.Dependency                                             : loaded 2 times (x 70B)
Class com.google.common.collect.ComparisonChain$1                                     : loaded 2 times (x 81B)
Class [Lorg.apache.commons.io.StandardLineSeparator;                                  : loaded 2 times (x 69B)
Class com.google.common.cache.LocalCache$Strength$3                                   : loaded 2 times (x 81B)
Class com.google.common.collect.MapDifference                                         : loaded 2 times (x 70B)
Class com.google.common.base.Splitter$1                                               : loaded 2 times (x 77B)
Class com.intellij.openapi.externalSystem.model.project.dependencies.ResolutionState  : loaded 2 times (x 79B)
Class kotlin.collections.ArraysKt___ArraysJvmKt                                       : loaded 2 times (x 71B)
Class kotlin.collections.CollectionsKt__CollectionsKt                                 : loaded 2 times (x 71B)
Class org.objectweb.asm.FieldWriter                                                   : loaded 2 times (x 78B)
Class com.google.common.cache.CacheBuilder$NullListener                               : loaded 2 times (x 82B)
Class sync_studio_tooling2_8l20geqose34f7kqy7axp7qma                                  : loaded 2 times (x 179B)
Class kotlin.text.Regex$Companion                                                     : loaded 2 times (x 71B)
Class org.gradle.internal.classpath.TransformedClassPath                              : loaded 2 times (x 96B)
Class com.android.builder.model.v2.models.AndroidDsl                                  : loaded 2 times (x 70B)
Class org.apache.commons.io.output.UnsynchronizedByteArrayOutputStream                : loaded 2 times (x 102B)
Class com.google.common.cache.CacheLoader$FunctionToCacheLoader                       : loaded 2 times (x 75B)
Class org.gradle.api.internal.classpath.EffectiveClassPath                            : loaded 2 times (x 90B)
Class kotlin.sequences.SequencesKt___SequencesKt$flatMap$2                            : loaded 2 times (x 125B)
Class kotlin.jvm.internal.FunctionReference                                           : loaded 2 times (x 122B)
Class [Lkotlin.coroutines.intrinsics.CoroutineSingletons;                             : loaded 2 times (x 69B)
Class kotlin.jvm.internal.FunctionBase                                                : loaded 2 times (x 70B)
Class kotlin.enums.EnumEntriesList                                                    : loaded 2 times (x 223B)
Class org.apache.commons.io.output.ByteArrayOutputStream                              : loaded 2 times (x 102B)
Class org.jetbrains.plugins.gradle.tooling.serialization.internal.IdeaProjectSerializationService: loaded 2 times (x 77B)
Class com.google.common.base.MoreObjects                                              : loaded 2 times (x 71B)
Class kotlin.collections.CollectionsKt__IteratorsJVMKt                                : loaded 2 times (x 71B)
Class [Lorg.objectweb.asm.Type;                                                       : loaded 2 times (x 69B)
Class com.google.common.collect.Platform                                              : loaded 2 times (x 71B)
Class settings_30swqw6wts7hs4qzofbpr9fju                                              : loaded 2 times (x 179B)
Class org.jetbrains.kotlin.idea.gradleTooling.KotlinSourceSetContainer                : loaded 2 times (x 70B)
Class org.jetbrains.plugins.gradle.model.IntelliJSettings                             : loaded 2 times (x 70B)
Class kotlin.Result                                                                   : loaded 2 times (x 72B)
Class org.gradle.internal.service.ServiceLocator                                      : loaded 2 times (x 70B)
Class com.google.common.base.Ascii                                                    : loaded 2 times (x 71B)
Class com.google.common.collect.SingletonImmutableBiMap                               : loaded 2 times (x 143B)
Class com.google.common.cache.LocalCache$1                                            : loaded 2 times (x 89B)
Class com.google.common.collect.AbstractMapEntry                                      : loaded 2 times (x 81B)
Class com.intellij.gradle.toolingExtension.util.GradleVersionUtil                     : loaded 2 times (x 71B)
Class com.google.common.collect.Iterators$SingletonIterator                           : loaded 2 times (x 81B)
Class kotlin.sequences.TransformingSequence$iterator$1                                : loaded 2 times (x 79B)
Class kotlin.Pair                                                                     : loaded 2 times (x 72B)
Class org.gradle.tooling.internal.adapter.ProtocolToModelAdapter$SupportedPropertyInvoker: loaded 2 times (x 76B)
Class org.gradle.tooling.model.UnsupportedMethodException                             : loaded 2 times (x 82B)
Class org.apache.commons.compress.archivers.ArchiveOutputStream                       : loaded 2 times (x 96B)
Class com.google.common.collect.Sets$ImprovedAbstractSet                              : loaded 2 times (x 135B)
Class com.google.common.collect.AbstractSetMultimap                                   : loaded 2 times (x 174B)
Class [Lcom.google.common.collect.ImmutableMapEntry;                                  : loaded 2 times (x 69B)
Class com.google.common.cache.LocalCache$2                                            : loaded 2 times (x 142B)
Class com.google.common.collect.AbstractMultimap                                      : loaded 2 times (x 123B)
Class kotlin.collections.CollectionsKt__MutableCollectionsKt                          : loaded 2 times (x 71B)
Class com.google.common.hash.AbstractHashFunction                                     : loaded 2 times (x 95B)
Class org.apache.commons.compress.archivers.zip.ZipUtil                               : loaded 2 times (x 71B)
Class com.google.common.util.concurrent.AbstractFuture$UnsafeAtomicHelper$1           : loaded 2 times (x 76B)
Class org.gradle.internal.classloader.ClassLoaderVisitor                              : loaded 2 times (x 76B)
Class org.jetbrains.plugins.gradle.tooling.serialization.AnnotationProcessingModelSerializationService$WriteContext: loaded 2 times (x 72B)
Class kotlin.reflect.KCallable                                                        : loaded 2 times (x 70B)
Class kotlin.collections.AbstractList$Companion                                       : loaded 2 times (x 71B)
Class com.google.common.util.concurrent.AbstractFuture$Trusted                        : loaded 2 times (x 70B)
Class kotlin.sequences.SequencesKt___SequencesKt                                      : loaded 2 times (x 71B)
Class com.google.common.base.CharMatcher$RangesMatcher                                : loaded 2 times (x 112B)
Class com.intellij.compose.ide.plugin.gradleTooling.rt.ComposeResourcesModel          : loaded 2 times (x 70B)
Class org.jetbrains.plugins.gradle.tooling.serialization.ProjectDependenciesSerializationService$WriteContext: loaded 2 times (x 72B)
Class org.jetbrains.plugins.gradle.tooling.serialization.ProjectDependenciesSerializationService: loaded 2 times (x 77B)
Class org.gradle.tooling.internal.adapter.CollectionMapper                            : loaded 2 times (x 73B)
Class org.apache.commons.compress.archivers.zip.GeneralPurposeBit                     : loaded 2 times (x 71B)
Class com.google.common.base.CharMatcher$None                                         : loaded 2 times (x 112B)
Class com.google.common.util.concurrent.UncheckedExecutionException                   : loaded 2 times (x 82B)
Class com.google.common.hash.AbstractHasher                                           : loaded 2 times (x 142B)
Class org.apache.commons.compress.archivers.zip.X7875_NewUnix                         : loaded 2 times (x 92B)
Class com.google.common.collect.ImmutableSortedSetFauxverideShim                      : loaded 2 times (x 147B)
Class com.google.common.base.CharMatcher$JavaLetterOrDigit                            : loaded 2 times (x 111B)
Class gnu.trove.THash                                                                 : loaded 2 times (x 81B)
Class com.intellij.gradle.toolingExtension.impl.model.buildScriptClasspathModel.GradleBuildScriptClasspathSerializationService$WriteContext: loaded 2 times (x 72B)
Class org.gradle.tooling.internal.adapter.ProtocolToModelAdapter                      : loaded 2 times (x 80B)
Class org.gradle.internal.InternalTransformer                                         : loaded 2 times (x 70B)
Class org.apache.commons.compress.archivers.zip.JarMarker                             : loaded 2 times (x 80B)
Class com.google.common.collect.HashMultimapGwtSerializationDependencies              : loaded 2 times (x 174B)
Class org.objectweb.asm.ClassWriter                                                   : loaded 2 times (x 106B)
Class com.google.common.cache.CacheLoader$UnsupportedLoadingOperationException        : loaded 2 times (x 82B)
Class com.google.common.base.CharMatcher$And                                          : loaded 2 times (x 112B)
Class kotlin.collections.MapsKt__MapsJVMKt                                            : loaded 2 times (x 71B)
Class kotlin.collections.EmptyList                                                    : loaded 2 times (x 174B)
Class org.gradle.internal.time.DefaultTimer                                           : loaded 2 times (x 80B)
Class org.gradle.internal.classloader.ClasspathUtil$1                                 : loaded 2 times (x 76B)
Class org.apache.commons.compress.archivers.zip.ZipEncodingHelper                     : loaded 2 times (x 71B)
Class com.google.common.base.Objects                                                  : loaded 2 times (x 71B)
Class org.objectweb.asm.FieldVisitor                                                  : loaded 2 times (x 77B)
Class com.google.common.collect.IndexedImmutableSet                                   : loaded 2 times (x 150B)
Class com.google.common.collect.ImmutableMap$1                                        : loaded 2 times (x 81B)
Class com.google.common.collect.BiMap                                                 : loaded 2 times (x 70B)
Class org.gradle.tooling.internal.adapter.ProtocolToModelAdapter$ViewKey              : loaded 2 times (x 72B)
Class org.gradle.api.internal.classpath.DefaultModuleRegistry$DefaultModule           : loaded 2 times (x 86B)
Class org.apache.commons.compress.archivers.zip.ZipArchiveOutputStream                : loaded 2 times (x 116B)
Class com.google.common.primitives.Ints                                               : loaded 2 times (x 71B)
Class org.apache.commons.compress.archivers.zip.X0015_CertificateIdForFile            : loaded 2 times (x 93B)
Class kotlin.ResultKt                                                                 : loaded 2 times (x 71B)
Class org.gradle.tooling.internal.adapter.ProtocolToModelAdapter$PropertyCachingMethodInvoker: loaded 2 times (x 76B)
Class com.android.builder.model.v2.models.ProjectSyncIssues                           : loaded 2 times (x 70B)
Class com.google.common.math.MathPreconditions                                        : loaded 2 times (x 71B)
Class com.google.common.collect.Multiset                                              : loaded 2 times (x 70B)
Class com.google.common.collect.ArrayListMultimapGwtSerializationDependencies         : loaded 2 times (x 172B)
Class com.google.common.collect.ObjectArrays                                          : loaded 2 times (x 71B)
Class org.gradle.internal.classloader.DefaultClassLoaderFactory                       : loaded 2 times (x 82B)
Class org.jetbrains.plugins.gradle.model.ExternalTask                                 : loaded 2 times (x 70B)
Class sync_studio_tooling2_8l20geqose34f7kqy7axp7qma$_run_closure1                    : loaded 2 times (x 139B)
Class kotlin.Result$Failure                                                           : loaded 2 times (x 72B)
Class kotlin.collections.ArraysKt__ArraysKt                                           : loaded 2 times (x 71B)
Class org.gradle.internal.time.DefaultCountdownTimer                                  : loaded 2 times (x 88B)
Class org.apache.commons.compress.archivers.EntryStreamOffsets                        : loaded 2 times (x 70B)
Class org.apache.commons.io.output.NullOutputStream                                   : loaded 2 times (x 85B)
Class com.google.common.collect.ImmutableMapEntrySet                                  : loaded 2 times (x 151B)
Class org.jetbrains.plugins.gradle.model.GradleTaskModel                              : loaded 2 times (x 70B)
Class org.jetbrains.plugins.gradle.tooling.util.ObjectCollector                       : loaded 2 times (x 72B)
Class kotlin.collections.SetsKt__SetsJVMKt                                            : loaded 2 times (x 71B)
Class kotlin.Function                                                                 : loaded 2 times (x 70B)
Class org.gradle.tooling.internal.adapter.ProtocolToModelAdapter$AdaptingMethodInvoker: loaded 2 times (x 76B)
Class org.gradle.tooling.internal.gradle.DefaultBuildIdentifier                       : loaded 2 times (x 79B)
Class org.gradle.api.internal.classpath.Module                                        : loaded 2 times (x 70B)
Class org.apache.commons.compress.archivers.zip.X0014_X509Certificates                : loaded 2 times (x 90B)
Class com.google.common.cache.Weigher                                                 : loaded 2 times (x 70B)
Class com.intellij.openapi.externalSystem.model.project.IExternalSystemSourceType     : loaded 2 times (x 70B)
Class org.gradle.api.internal.classpath.UnknownModuleException                        : loaded 2 times (x 82B)
Class org.gradle.cache.GlobalCache                                                    : loaded 2 times (x 70B)
Class org.apache.commons.compress.archivers.ArchiveEntry                              : loaded 2 times (x 70B)
Class com.google.common.base.Stopwatch                                                : loaded 2 times (x 72B)
Class com.google.common.cache.LocalCache$Strength                                     : loaded 2 times (x 81B)
Class com.google.common.cache.Cache                                                   : loaded 2 times (x 70B)
Class com.intellij.openapi.externalSystem.model.project.dependencies.ProjectDependencies: loaded 2 times (x 70B)
Class org.jetbrains.plugins.gradle.tooling.serialization.ProjectDependenciesSerializationService$ReadContext: loaded 2 times (x 72B)
Class org.apache.commons.compress.archivers.zip.UnicodePathExtraField                 : loaded 2 times (x 93B)
Class com.google.common.io.AppendableWriter                                           : loaded 2 times (x 100B)
Class com.google.common.util.concurrent.AbstractFuture$Cancellation                   : loaded 2 times (x 72B)
Class com.google.common.collect.ImmutableMap$Builder                                  : loaded 2 times (x 82B)
Class com.google.common.base.NullnessCasts                                            : loaded 2 times (x 71B)
Class org.apache.commons.compress.archivers.zip.ZipLong                               : loaded 2 times (x 71B)
Class com.google.common.collect.AbstractMapBasedMultimap$WrappedCollection$WrappedIterator: loaded 2 times (x 84B)
Class com.google.common.cache.RemovalListener                                         : loaded 2 times (x 70B)
Class org.jetbrains.plugins.gradle.tooling.serialization.RepositoriesModelSerializationService: loaded 2 times (x 82B)
Class com.android.ide.gradle.model.artifacts.AdditionalClassifierArtifactsModel       : loaded 2 times (x 70B)
Class org.gradle.tooling.internal.gradle.GradleProjectIdentity                        : loaded 2 times (x 70B)
Class org.gradle.api.internal.DefaultClassPathRegistry                                : loaded 2 times (x 76B)
Class com.google.common.primitives.IntsMethodsForWeb                                  : loaded 2 times (x 71B)
Class com.intellij.util.containers.IntObjectHashMap$ArrayProducer                     : loaded 2 times (x 70B)
Class org.jetbrains.plugins.gradle.tooling.serialization.RepositoriesModelSerializationService$ReadContext: loaded 2 times (x 72B)
Class org.gradle.api.internal.ClassPathRegistry                                       : loaded 2 times (x 70B)
Class org.gradle.internal.classpath.DefaultClassPath$ImmutableUniqueList              : loaded 2 times (x 199B)
Class org.apache.commons.compress.archivers.zip.ZipShort                              : loaded 2 times (x 71B)
Class com.google.common.base.ExtraObjectsMethodsForWeb                                : loaded 2 times (x 71B)
Class org.apache.commons.io.IOUtils                                                   : loaded 2 times (x 71B)
Class com.intellij.gradle.toolingExtension.impl.model.projectModel.GradleExternalProjectSerializationService$WriteContext: loaded 2 times (x 73B)
Class com.google.common.collect.NullnessCasts                                         : loaded 2 times (x 71B)
Class com.android.builder.model.v2.models.AndroidProject                              : loaded 2 times (x 70B)
Class com.android.builder.model.v2.AndroidModel                                       : loaded 2 times (x 70B)
Class com.google.common.cache.CacheBuilder                                            : loaded 2 times (x 72B)
Class org.jetbrains.kotlin.idea.gradleTooling.AndroidAwareGradleModelProvider$Companion: loaded 2 times (x 71B)
Class kotlin.collections.SetsKt                                                       : loaded 2 times (x 71B)
Class org.gradle.internal.classpath.ClassPath                                         : loaded 2 times (x 70B)
Class org.gradle.api.UncheckedIOException                                             : loaded 2 times (x 82B)
Class org.apache.commons.compress.archivers.zip.UnsupportedZipFeatureException        : loaded 2 times (x 84B)
Class com.google.common.base.Platform$JdkPatternCompiler                              : loaded 2 times (x 75B)
Class com.google.common.base.JdkPattern                                               : loaded 2 times (x 75B)
Class org.jetbrains.plugins.gradle.tooling.serialization.KotlinDslScriptsModelSerializationService: loaded 2 times (x 81B)
Class kotlin.reflect.KFunction                                                        : loaded 2 times (x 70B)
Class kotlin.collections.ArrayDeque                                                   : loaded 2 times (x 207B)
Class com.google.common.io.CharStreams$NullWriter                                     : loaded 2 times (x 99B)
Class org.objectweb.asm.SymbolTable$Entry                                             : loaded 2 times (x 74B)
Class com.google.common.util.concurrent.AbstractFuture$AtomicHelper                   : loaded 2 times (x 78B)
Class org.jetbrains.kotlin.idea.gradleTooling.KotlinGradleModel                       : loaded 2 times (x 70B)
Class org.jetbrains.plugins.gradle.tooling.serialization.ExternalTestsSerializationService$WriteContext: loaded 2 times (x 72B)
Class kotlin.collections.MapsKt__MapsKt                                               : loaded 2 times (x 71B)
Class org.objectweb.asm.Edge                                                          : loaded 2 times (x 72B)
Class com.google.common.base.Suppliers$SupplierOfInstance                             : loaded 2 times (x 79B)
Class com.google.common.base.Suppliers                                                : loaded 2 times (x 71B)
Class org.gradle.tooling.model.Model                                                  : loaded 2 times (x 70B)
Class org.apache.commons.compress.utils.ByteUtils                                     : loaded 2 times (x 71B)
Class com.google.common.cache.LocalCache$ComputingValueReference                      : loaded 2 times (x 96B)
Class [Lcom.google.common.cache.CacheBuilder$OneWeigher;                              : loaded 2 times (x 69B)
Class com.google.common.collect.ImmutableMap$IteratorBasedImmutableMap                : loaded 2 times (x 125B)
Class com.android.ide.gradle.model.composites.BuildMap                                : loaded 2 times (x 70B)
Class kotlin.Metadata                                                                 : loaded 2 times (x 70B)
Class kotlin.UninitializedPropertyAccessException                                     : loaded 2 times (x 82B)
Class com.android.builder.model.v2.models.Versions                                    : loaded 2 times (x 70B)
Class com.google.common.cache.LocalCache$Segment                                      : loaded 2 times (x 154B)
Class org.jetbrains.plugins.gradle.model.IntelliJProjectSettings                      : loaded 2 times (x 70B)
Class org.gradle.tooling.internal.adapter.ProtocolToModelAdapter$MethodInvocationCache: loaded 2 times (x 73B)
Class org.objectweb.asm.MethodTooLargeException                                       : loaded 2 times (x 83B)
Class com.android.builder.model.v2.models.ndk.NativeModule                            : loaded 2 times (x 70B)
Class [Lorg.objectweb.asm.SymbolTable$Entry;                                          : loaded 2 times (x 69B)
Class com.google.common.cache.CacheLoader                                             : loaded 2 times (x 74B)
Class org.gradle.internal.operations.MultipleBuildOperationFailures                   : loaded 2 times (x 95B)
Class com.google.common.collect.ImmutableBiMap                                        : loaded 2 times (x 143B)
Class com.google.common.collect.AbstractListMultimap                                  : loaded 2 times (x 172B)
Class org.jetbrains.plugins.gradle.model.ExternalDependency                           : loaded 2 times (x 70B)
Class com.intellij.util.containers.IntObjectHashMap                                   : loaded 2 times (x 72B)
Class org.gradle.internal.installation.GradleInstallation$1                           : loaded 2 times (x 75B)
Class org.gradle.api.internal.classpath.ModuleRegistry                                : loaded 2 times (x 70B)
Class com.google.common.util.concurrent.internal.InternalFutureFailureAccess          : loaded 2 times (x 72B)
Class org.gradle.tooling.internal.adapter.MethodInvocation                            : loaded 2 times (x 85B)
Class com.google.common.collect.ImmutableSet$JdkBackedSetBuilderImpl                  : loaded 2 times (x 76B)
Class com.google.common.base.Splitter$SplittingIterator                               : loaded 2 times (x 84B)
Class org.jetbrains.plugins.gradle.model.VersionCatalogsModel                         : loaded 2 times (x 70B)
Class com.intellij.gradle.toolingExtension.impl.model.sourceSetDependencyModel.GradleSourceSetDependencySerialisationService$SourceSetDependencyModelReadContext: loaded 2 times (x 72B)
Class com.intellij.gradle.toolingExtension.impl.model.dependencyModel.DependencyReadContext: loaded 2 times (x 72B)
Class org.gradle.tooling.internal.adapter.ObjectGraphAdapter                          : loaded 2 times (x 70B)
Class org.apache.commons.compress.archivers.zip.X0017_StrongEncryptionHeader          : loaded 2 times (x 96B)
Class com.google.common.util.concurrent.AbstractFuture$UnsafeAtomicHelper             : loaded 2 times (x 78B)
Class com.google.common.cache.LocalCache$LocalManualCache$1                           : loaded 2 times (x 75B)
Class com.google.common.base.CharMatcher$ForPredicate                                 : loaded 2 times (x 112B)
Class org.jetbrains.plugins.gradle.model.ExternalSourceSet                            : loaded 2 times (x 70B)
Class org.jetbrains.plugins.gradle.model.ProjectImportModelProvider                   : loaded 2 times (x 70B)
Class com.intellij.gradle.toolingExtension.impl.model.warmUp.GradleTaskWarmUpRequest  : loaded 2 times (x 70B)
Class com.google.common.collect.ImmutableSortedAsList                                 : loaded 2 times (x 221B)
Class kotlin.text.RegexKt                                                             : loaded 2 times (x 71B)
Class kotlin.coroutines.intrinsics.IntrinsicsKt__IntrinsicsKt                         : loaded 2 times (x 71B)
Class org.apache.commons.compress.archivers.zip.ZipArchiveEntry                       : loaded 2 times (x 158B)
Class kotlin.sequences.TransformingSequence                                           : loaded 2 times (x 75B)
Class com.google.common.base.CharMatcher$AnyOf                                        : loaded 2 times (x 112B)
Class com.intellij.gradle.toolingExtension.impl.model.sourceSetArtifactIndex.GradleSourceSetArtifactBuildRequest: loaded 2 times (x 70B)
Class com.google.common.collect.Lists$TransformingRandomAccessList                    : loaded 2 times (x 199B)
Class kotlin.collections.CollectionsKt__CollectionsJVMKt                              : loaded 2 times (x 71B)
Class org.gradle.api.internal.classpath.DefaultModuleRegistry                         : loaded 2 times (x 86B)
Class com.google.common.util.concurrent.ListenableFuture                              : loaded 2 times (x 70B)
Class com.google.common.cache.ReferenceEntry                                          : loaded 2 times (x 70B)
Class org.objectweb.asm.ClassVisitor                                                  : loaded 2 times (x 88B)
Class com.google.common.base.Converter                                                : loaded 2 times (x 90B)
Class [Lorg.objectweb.asm.Symbol;                                                     : loaded 2 times (x 69B)
Class com.google.common.base.CharMatcher$Any                                          : loaded 2 times (x 112B)
Class org.jetbrains.plugins.gradle.tooling.serialization.internal.IdeaProjectSerializationService$WriteContext$1: loaded 2 times (x 83B)
Class org.jetbrains.plugins.gradle.model.ExternalProject                              : loaded 2 times (x 70B)
Class kotlin.sequences.SequencesKt                                                    : loaded 2 times (x 71B)
Class kotlin.collections.CollectionsKt__IteratorsKt                                   : loaded 2 times (x 71B)
Class com.google.common.hash.HashFunction                                             : loaded 2 times (x 70B)
Class com.google.common.util.concurrent.AbstractFuture                                : loaded 2 times (x 106B)
Class com.google.common.base.FunctionalEquivalence                                    : loaded 2 times (x 83B)
Class com.android.utils.FileUtils                                                     : loaded 2 times (x 71B)
Class com.google.common.collect.AbstractMapBasedMultimap                              : loaded 2 times (x 139B)
Class org.gradle.tooling.internal.adapter.TargetTypeProvider                          : loaded 2 times (x 70B)
Class org.jetbrains.plugins.gradle.tooling.serialization.internal.IdeaProjectSerializationService$WriteContext$2: loaded 2 times (x 83B)
Class org.apache.commons.compress.archivers.zip.UnixStat                              : loaded 2 times (x 70B)
Class com.google.common.io.CharStreams                                                : loaded 2 times (x 71B)
Class com.google.common.hash.HashCode                                                 : loaded 2 times (x 80B)
Class org.objectweb.asm.RecordComponentVisitor                                        : loaded 2 times (x 77B)
Class com.google.common.cache.CacheLoader$SupplierToCacheLoader                       : loaded 2 times (x 75B)
Class settings_30swqw6wts7hs4qzofbpr9fju$_run_closure1                                : loaded 2 times (x 139B)
Class org.jetbrains.plugins.gradle.tooling.serialization.AnnotationProcessingModelSerializationService$ReadContext: loaded 2 times (x 72B)
Class org.jetbrains.plugins.gradle.tooling.serialization.internal.IdeaProjectSerializationService$WriteContext$3: loaded 2 times (x 83B)
Class gnu.trove.TObjectHash$NULL                                                      : loaded 2 times (x 71B)
Class org.gradle.util.internal.DefaultGradleVersion$Stage                             : loaded 2 times (x 75B)
Class org.jetbrains.plugins.gradle.model.GradleExtensions                             : loaded 2 times (x 70B)
Class com.google.common.collect.Maps$EntryTransformer                                 : loaded 2 times (x 70B)
Class org.jetbrains.kotlin.idea.gradleTooling.AndroidAwareGradleModelProvider         : loaded 2 times (x 79B)
Class org.jetbrains.plugins.gradle.tooling.serialization.internal.IdeaProjectSerializationService$WriteContext$4: loaded 2 times (x 83B)
Class com.intellij.gradle.toolingExtension.impl.model.sourceSetDependencyModel.GradleSourceSetDependencySerialisationService$Companion: loaded 2 times (x 71B)
Class kotlin.text.MatchNamedGroupCollection                                           : loaded 2 times (x 70B)
Class kotlin.jvm.internal.markers.KMutableList                                        : loaded 2 times (x 70B)
Class org.gradle.internal.time.MonotonicClock                                         : loaded 2 times (x 77B)
Class org.gradle.internal.service.ServiceLookupException                              : loaded 2 times (x 82B)
Class build_11drrxpdlknlyzynergf80dn0                                                 : loaded 2 times (x 180B)
Class org.jetbrains.plugins.gradle.model.AnnotationProcessingModel                    : loaded 2 times (x 70B)
Class com.google.common.collect.ImmutableMap$MapViewOfValuesAsSingletonSets           : loaded 2 times (x 125B)
Class [Lcom.google.common.cache.LocalCache$EntryFactory;                              : loaded 2 times (x 69B)
Class com.google.common.base.CharMatcher$JavaLetter                                   : loaded 2 times (x 111B)
Class com.intellij.gradle.toolingExtension.util.GradleVersionSpecificsUtil            : loaded 2 times (x 71B)
Class org.jetbrains.plugins.gradle.tooling.serialization.internal.IdeaProjectSerializationService$WriteContext$5: loaded 2 times (x 83B)
Class com.intellij.gradle.toolingExtension.impl.model.sourceSetDependencyModel.GradleSourceSetDependencySerialisationService$SourceSetDependencyModelWriteContext: loaded 2 times (x 72B)
Class org.gradle.internal.classloader.ClassLoaderFactory                              : loaded 2 times (x 70B)
Class com.google.common.cache.LocalCache$LocalManualCache                             : loaded 2 times (x 99B)
Class com.google.common.base.CharMatcher$IsNot                                        : loaded 2 times (x 111B)
Class com.google.common.base.CommonPattern                                            : loaded 2 times (x 74B)
Class org.jetbrains.plugins.gradle.tooling.serialization.internal.IdeaProjectSerializationService$WriteContext$6: loaded 2 times (x 83B)
Class org.jetbrains.plugins.gradle.tooling.util.IntObjectMap                          : loaded 2 times (x 73B)
Class org.gradle.internal.service.CachingServiceLocator                               : loaded 2 times (x 82B)
Class org.apache.commons.compress.archivers.zip.ExtraFieldParsingBehavior             : loaded 2 times (x 70B)
Class com.google.common.collect.RegularImmutableMap                                   : loaded 2 times (x 121B)
Class com.google.common.math.IntMath                                                  : loaded 2 times (x 71B)
Class org.jetbrains.plugins.gradle.model.RepositoryModels                             : loaded 2 times (x 70B)
Class org.jetbrains.plugins.gradle.tooling.serialization.internal.IdeaProjectSerializationService$WriteContext$7: loaded 2 times (x 83B)
Class kotlin.jvm.internal.CallableReference                                           : loaded 2 times (x 106B)
Class [Lorg.apache.commons.compress.archivers.zip.ZipExtraField;                      : loaded 2 times (x 69B)
Class org.objectweb.asm.commons.InstructionAdapter                                    : loaded 2 times (x 188B)
Class com.google.common.collect.Iterators$10                                          : loaded 2 times (x 81B)
Class com.google.common.collect.ImmutableMapEntry                                     : loaded 2 times (x 85B)
Class com.google.common.base.CharMatcher$JavaDigit                                    : loaded 2 times (x 111B)
Class org.jetbrains.plugins.gradle.tooling.serialization.internal.IdeaProjectSerializationService$WriteContext$8: loaded 2 times (x 83B)
Class gnu.trove.TObjectIntProcedure                                                   : loaded 2 times (x 70B)
Class org.gradle.tooling.model.idea.IdeaDependencyScope                               : loaded 2 times (x 70B)
Class org.gradle.internal.time.TimeSource                                             : loaded 2 times (x 70B)
Class org.gradle.tooling.model.kotlin.dsl.KotlinDslScriptsModel                       : loaded 2 times (x 70B)
Class org.apache.commons.compress.archivers.zip.X0019_EncryptionRecipientCertificateList: loaded 2 times (x 90B)
Class com.google.common.base.Predicates                                               : loaded 2 times (x 71B)
Class com.google.common.base.Equivalence                                              : loaded 2 times (x 82B)
Class com.google.common.collect.ImmutableMapEntry$NonTerminalImmutableMapEntry        : loaded 2 times (x 85B)
Class org.apache.commons.compress.archivers.zip.ResourceAlignmentExtraField           : loaded 2 times (x 89B)
Class org.jetbrains.plugins.gradle.tooling.serialization.SerializationService         : loaded 2 times (x 70B)
Class org.gradle.tooling.internal.gradle.GradleBuildIdentity                          : loaded 2 times (x 70B)
Class kotlin.enums.EnumEntries                                                        : loaded 2 times (x 70B)
Class com.google.common.hash.Hashing                                                  : loaded 2 times (x 71B)
Class org.apache.commons.io.output.AbstractByteArrayOutputStream                      : loaded 2 times (x 102B)
Class com.google.common.collect.IndexedImmutableSet$1                                 : loaded 2 times (x 212B)
Class com.google.common.cache.CacheBuilder$OneWeigher                                 : loaded 2 times (x 82B)
Class org.gradle.api.internal.classpath.ManifestUtil                                  : loaded 2 times (x 71B)
Class org.jetbrains.plugins.gradle.tooling.serialization.internal.adapter.Supplier    : loaded 2 times (x 70B)
Class org.gradle.tooling.internal.adapter.ProtocolToModelAdapter$MixInMappingAction   : loaded 2 times (x 80B)
Class org.gradle.internal.exceptions.ResolutionProvider                               : loaded 2 times (x 70B)
Class com.google.common.collect.ImmutableBiMapFauxverideShim                          : loaded 2 times (x 120B)
Class org.gradle.tooling.model.idea.IdeaCompilerOutput                                : loaded 2 times (x 70B)
Class org.gradle.tooling.model.ProjectIdentifier                                      : loaded 2 times (x 70B)
Class org.gradle.internal.classloader.ClasspathUtil                                   : loaded 2 times (x 71B)
Class org.apache.commons.compress.archivers.zip.PKWareExtraHeader                     : loaded 2 times (x 90B)
Class org.apache.commons.compress.archivers.zip.ZipArchiveEntry$NameSource            : loaded 2 times (x 79B)
Class com.google.common.collect.ComparisonChain                                       : loaded 2 times (x 80B)
Class org.jetbrains.kotlin.tooling.core.HasExtras                                     : loaded 2 times (x 70B)
Class com.google.common.base.Charsets                                                 : loaded 2 times (x 71B)
Class com.google.common.util.concurrent.Uninterruptibles                              : loaded 2 times (x 71B)
Class com.intellij.gradle.toolingExtension.impl.model.sourceSetModel.GradleSourceSetSerialisationService: loaded 2 times (x 77B)
Class com.google.common.collect.Maps                                                  : loaded 2 times (x 71B)
Class com.google.common.base.CharMatcher$JavaUpperCase                                : loaded 2 times (x 111B)
Class org.gradle.internal.time.TimeSource$1                                           : loaded 2 times (x 77B)
Class kotlin.jvm.internal.DefaultConstructorMarker                                    : loaded 2 times (x 71B)
Class org.gradle.api.specs.Spec                                                       : loaded 2 times (x 70B)
Class [Lcom.google.common.collect.ImmutableEntry;                                     : loaded 2 times (x 69B)
Class com.google.common.cache.LocalCache$LoadingValueReference                        : loaded 2 times (x 96B)
Class com.intellij.gradle.toolingExtension.impl.model.buildScriptClasspathModel.GradleBuildScriptClasspathSerializationService: loaded 2 times (x 77B)
Class com.google.common.io.LineReader$1                                               : loaded 2 times (x 75B)
Class com.google.common.base.Platform                                                 : loaded 2 times (x 71B)
Class org.jetbrains.plugins.gradle.model.FileCollectionDependency                     : loaded 2 times (x 70B)
Class com.intellij.gradle.toolingExtension.impl.model.utilDummyModel.DummyModel       : loaded 2 times (x 70B)
Class org.gradle.internal.time.Clock                                                  : loaded 2 times (x 70B)
Class [Lorg.apache.commons.compress.archivers.zip.ZipMethod;                          : loaded 2 times (x 69B)
Class org.gradle.tooling.internal.adapter.ProtocolToModelAdapter$InvocationHandlerImpl: loaded 2 times (x 77B)
Class [Lorg.objectweb.asm.AnnotationWriter;                                           : loaded 2 times (x 69B)
Class com.google.common.primitives.Ints$IntConverter                                  : loaded 2 times (x 90B)
Class com.google.common.collect.Maps$8                                                : loaded 2 times (x 82B)
Class org.jetbrains.plugins.gradle.model.GradleSourceSetDependencyModel               : loaded 2 times (x 70B)
Class kotlin.sequences.SequencesKt__SequencesJVMKt                                    : loaded 2 times (x 71B)
Class org.gradle.tooling.internal.adapter.TypeInspector                               : loaded 2 times (x 73B)
Class org.gradle.tooling.internal.adapter.ProtocolToModelAdapter$NoOpDecoration       : loaded 2 times (x 79B)
Class org.gradle.tooling.model.Element                                                : loaded 2 times (x 70B)
Class kotlin.collections.AbstractList                                                 : loaded 2 times (x 197B)
Class kotlin.collections.AbstractCollection                                           : loaded 2 times (x 117B)
Class build_11drrxpdlknlyzynergf80dn0$_run_closure1                                   : loaded 2 times (x 139B)
Class org.gradle.tooling.model.build.GradleEnvironment                                : loaded 2 times (x 70B)
Class org.jetbrains.kotlin.tooling.core.Extras                                        : loaded 2 times (x 70B)
Class com.google.common.collect.Sets$SetView                                          : loaded 2 times (x 138B)
Class com.google.common.cache.LocalCache$StrongValueReference                         : loaded 2 times (x 90B)
Class com.google.common.util.concurrent.AbstractFuture$SynchronizedHelper             : loaded 2 times (x 78B)
Class com.google.common.base.CharMatcher$Invisible                                    : loaded 2 times (x 112B)
Class com.intellij.gradle.toolingExtension.impl.model.taskModel.GradleTaskSerialisationService: loaded 2 times (x 76B)
Class com.android.ide.gradle.model.LegacyV1AgpVersionModel                            : loaded 2 times (x 70B)
Class kotlin.text.Regex                                                               : loaded 2 times (x 72B)
Class kotlin.Triple                                                                   : loaded 2 times (x 72B)
Class org.apache.commons.compress.archivers.zip.UnicodeCommentExtraField              : loaded 2 times (x 93B)
Class org.objectweb.asm.Type                                                          : loaded 2 times (x 72B)
Class org.jetbrains.plugins.gradle.tooling.util.IntObjectMap$1                        : loaded 2 times (x 77B)
Class org.gradle.internal.classloader.VisitableURLClassLoader$InstrumentingVisitableURLClassLoader: loaded 2 times (x 123B)
Class org.apache.commons.compress.archivers.zip.X0016_CertificateIdForCentralDirectory: loaded 2 times (x 93B)
Class org.objectweb.asm.ByteVector                                                    : loaded 2 times (x 79B)
Class [Lcom.google.common.cache.CacheBuilder$NullListener;                            : loaded 2 times (x 69B)
Class com.google.common.math.IntMath$1                                                : loaded 2 times (x 71B)
Class kotlin.ranges.RangesKt__RangesKt                                                : loaded 2 times (x 71B)
Class kotlin.collections.SetsKt___SetsKt                                              : loaded 2 times (x 71B)
Class kotlin.sequences.SequencesKt__SequencesKt                                       : loaded 2 times (x 71B)
Class kotlin.coroutines.Continuation                                                  : loaded 2 times (x 70B)
Class org.gradle.internal.classloader.VisitableURLClassLoader$Spec                    : loaded 2 times (x 74B)
Class org.gradle.internal.classpath.DefaultClassPath                                  : loaded 2 times (x 90B)
Class org.objectweb.asm.Symbol                                                        : loaded 2 times (x 73B)
Class com.google.common.base.AbstractIterator                                         : loaded 2 times (x 80B)
Class org.jetbrains.plugins.gradle.model.GradleBuildScriptClasspathModel              : loaded 2 times (x 70B)
Class kotlin.coroutines.jvm.internal.BaseContinuationImpl                             : loaded 2 times (x 87B)
Class kotlin.Result$Companion                                                         : loaded 2 times (x 71B)
Class org.gradle.util.internal.DefaultGradleVersion                                   : loaded 2 times (x 82B)
Class [Lorg.apache.commons.compress.archivers.ArchiveEntry;                           : loaded 2 times (x 69B)
Class com.google.common.io.Java8Compatibility                                         : loaded 2 times (x 71B)
Class com.google.common.collect.RegularImmutableMap$Values                            : loaded 2 times (x 207B)
Class org.jetbrains.plugins.gradle.tooling.util.IntObjectMap$ObjectFactory            : loaded 2 times (x 70B)
Class com.google.common.base.CharMatcher$BitSetMatcher                                : loaded 2 times (x 112B)
Class com.google.common.base.CharMatcher$Ascii                                        : loaded 2 times (x 112B)
Class org.gradle.internal.classloader.ClassLoaderSpec                                 : loaded 2 times (x 71B)
Class org.apache.commons.compress.archivers.zip.ZipEncoding                           : loaded 2 times (x 70B)
Class org.objectweb.asm.AnnotationWriter                                              : loaded 2 times (x 79B)
Class com.google.common.cache.CacheStats                                              : loaded 2 times (x 71B)
Class kotlin.jvm.internal.FunctionReferenceImpl                                       : loaded 2 times (x 122B)
Class kotlin.collections.CollectionsKt___CollectionsJvmKt                             : loaded 2 times (x 71B)
Class [Lorg.apache.commons.compress.archivers.zip.ZipArchiveEntry$CommentSource;      : loaded 2 times (x 69B)
Class org.objectweb.asm.RecordComponentWriter                                         : loaded 2 times (x 78B)
Class com.google.common.util.concurrent.AbstractFuture$Listener                       : loaded 2 times (x 72B)
Class com.google.common.base.CharMatcher$Or                                           : loaded 2 times (x 112B)
Class kotlin.TuplesKt                                                                 : loaded 2 times (x 71B)
Class kotlin.jvm.internal.markers.KMutableIterable                                    : loaded 2 times (x 70B)
Class kotlin.Unit                                                                     : loaded 2 times (x 71B)
Class kotlin.sequences.SequencesKt___SequencesJvmKt                                   : loaded 2 times (x 71B)
Class org.gradle.tooling.internal.adapter.ProtocolToModelAdapter$DefaultViewBuilder   : loaded 2 times (x 80B)
Class org.objectweb.asm.Attribute                                                     : loaded 2 times (x 77B)
Class com.google.common.base.Supplier                                                 : loaded 2 times (x 70B)
Class kotlin.ranges.RangesKt                                                          : loaded 2 times (x 71B)
Class org.gradle.tooling.internal.adapter.ProtocolToModelAdapter$ViewGraphDetails$1   : loaded 2 times (x 77B)
Class org.gradle.internal.classloader.VisitableURLClassLoader                         : loaded 2 times (x 117B)
Class org.apache.commons.compress.archivers.zip.ExtraFieldUtils                       : loaded 2 times (x 71B)
Class com.google.common.util.concurrent.AbstractFuture$Waiter                         : loaded 2 times (x 72B)
Class org.jetbrains.plugins.gradle.tooling.serialization.ExternalTestsSerializationService$ReadContext: loaded 2 times (x 72B)
Class kotlin.sequences.FlatteningSequence$iterator$1                                  : loaded 2 times (x 79B)
Class kotlin.jvm.functions.Function0                                                  : loaded 2 times (x 70B)
Class kotlin.collections.ArraysUtilJVM                                                : loaded 2 times (x 71B)
Class com.google.common.util.concurrent.ExecutionError                                : loaded 2 times (x 82B)
Class com.google.common.collect.ImmutableEnumSet                                      : loaded 2 times (x 146B)
Class org.gradle.tooling.model.idea.IdeaDependency                                    : loaded 2 times (x 70B)
Class com.google.common.collect.Sets                                                  : loaded 2 times (x 71B)
Class org.objectweb.asm.Handler                                                       : loaded 2 times (x 72B)
Class com.google.common.base.Ticker                                                   : loaded 2 times (x 72B)
Class com.google.common.base.Strings                                                  : loaded 2 times (x 71B)
Class com.google.common.base.CharMatcher$FastMatcher                                  : loaded 2 times (x 111B)
Class kotlin.collections.AbstractMutableList                                          : loaded 2 times (x 206B)
Class kotlin.jvm.functions.Function1                                                  : loaded 2 times (x 70B)
Class org.gradle.internal.agents.InstrumentingClassLoader                             : loaded 2 times (x 70B)
Class [Lcom.google.common.cache.LocalCache$Segment;                                   : loaded 2 times (x 69B)
Class [Lcom.google.common.cache.LocalCache$Strength;                                  : loaded 2 times (x 69B)
Class com.google.common.cache.CacheBuilder$1                                          : loaded 2 times (x 85B)
Class com.google.common.collect.ImmutableMap                                          : loaded 2 times (x 120B)
Class com.android.builder.model.v2.models.VariantDependenciesAdjacencyList            : loaded 2 times (x 70B)
Class org.jetbrains.plugins.gradle.tooling.serialization.internal.IdeaProjectSerializationService$WriteContext: loaded 2 times (x 72B)
Class com.intellij.gradle.toolingExtension.impl.model.sourceSetDependencyModel.GradleSourceSetDependencySerialisationService: loaded 2 times (x 77B)
Class org.jetbrains.plugins.gradle.model.GradleSourceSetModel                         : loaded 2 times (x 70B)
Class kotlin.jvm.functions.Function2                                                  : loaded 2 times (x 70B)
Class org.gradle.internal.classpath.DefaultClassPath$ImmutableUniqueList$Builder      : loaded 2 times (x 75B)
Class com.google.common.collect.AbstractMapBasedMultimap$WrappedCollection            : loaded 2 times (x 124B)
Class com.google.common.cache.LocalCache                                              : loaded 2 times (x 187B)
Class com.google.common.cache.CacheBuilder$2                                          : loaded 2 times (x 72B)
Class com.google.common.base.CharMatcher$NegatedFastMatcher                           : loaded 2 times (x 113B)
Class com.android.ide.gradle.model.dependencies.Coordinates                           : loaded 2 times (x 70B)
Class kotlin.collections.MapsKt___MapsJvmKt                                           : loaded 2 times (x 71B)
Class org.gradle.tooling.internal.adapter.WeakIdentityHashMap$AbsentValueProvider     : loaded 2 times (x 70B)
Class org.apache.commons.compress.archivers.zip.CharsetAccessor                       : loaded 2 times (x 70B)
Class [Lcom.google.common.collect.AbstractMapEntry;                                   : loaded 2 times (x 69B)
Class com.google.common.collect.ImmutableEntry                                        : loaded 2 times (x 82B)
Class com.google.common.collect.ArrayListMultimap                                     : loaded 2 times (x 172B)
Class com.google.common.base.AbstractIterator$1                                       : loaded 2 times (x 71B)
Class com.google.common.base.CharMatcher$Digit                                        : loaded 2 times (x 112B)
Class gnu.trove.TObjectHash                                                           : loaded 2 times (x 94B)
Class org.jetbrains.plugins.gradle.tooling.util.ObjectCollector$Processor             : loaded 2 times (x 70B)
Class kotlin.annotation.Target                                                        : loaded 2 times (x 70B)
Class kotlin.collections.CollectionsKt___CollectionsKt                                : loaded 2 times (x 71B)
Class org.gradle.internal.classloader.ClassLoaderHierarchy                            : loaded 2 times (x 70B)
Class org.gradle.internal.exceptions.NonGradleCauseExceptionsHolder                   : loaded 2 times (x 70B)
Class org.gradle.tooling.model.idea.IdeaModuleDependency                              : loaded 2 times (x 70B)
Class org.gradle.tooling.internal.adapter.ViewBuilder                                 : loaded 2 times (x 70B)
Class org.apache.commons.compress.archivers.zip.NioZipEncoding                        : loaded 2 times (x 84B)
Class org.apache.commons.io.StandardLineSeparator                                     : loaded 2 times (x 79B)
Class com.google.common.collect.ForwardingMap                                         : loaded 2 times (x 132B)
Class com.google.common.collect.CollectPreconditions                                  : loaded 2 times (x 71B)
Class com.google.common.base.CharMatcher$JavaIsoControl                               : loaded 2 times (x 112B)
Class org.jetbrains.plugins.gradle.model.AnnotationProcessingConfig                   : loaded 2 times (x 70B)
Class gnu.trove.Equality                                                              : loaded 2 times (x 70B)
Class kotlin.reflect.KDeclarationContainer                                            : loaded 2 times (x 70B)
Class kotlin.annotation.Retention                                                     : loaded 2 times (x 70B)
Class com.android.builder.model.v2.models.Versions$Version                            : loaded 2 times (x 70B)
Class com.google.common.collect.SortedMapDifference                                   : loaded 2 times (x 70B)
Class com.google.common.base.CharMatcher$JavaLowerCase                                : loaded 2 times (x 111B)
Class org.jetbrains.plugins.gradle.tooling.ModelBuilderService$Parameter              : loaded 2 times (x 70B)
Class kotlin.collections.MapsKt___MapsKt                                              : loaded 2 times (x 71B)
Class kotlin.collections.ArraysKt___ArraysKt                                          : loaded 2 times (x 71B)
Class com.google.common.hash.HashCode$IntHashCode                                     : loaded 2 times (x 80B)
Class com.google.common.cache.LocalCache$WriteThroughEntry                            : loaded 2 times (x 79B)
Class com.google.common.cache.LocalCache$HashIterator                                 : loaded 2 times (x 86B)
Class com.google.common.cache.LocalCache$EntryFactory                                 : loaded 2 times (x 83B)
Class gnu.trove.TObjectHashingStrategy                                                : loaded 2 times (x 70B)
Class kotlin.collections.MapsKt__MapWithDefaultKt                                     : loaded 2 times (x 71B)
Class org.gradle.tooling.internal.adapter.ProtocolToModelAdapter$ReflectionMethodInvoker: loaded 2 times (x 76B)
Class [Lorg.apache.commons.compress.archivers.zip.ZipArchiveEntry;                    : loaded 2 times (x 69B)
Class kotlin.collections.CollectionsKt__ReversedViewsKt                               : loaded 2 times (x 71B)
Class org.jetbrains.kotlin.tooling.core.HasMutableExtras                              : loaded 2 times (x 70B)
Class com.google.common.cache.LocalCache$AbstractReferenceEntry                       : loaded 2 times (x 107B)
Class com.google.common.base.Splitter$1$1                                             : loaded 2 times (x 86B)
Class com.google.common.base.CharMatcher$Whitespace                                   : loaded 2 times (x 112B)
Class kotlin.collections.CollectionsKt__MutableCollectionsJVMKt                       : loaded 2 times (x 71B)
Class kotlin.sequences.SequencesKt__SequenceBuilderKt                                 : loaded 2 times (x 71B)
Class kotlin.enums.EnumEntriesKt                                                      : loaded 2 times (x 71B)
Class com.intellij.gradle.toolingExtension.impl.model.sourceSetModel.GradleSourceSetSerialisationService$Companion: loaded 2 times (x 71B)
Class com.android.builder.model.v2.models.VariantDependencies                         : loaded 2 times (x 70B)
Class org.objectweb.asm.SymbolTable                                                   : loaded 2 times (x 72B)
Class com.google.common.cache.CacheLoader$InvalidCacheLoadException                   : loaded 2 times (x 82B)
Class com.google.common.base.CharMatcher$IsEither                                     : loaded 2 times (x 111B)
Class com.google.common.base.CharMatcher$SingleWidth                                  : loaded 2 times (x 112B)
Class com.intellij.gradle.toolingExtension.model.repositoryModel.ProjectRepositoriesModel: loaded 2 times (x 70B)
Class org.jetbrains.plugins.gradle.model.GradleProperty                               : loaded 2 times (x 70B)
Class gnu.trove.TObjectCanonicalHashingStrategy                                       : loaded 2 times (x 78B)
Class org.gradle.internal.classloader.SystemClassLoaderSpec                           : loaded 2 times (x 71B)
Class [Lorg.apache.commons.compress.archivers.EntryStreamOffsets;                     : loaded 2 times (x 69B)
Class com.google.common.cache.LocalCache$StrongEntry                                  : loaded 2 times (x 108B)
Class com.google.common.util.concurrent.AbstractFuture$TrustedFuture                  : loaded 2 times (x 114B)
Class com.google.common.cache.LoadingCache                                            : loaded 2 times (x 70B)
Class kotlin.text.MatcherMatchResult$groups$1                                         : loaded 2 times (x 151B)
Class kotlin.collections.EmptyMap                                                     : loaded 2 times (x 108B)
Class kotlin.reflect.KAnnotatedElement                                                : loaded 2 times (x 70B)
Class kotlin.jvm.internal.markers.KMutableCollection                                  : loaded 2 times (x 70B)
Class kotlin.coroutines.intrinsics.IntrinsicsKt                                       : loaded 2 times (x 71B)
Class org.gradle.internal.exceptions.MultiCauseException                              : loaded 2 times (x 70B)
Class org.gradle.internal.time.CountdownTimer                                         : loaded 2 times (x 70B)
Class kotlin.jvm.internal.Intrinsics                                                  : loaded 2 times (x 71B)
Class org.apache.commons.compress.archivers.zip.Zip64ExtendedInformationExtraField    : loaded 2 times (x 97B)
Class org.objectweb.asm.MethodWriter                                                  : loaded 2 times (x 106B)
Class [Lcom.google.common.cache.Weigher;                                              : loaded 2 times (x 69B)
Class com.google.common.collect.RegularImmutableMap$BucketOverflowException           : loaded 2 times (x 82B)
Class com.intellij.gradle.toolingExtension.impl.model.projectModel.GradleExternalProjectSerializationService$ReadContext: loaded 2 times (x 73B)
Class com.intellij.gradle.toolingExtension.impl.model.dependencyModel.DependencyWriteContext: loaded 2 times (x 72B)
Class kotlin.collections.MapsKt                                                       : loaded 2 times (x 71B)
Class kotlin.coroutines.intrinsics.CoroutineSingletons                                : loaded 2 times (x 79B)
Class kotlin.collections.CollectionsKt__IterablesKt                                   : loaded 2 times (x 71B)
Class org.gradle.tooling.model.ProjectModel                                           : loaded 2 times (x 70B)
Class kotlin.KotlinNullPointerException                                               : loaded 2 times (x 83B)
Class com.google.common.collect.RegularImmutableBiMap                                 : loaded 2 times (x 148B)
Class com.google.common.cache.LocalCache$ValueReference                               : loaded 2 times (x 70B)
Class com.google.common.base.CharMatcher$Negated                                      : loaded 2 times (x 113B)
Class com.google.common.base.CharMatcher$Is                                           : loaded 2 times (x 111B)
Class org.jetbrains.plugins.gradle.model.tests.ExternalTestsModel                     : loaded 2 times (x 70B)
Class kotlin.ranges.RangesKt___RangesKt                                               : loaded 2 times (x 71B)
Class org.gradle.tooling.model.idea.IdeaLanguageLevel                                 : loaded 2 times (x 70B)
Class org.gradle.tooling.internal.adapter.ProtocolToModelAdapter$SafeMethodInvoker    : loaded 2 times (x 76B)
Class org.gradle.tooling.internal.adapter.WeakIdentityHashMap$WeakKey                 : loaded 2 times (x 79B)
Class org.gradle.internal.exceptions.DefaultMultiCauseException                       : loaded 2 times (x 95B)
Class org.apache.commons.compress.archivers.zip.AsiExtraField                         : loaded 2 times (x 100B)
Class com.google.common.hash.PrimitiveSink                                            : loaded 2 times (x 70B)
Class com.google.common.util.concurrent.AbstractFuture$Failure                        : loaded 2 times (x 72B)
Class com.google.common.base.Equivalence$Equals                                       : loaded 2 times (x 82B)
Class com.google.common.collect.Hashing                                               : loaded 2 times (x 71B)
Class com.google.common.base.PatternCompiler                                          : loaded 2 times (x 70B)
Class [Lcom.google.common.base.AbstractIterator$State;                                : loaded 2 times (x 69B)
Class com.intellij.gradle.toolingExtension.impl.model.projectModel.GradleExternalProjectSerializationService: loaded 2 times (x 77B)
Class kotlin.collections.ArrayDeque$Companion                                         : loaded 2 times (x 71B)
Class kotlin.collections.ArraysKt                                                     : loaded 2 times (x 71B)
Class org.gradle.tooling.model.HierarchicalElement                                    : loaded 2 times (x 70B)
Class com.google.common.collect.SortedSetMultimap                                     : loaded 2 times (x 70B)
Class org.gradle.internal.classloader.FilteringClassLoader                            : loaded 2 times (x 105B)
Class org.objectweb.asm.Label                                                         : loaded 2 times (x 73B)
Class org.objectweb.asm.CurrentFrame                                                  : loaded 2 times (x 73B)
Class org.objectweb.asm.ClassTooLargeException                                        : loaded 2 times (x 83B)
Class kotlin.NotImplementedError                                                      : loaded 2 times (x 82B)
Class com.google.common.base.CharMatcher                                              : loaded 2 times (x 111B)
Class org.jetbrains.plugins.gradle.tooling.serialization.ExternalTestsSerializationService: loaded 2 times (x 77B)
Class kotlin.collections.SetsKt__SetsKt                                               : loaded 2 times (x 71B)
Class kotlin.coroutines.EmptyCoroutineContext                                         : loaded 2 times (x 77B)
Class org.gradle.internal.time.Time                                                   : loaded 2 times (x 71B)
Class org.apache.commons.compress.archivers.zip.ZipExtraField                         : loaded 2 times (x 70B)
Class com.google.common.hash.HashCode$LongHashCode                                    : loaded 2 times (x 80B)
Class kotlin.sequences.FlatteningSequence                                             : loaded 2 times (x 75B)
Class kotlin.text.MatcherMatchResult                                                  : loaded 2 times (x 80B)
Class org.objectweb.asm.Frame                                                         : loaded 2 times (x 73B)
Class org.objectweb.asm.MethodVisitor                                                 : loaded 2 times (x 105B)
Class com.google.common.cache.LocalCache$EntryFactory$1                               : loaded 2 times (x 83B)
Class [Lcom.google.common.cache.RemovalListener;                                      : loaded 2 times (x 69B)
Class com.google.common.base.CharMatcher$1                                            : loaded 2 times (x 113B)
Class com.google.common.base.CharMatcher$NamedFastMatcher                             : loaded 2 times (x 112B)
Class org.jetbrains.plugins.gradle.tooling.serialization.AnnotationProcessingModelSerializationService: loaded 2 times (x 77B)
Class kotlin.collections.ArraysKt__ArraysJVMKt                                        : loaded 2 times (x 71B)
Class org.apache.commons.compress.archivers.zip.ZipEightByteInteger                   : loaded 2 times (x 72B)
Class kotlin.text.MatchGroupCollection                                                : loaded 2 times (x 70B)
Class com.google.common.cache.LocalCache$EntryFactory$2                               : loaded 2 times (x 83B)
Class org.jetbrains.plugins.gradle.model.DependencyAccessorsModel                     : loaded 2 times (x 70B)
Class [Lcom.intellij.openapi.externalSystem.model.project.dependencies.ResolutionState;: loaded 2 times (x 69B)
Class gnu.trove.TObjectIntHashMap                                                     : loaded 2 times (x 109B)
Class kotlin.jvm.internal.CallableReference$NoReceiver                                : loaded 2 times (x 71B)
Class com.google.common.collect.CollectCollectors                                     : loaded 2 times (x 71B)
Class org.objectweb.asm.ModuleWriter                                                  : loaded 2 times (x 82B)
Class com.google.common.cache.LocalCache$EntryFactory$3                               : loaded 2 times (x 83B)
Class com.google.common.base.Ticker$1                                                 : loaded 2 times (x 72B)
Class com.google.common.collect.ImmutableMapEntrySet$RegularEntrySet                  : loaded 2 times (x 151B)
Class com.google.common.collect.Maps$BiMapConverter                                   : loaded 2 times (x 90B)
Class org.jetbrains.kotlin.idea.gradleTooling.KotlinMPPGradleModel                    : loaded 2 times (x 70B)
Class com.intellij.gradle.toolingExtension.impl.model.dependencyDownloadPolicyModel.GradleDependencyDownloadPolicy: loaded 2 times (x 70B)
Class ijInit1_3i6pu85cizv4ll0nkzpcl7xut                                               : loaded 2 times (x 179B)
Class org.gradle.tooling.model.BuildIdentifier                                        : loaded 2 times (x 70B)
Class kotlin.NoWhenBranchMatchedException                                             : loaded 2 times (x 82B)
Class com.google.common.collect.SetMultimap                                           : loaded 2 times (x 70B)
Class com.google.common.cache.LocalCache$EntryFactory$4                               : loaded 2 times (x 83B)
Class com.google.common.collect.ImmutableSet$Builder                                  : loaded 2 times (x 85B)
Class com.google.common.base.CharMatcher$InRange                                      : loaded 2 times (x 111B)
Class org.jetbrains.kotlin.idea.gradleTooling.PrepareKotlinIdeImportTaskModel         : loaded 2 times (x 70B)
Class org.apache.commons.compress.archivers.zip.ZipArchiveEntry$CommentSource         : loaded 2 times (x 79B)
Class com.android.ide.gradle.model.dependencies.DeclaredDependencies                  : loaded 2 times (x 70B)
Class com.google.common.cache.LocalCache$EntryFactory$5                               : loaded 2 times (x 83B)
Class com.android.ide.gradle.model.GradlePluginModel                                  : loaded 2 times (x 70B)
Class org.gradle.tooling.model.build.JavaEnvironment                                  : loaded 2 times (x 70B)
Class com.google.common.collect.HashMultimap                                          : loaded 2 times (x 174B)
Class org.apache.commons.io.output.AppendableWriter                                   : loaded 2 times (x 100B)
Class com.google.common.cache.LocalCache$EntryFactory$6                               : loaded 2 times (x 83B)
Class org.gradle.internal.time.Timer                                                  : loaded 2 times (x 70B)
Class kotlin.jvm.internal.markers.KMappedMarker                                       : loaded 2 times (x 70B)
Class org.gradle.internal.installation.CurrentGradleInstallationLocator               : loaded 2 times (x 71B)
Class org.apache.commons.compress.archivers.zip.X5455_ExtendedTimestamp               : loaded 2 times (x 105B)
Class org.apache.commons.io.output.ThresholdingOutputStream                           : loaded 2 times (x 94B)
Class com.google.common.cache.LocalCache$EntryFactory$7                               : loaded 2 times (x 83B)
Class com.google.common.collect.ImmutableSet$EmptySetBuilderImpl                      : loaded 2 times (x 76B)
Class org.jetbrains.plugins.gradle.tooling.serialization.internal.IdeaProjectSerializationService$ReadContext: loaded 2 times (x 72B)
Class org.gradle.tooling.internal.adapter.ProtocolToModelAdapter$ViewGraphDetails     : loaded 2 times (x 72B)
Class org.gradle.tooling.model.idea.IdeaProject                                       : loaded 2 times (x 70B)
Class org.gradle.tooling.model.DomainObjectSet                                        : loaded 2 times (x 70B)
Class org.gradle.internal.service.DefaultServiceLocator                               : loaded 2 times (x 83B)
Class com.google.common.collect.Maps$EntrySet                                         : loaded 2 times (x 136B)
Class com.google.common.collect.ComparisonChain$InactiveComparisonChain               : loaded 2 times (x 80B)
Class com.google.common.cache.LocalCache$EntryFactory$8                               : loaded 2 times (x 83B)
Class com.google.common.collect.RegularImmutableMap$KeySet                            : loaded 2 times (x 150B)
Class kotlin.coroutines.jvm.internal.SuspendFunction                                  : loaded 2 times (x 70B)
Class org.gradle.util.GradleVersion                                                   : loaded 2 times (x 81B)
Class org.gradle.internal.installation.CurrentGradleInstallation                      : loaded 2 times (x 73B)
Class com.google.common.cache.CacheLoader$1                                           : loaded 2 times (x 75B)
Class com.google.common.base.Equivalence$Identity                                     : loaded 2 times (x 82B)
Class com.google.common.base.PairwiseEquivalence                                      : loaded 2 times (x 83B)
Class org.jetbrains.plugins.gradle.javaModel.JavaGradleManifestModel                  : loaded 2 times (x 70B)
Class org.jetbrains.plugins.gradle.tooling.serialization.GradleExtensionsSerializationService$WriteContext: loaded 2 times (x 72B)
Class com.intellij.gradle.toolingExtension.impl.model.taskModel.GradleTaskSerialisationService$Companion: loaded 2 times (x 71B)
Class kotlin.jvm.internal.StringCompanionObject                                       : loaded 2 times (x 71B)
Class kotlin.coroutines.intrinsics.IntrinsicsKt__IntrinsicsJvmKt                      : loaded 2 times (x 71B)
Class kotlin.coroutines.jvm.internal.CoroutineStackFrame                              : loaded 2 times (x 70B)
Class org.gradle.tooling.internal.adapter.ProtocolToModelAdapter$MethodInvocationCache$MethodInvocationKey: loaded 2 times (x 73B)
Class org.gradle.util.internal.GUtil                                                  : loaded 2 times (x 71B)
Class com.google.common.util.concurrent.AbstractFuture$SetFuture                      : loaded 2 times (x 75B)
Class com.google.common.cache.AbstractCache$StatsCounter                              : loaded 2 times (x 70B)
Class com.intellij.gradle.toolingExtension.impl.model.utilTurnOffDefaultTasksModel.TurnOffDefaultTasks: loaded 2 times (x 70B)
Class com.intellij.gradle.toolingExtension.impl.model.sourceSetModel.GradleSourceSetSerialisationService$SourceSetModelReadContext: loaded 2 times (x 72B)
Class kotlin.collections.CollectionsKt                                                : loaded 2 times (x 71B)
Class org.apache.commons.compress.archivers.zip.AbstractUnicodeExtraField             : loaded 2 times (x 93B)
Class org.apache.commons.compress.archivers.zip.Zip64RequiredException                : loaded 2 times (x 82B)
Class com.google.common.io.LineBuffer                                                 : loaded 2 times (x 75B)
Class com.google.common.io.LineReader                                                 : loaded 2 times (x 72B)
Class com.google.common.hash.AbstractByteHasher                                       : loaded 2 times (x 147B)
Class com.intellij.gradle.toolingExtension.impl.model.sourceSetModel.GradleSourceSetSerialisationService$SourceSetModelWriteContext: loaded 2 times (x 72B)
Class kotlin.coroutines.CoroutineContext                                              : loaded 2 times (x 70B)
Class kotlin.coroutines.jvm.internal.DebugProbesKt                                    : loaded 2 times (x 71B)
Class org.gradle.tooling.internal.adapter.WeakIdentityHashMap                         : loaded 2 times (x 76B)
Class org.gradle.tooling.internal.adapter.ProtocolToModelAdapter$1                    : loaded 2 times (x 75B)
Class org.gradle.tooling.internal.adapter.ProtocolToModelAdapter$ViewDecoration       : loaded 2 times (x 70B)
Class org.gradle.internal.installation.GradleInstallation                             : loaded 2 times (x 75B)
Class org.apache.commons.compress.archivers.zip.ZipMethod                             : loaded 2 times (x 79B)
Class org.apache.commons.compress.archivers.zip.ZipSplitOutputStream                  : loaded 2 times (x 89B)
Class com.google.common.collect.ForwardingCollection                                  : loaded 2 times (x 130B)
Class org.apache.commons.compress.archivers.zip.UnparseableExtraFieldBehavior         : loaded 2 times (x 70B)
Class com.google.common.collect.Iterables                                             : loaded 2 times (x 71B)
Class com.google.common.base.Splitter$Strategy                                        : loaded 2 times (x 70B)
Class org.jetbrains.plugins.gradle.tooling.serialization.GradleExtensionsSerializationService$ReadContext: loaded 2 times (x 72B)
Class org.gradle.tooling.internal.adapter.MethodInvoker                               : loaded 2 times (x 70B)
Class org.jetbrains.plugins.gradle.tooling.serialization.RepositoriesModelSerializationService$WriteContext: loaded 2 times (x 72B)
Class com.android.ide.gradle.model.LegacyAndroidGradlePluginProperties                : loaded 2 times (x 70B)
Class kotlin.jvm.KotlinReflectionNotSupportedError                                    : loaded 2 times (x 82B)
Class org.gradle.tooling.model.gradle.GradleScript                                    : loaded 2 times (x 70B)

---------------  S Y S T E M  ---------------

OS:
 Windows 11 , 64 bit Build 26100 (10.0.26100.8328)
OS uptime: 0 days 5:43 hours
Hyper-V role detected

CPU: total 8 (initial active 8) (8 cores per cpu, 2 threads per core) family 23 model 160 stepping 0 microcode 0x8a0000a, cx8, cmov, fxsr, ht, mmx, 3dnowpref, sse, sse2, sse3, ssse3, sse4a, sse4.1, sse4.2, popcnt, lzcnt, tsc, tscinvbit, avx, avx2, aes, clmul, bmi1, bmi2, adx, sha, fma, vzeroupper, clflush, clflushopt, hv, rdtscp, rdpid, f16c
Processor Information for the first 8 processors :
  Max Mhz: 2401, Current Mhz: 2401, Mhz Limit: 2401

Memory: 4k page, system-wide physical 5877M (613M free)
TotalPageFile size 24309M (AvailPageFile size 85M)
current process WorkingSet (physical memory assigned to process): 356M, peak: 523M
current process commit charge ("private bytes"): 623M, peak: 625M

vm_info: OpenJDK 64-Bit Server VM (21.0.10+-14961533-b1163.108) for windows-amd64 JRE (21.0.10+-14961533-b1163.108), built on 2026-03-02T19:58:50Z by "builder" with MS VC++ 16.10 / 16.11 (VS2019)

END.
