#
# There is insufficient memory for the Java Runtime Environment to continue.
# Native memory allocation (malloc) failed to allocate 2094768 bytes. Error detail: Chunk::new
# Possible reasons:
#   The system is out of physical RAM or swap space
#   This process is running with CompressedOops enabled, and the Java Heap may be blocking the growth of the native heap
# Possible solutions:
#   Reduce memory load on the system
#   Increase physical memory or swap space
#   Check if swap backing store is full
#   Decrease Java heap size (-Xmx/-Xms)
#   Decrease number of Java threads
#   Decrease Java thread stack sizes (-Xss)
#   Set larger code cache with -XX:ReservedCodeCacheSize=
#   JVM is running with Unscaled Compressed Oops mode in which the Java heap is
#     placed in the first 4GB address space. The Java Heap base address is the
#     maximum limit for the native heap growth. Please use -XX:HeapBaseMinAddress
#     to set the Java Heap base and to place the Java Heap above 4GB virtual address.
# This output file may be truncated or incomplete.
#
#  Out of Memory Error (arena.cpp:168), pid=11028, tid=5724
#
# JRE version: OpenJDK Runtime Environment (21.0.10) (build 21.0.10+-14961533-b1163.108)
# Java VM: OpenJDK 64-Bit Server VM (21.0.10+-14961533-b1163.108, mixed mode, tiered, compressed oops, compressed class ptrs, g1 gc, windows-amd64)
# No core dump will be written. Minidumps are not enabled by default on client versions of Windows
#

---------------  S U M M A R Y ------------

Command Line: --add-opens=java.base/java.util=ALL-UNNAMED --add-opens=java.base/java.lang=ALL-UNNAMED --add-opens=java.base/java.lang.invoke=ALL-UNNAMED --add-opens=java.prefs/java.util.prefs=ALL-UNNAMED --add-opens=java.base/java.nio.charset=ALL-UNNAMED --add-opens=java.base/java.net=ALL-UNNAMED --add-opens=java.base/java.util.concurrent.atomic=ALL-UNNAMED -Xmx1024m -Dfile.encoding=UTF-8 -Duser.country=ZA -Duser.language=en -Duser.variant -javaagent:C:\Users\Principal\.gradle\wrapper\dists\gradle-8.6-bin\afr5mpiioh2wthjmwnkmdsd5w\gradle-8.6\lib\agents\gradle-instrumentation-agent-8.6.jar org.gradle.launcher.daemon.bootstrap.GradleDaemon 8.6

Host: AMD Ryzen 3 7320U with Radeon Graphics         , 8 cores, 5G,  Windows 11 , 64 bit Build 26100 (10.0.26100.8328)
Time: Mon Jun 15 15:05:13 2026 South Africa Standard Time elapsed time: 55.036907 seconds (0d 0h 0m 55s)

---------------  T H R E A D  ---------------

Current thread (0x000002371f051f40):  JavaThread "C2 CompilerThread0" daemon [_thread_in_native, id=5724, stack(0x000000e6b6200000,0x000000e6b6300000) (1024K)]


Current CompileTask:
C2:55037 10714       4       org.objectweb.asm.ClassReader::accept (1412 bytes)

Stack: [0x000000e6b6200000,0x000000e6b6300000]
Native frames: (J=compiled Java code, j=interpreted, Vv=VM code, C=native code)
V  [jvm.dll+0x6d78a9]
V  [jvm.dll+0x8665b3]
V  [jvm.dll+0x868bde]
V  [jvm.dll+0x8692c3]
V  [jvm.dll+0x280ee6]
V  [jvm.dll+0xc07cd]
V  [jvm.dll+0xc0d03]
V  [jvm.dll+0x3ba0cb]
V  [jvm.dll+0x1e0052]
V  [jvm.dll+0x249d24]
V  [jvm.dll+0x2491a1]
V  [jvm.dll+0x1c76e4]
V  [jvm.dll+0x25891e]
V  [jvm.dll+0x256e66]
V  [jvm.dll+0x3f513e]
V  [jvm.dll+0x80fd28]
V  [jvm.dll+0x6d60fd]
C  [ucrtbase.dll+0x37b0]
C  [KERNEL32.DLL+0x2e957]
C  [ntdll.dll+0x427c]


---------------  P R O C E S S  ---------------

Threads class SMR info:
_java_thread_list=0x000002371f2ae280, length=56, elements={
0x0000023704959120, 0x000002371ac6a440, 0x000002371ac6da20, 0x000002371f02fd30,
0x000002371f0448e0, 0x000002371f04d490, 0x000002371f04ea60, 0x000002371f050030,
0x000002371f051f40, 0x000002371f05cd20, 0x000002371f32c090, 0x0000023721a28010,
0x000002372085d6c0, 0x0000023720e35a10, 0x0000023721764910, 0x00000237206fb9e0,
0x0000023720ad5c50, 0x000002372098b240, 0x0000023721088a80, 0x0000023721087d60,
0x00000237210883f0, 0x0000023721089110, 0x00000237210869b0, 0x0000023721087040,
0x00000237210897a0, 0x0000023721086320, 0x000002372152bf10, 0x000002372152ed00,
0x000002372152f390, 0x000002372152dfe0, 0x000002372152e670, 0x000002372152fa20,
0x000002372152c5a0, 0x00000237215300b0, 0x0000023721530740, 0x000002372152d2c0,
0x0000023721530dd0, 0x000002372152d950, 0x0000023721531af0, 0x0000023721532810,
0x0000023722a1e4e0, 0x0000023722a1d130, 0x0000023722a1eb70, 0x0000023722a1d7c0,
0x0000023722a1c410, 0x0000023722a1b6f0, 0x0000023722a1caa0, 0x0000023722a1f200,
0x0000023722a21960, 0x0000023722a21ff0, 0x000002371fdc9a50, 0x000002371fdcbb20,
0x000002371fdca0e0, 0x000002371fdcb490, 0x000002371fdcae00, 0x000002371fdc93c0
}

Java Threads: ( => current thread )
  0x0000023704959120 JavaThread "main"                              [_thread_blocked, id=17272, stack(0x000000e6b5300000,0x000000e6b5400000) (1024K)]
  0x000002371ac6a440 JavaThread "Common-Cleaner"             daemon [_thread_blocked, id=21264, stack(0x000000e6b5b00000,0x000000e6b5c00000) (1024K)]
  0x000002371ac6da20 JavaThread "Reference Handler"          daemon [_thread_blocked, id=27972, stack(0x000000e6b5c00000,0x000000e6b5d00000) (1024K)]
  0x000002371f02fd30 JavaThread "Finalizer"                  daemon [_thread_blocked, id=24672, stack(0x000000e6b5d00000,0x000000e6b5e00000) (1024K)]
  0x000002371f0448e0 JavaThread "Signal Dispatcher"          daemon [_thread_blocked, id=31432, stack(0x000000e6b5e00000,0x000000e6b5f00000) (1024K)]
  0x000002371f04d490 JavaThread "Attach Listener"            daemon [_thread_blocked, id=26080, stack(0x000000e6b5f00000,0x000000e6b6000000) (1024K)]
  0x000002371f04ea60 JavaThread "Service Thread"             daemon [_thread_blocked, id=5108, stack(0x000000e6b6000000,0x000000e6b6100000) (1024K)]
  0x000002371f050030 JavaThread "Monitor Deflation Thread"   daemon [_thread_blocked, id=14776, stack(0x000000e6b6100000,0x000000e6b6200000) (1024K)]
=>0x000002371f051f40 JavaThread "C2 CompilerThread0"         daemon [_thread_in_native, id=5724, stack(0x000000e6b6200000,0x000000e6b6300000) (1024K)]
  0x000002371f05cd20 JavaThread "C1 CompilerThread0"         daemon [_thread_in_native, id=28060, stack(0x000000e6b6300000,0x000000e6b6400000) (1024K)]
  0x000002371f32c090 JavaThread "Notification Thread"        daemon [_thread_blocked, id=21068, stack(0x000000e6b6400000,0x000000e6b6500000) (1024K)]
  0x0000023721a28010 JavaThread "Daemon health stats"               [_thread_blocked, id=19340, stack(0x000000e6b6a00000,0x000000e6b6b00000) (1024K)]
  0x000002372085d6c0 JavaThread "Incoming local TCP Connector on port 51598"        [_thread_in_native, id=29428, stack(0x000000e6b6b00000,0x000000e6b6c00000) (1024K)]
  0x0000023720e35a10 JavaThread "Daemon periodic checks"            [_thread_blocked, id=5944, stack(0x000000e6b6c00000,0x000000e6b6d00000) (1024K)]
  0x0000023721764910 JavaThread "Daemon"                            [_thread_blocked, id=31468, stack(0x000000e6b6d00000,0x000000e6b6e00000) (1024K)]
  0x00000237206fb9e0 JavaThread "Handler for socket connection from /127.0.0.1:51598 to /127.0.0.1:51600"        [_thread_in_native, id=31480, stack(0x000000e6b6e00000,0x000000e6b6f00000) (1024K)]
  0x0000023720ad5c50 JavaThread "Cancel handler"                    [_thread_blocked, id=29640, stack(0x000000e6b6900000,0x000000e6b6a00000) (1024K)]
  0x000002372098b240 JavaThread "Daemon worker"                     [_thread_in_vm, id=31200, stack(0x000000e6b6f00000,0x000000e6b7000000) (1024K)]
  0x0000023721088a80 JavaThread "Asynchronous log dispatcher for DefaultDaemonConnection: socket connection from /127.0.0.1:51598 to /127.0.0.1:51600"        [_thread_blocked, id=31696, stack(0x000000e6b7000000,0x000000e6b7100000) (1024K)]
  0x0000023721087d60 JavaThread "Stdin handler"                     [_thread_blocked, id=31712, stack(0x000000e6b7100000,0x000000e6b7200000) (1024K)]
  0x00000237210883f0 JavaThread "Daemon client event forwarder"        [_thread_in_vm, id=30400, stack(0x000000e6b7200000,0x000000e6b7300000) (1024K)]
  0x0000023721089110 JavaThread "Cache worker for journal cache (C:\Users\Principal\.gradle\caches\journal-1)"        [_thread_blocked, id=11256, stack(0x000000e6b7700000,0x000000e6b7800000) (1024K)]
  0x00000237210869b0 JavaThread "File lock request listener"        [_thread_in_native, id=19556, stack(0x000000e6b7800000,0x000000e6b7900000) (1024K)]
  0x0000023721087040 JavaThread "Cache worker for file hash cache (C:\Users\Principal\.gradle\caches\8.6\fileHashes)"        [_thread_blocked, id=26424, stack(0x000000e6b7900000,0x000000e6b7a00000) (1024K)]
  0x00000237210897a0 JavaThread "File watcher server"        daemon [_thread_in_native, id=28416, stack(0x000000e6b7b00000,0x000000e6b7c00000) (1024K)]
  0x0000023721086320 JavaThread "File watcher consumer"      daemon [_thread_blocked, id=17108, stack(0x000000e6b7c00000,0x000000e6b7d00000) (1024K)]
  0x000002372152bf10 JavaThread "jar transforms"                    [_thread_blocked, id=15656, stack(0x000000e6b7d00000,0x000000e6b7e00000) (1024K)]
  0x000002372152ed00 JavaThread "jar transforms Thread 2"           [_thread_blocked, id=13684, stack(0x000000e6b7e00000,0x000000e6b7f00000) (1024K)]
  0x000002372152f390 JavaThread "jar transforms Thread 3"           [_thread_blocked, id=28348, stack(0x000000e6b7f00000,0x000000e6b8000000) (1024K)]
  0x000002372152dfe0 JavaThread "jar transforms Thread 4"           [_thread_blocked, id=25372, stack(0x000000e6b8000000,0x000000e6b8100000) (1024K)]
  0x000002372152e670 JavaThread "jar transforms Thread 5"           [_thread_blocked, id=13076, stack(0x000000e6b8100000,0x000000e6b8200000) (1024K)]
  0x000002372152fa20 JavaThread "jar transforms Thread 6"           [_thread_blocked, id=28820, stack(0x000000e6b8200000,0x000000e6b8300000) (1024K)]
  0x000002372152c5a0 JavaThread "jar transforms Thread 7"           [_thread_blocked, id=10640, stack(0x000000e6b8300000,0x000000e6b8400000) (1024K)]
  0x00000237215300b0 JavaThread "jar transforms Thread 8"           [_thread_blocked, id=23760, stack(0x000000e6b8400000,0x000000e6b8500000) (1024K)]
  0x0000023721530740 JavaThread "Cache worker for checksums cache (C:\Users\Principal\Desktop\OPSC S1\PART 2\BudgetBuddy\BudgetBuddy\.gradle\8.6\checksums)"        [_thread_blocked, id=30792, stack(0x000000e6b7a00000,0x000000e6b7b00000) (1024K)]
  0x000002372152d2c0 JavaThread "Cache worker for file hash cache (C:\Users\Principal\Desktop\OPSC S1\PART 2\BudgetBuddy\BudgetBuddy\.gradle\8.6\fileHashes)"        [_thread_blocked, id=7540, stack(0x000000e6b8500000,0x000000e6b8600000) (1024K)]
  0x0000023721530dd0 JavaThread "Cache worker for cache directory md-supplier (C:\Users\Principal\.gradle\caches\8.6\md-supplier)"        [_thread_blocked, id=29684, stack(0x000000e6b8600000,0x000000e6b8700000) (1024K)]
  0x000002372152d950 JavaThread "Cache worker for cache directory md-rule (C:\Users\Principal\.gradle\caches\8.6\md-rule)"        [_thread_blocked, id=31388, stack(0x000000e6b8700000,0x000000e6b8800000) (1024K)]
  0x0000023721531af0 JavaThread "Cache worker for file content cache (C:\Users\Principal\.gradle\caches\8.6\fileContent)"        [_thread_blocked, id=30880, stack(0x000000e6b8800000,0x000000e6b8900000) (1024K)]
  0x0000023721532810 JavaThread "Unconstrained build operations"        [_thread_blocked, id=5104, stack(0x000000e6b8a00000,0x000000e6b8b00000) (1024K)]
  0x0000023722a1e4e0 JavaThread "Unconstrained build operations Thread 2"        [_thread_blocked, id=22796, stack(0x000000e6b8b00000,0x000000e6b8c00000) (1024K)]
  0x0000023722a1d130 JavaThread "Unconstrained build operations Thread 3"        [_thread_blocked, id=20284, stack(0x000000e6b8c00000,0x000000e6b8d00000) (1024K)]
  0x0000023722a1eb70 JavaThread "Unconstrained build operations Thread 4"        [_thread_blocked, id=23612, stack(0x000000e6b8d00000,0x000000e6b8e00000) (1024K)]
  0x0000023722a1d7c0 JavaThread "Unconstrained build operations Thread 5"        [_thread_blocked, id=30728, stack(0x000000e6b8e00000,0x000000e6b8f00000) (1024K)]
  0x0000023722a1c410 JavaThread "Unconstrained build operations Thread 6"        [_thread_blocked, id=28476, stack(0x000000e6b8f00000,0x000000e6b9000000) (1024K)]
  0x0000023722a1b6f0 JavaThread "Unconstrained build operations Thread 7"        [_thread_blocked, id=26940, stack(0x000000e6b9000000,0x000000e6b9100000) (1024K)]
  0x0000023722a1caa0 JavaThread "Unconstrained build operations Thread 8"        [_thread_blocked, id=23152, stack(0x000000e6b9100000,0x000000e6b9200000) (1024K)]
  0x0000023722a1f200 JavaThread "Unconstrained build operations Thread 9"        [_thread_blocked, id=20780, stack(0x000000e6b9200000,0x000000e6b9300000) (1024K)]
  0x0000023722a21960 JavaThread "Cache worker for Build Output Cleanup Cache (C:\Users\Principal\Desktop\OPSC S1\PART 2\BudgetBuddy\BudgetBuddy\.gradle\buildOutputCleanup)"        [_thread_blocked, id=14956, stack(0x000000e6b9300000,0x000000e6b9400000) (1024K)]
  0x0000023722a21ff0 JavaThread "Unconstrained build operations Thread 10"        [_thread_blocked, id=31556, stack(0x000000e6b9400000,0x000000e6b9500000) (1024K)]
  0x000002371fdc9a50 JavaThread "Unconstrained build operations Thread 11"        [_thread_blocked, id=30348, stack(0x000000e6b9500000,0x000000e6b9600000) (1024K)]
  0x000002371fdcbb20 JavaThread "Unconstrained build operations Thread 12"        [_thread_blocked, id=2020, stack(0x000000e6b9600000,0x000000e6b9700000) (1024K)]
  0x000002371fdca0e0 JavaThread "Unconstrained build operations Thread 13"        [_thread_in_native, id=12492, stack(0x000000e6b9700000,0x000000e6b9800000) (1024K)]
  0x000002371fdcb490 JavaThread "Unconstrained build operations Thread 14"        [_thread_in_native, id=4812, stack(0x000000e6b9800000,0x000000e6b9900000) (1024K)]
  0x000002371fdcae00 JavaThread "Unconstrained build operations Thread 15"        [_thread_in_native, id=20984, stack(0x000000e6b9900000,0x000000e6b9a00000) (1024K)]
  0x000002371fdc93c0 JavaThread "Unconstrained build operations Thread 16"        [_thread_in_native, id=31060, stack(0x000000e6b9a00000,0x000000e6b9b00000) (1024K)]
Total: 56

Other Threads:
  0x000002371abe9500 VMThread "VM Thread"                           [id=24668, stack(0x000000e6b5a00000,0x000000e6b5b00000) (1024K)]
  0x000002371aba4f50 WatcherThread "VM Periodic Task Thread"        [id=20624, stack(0x000000e6b5900000,0x000000e6b5a00000) (1024K)]
  0x0000023704993370 WorkerThread "GC Thread#0"                     [id=7464, stack(0x000000e6b5400000,0x000000e6b5500000) (1024K)]
  0x000002371f82cc90 WorkerThread "GC Thread#1"                     [id=22020, stack(0x000000e6b6500000,0x000000e6b6600000) (1024K)]
  0x000002371faaa270 WorkerThread "GC Thread#2"                     [id=16356, stack(0x000000e6b6600000,0x000000e6b6700000) (1024K)]
  0x000002371faaa620 WorkerThread "GC Thread#3"                     [id=15908, stack(0x000000e6b6700000,0x000000e6b6800000) (1024K)]
  0x000002371fe58600 WorkerThread "GC Thread#4"                     [id=6328, stack(0x000000e6b6800000,0x000000e6b6900000) (1024K)]
  0x000002371f105070 WorkerThread "GC Thread#5"                     [id=31664, stack(0x000000e6b7300000,0x000000e6b7400000) (1024K)]
  0x000002371f105420 WorkerThread "GC Thread#6"                     [id=26584, stack(0x000000e6b7400000,0x000000e6b7500000) (1024K)]
  0x000002371f1057d0 WorkerThread "GC Thread#7"                     [id=30256, stack(0x000000e6b7500000,0x000000e6b7600000) (1024K)]
  0x000002370499c270 ConcurrentGCThread "G1 Main Marker"            [id=27952, stack(0x000000e6b5500000,0x000000e6b5600000) (1024K)]
  0x000002370499dad0 WorkerThread "G1 Conc#0"                       [id=30660, stack(0x000000e6b5600000,0x000000e6b5700000) (1024K)]
  0x0000023721095f10 WorkerThread "G1 Conc#1"                       [id=31552, stack(0x000000e6b7600000,0x000000e6b7700000) (1024K)]
  0x000002371aa810a0 ConcurrentGCThread "G1 Refine#0"               [id=20288, stack(0x000000e6b5700000,0x000000e6b5800000) (1024K)]
  0x000002371aa819d0 ConcurrentGCThread "G1 Service"                [id=13160, stack(0x000000e6b5800000,0x000000e6b5900000) (1024K)]
Total: 15

Threads with active compile tasks:
C2 CompilerThread0  56139 10714       4       org.objectweb.asm.ClassReader::accept (1412 bytes)
C1 CompilerThread0  56139 10754       3       org.objectweb.asm.ClassReader::readCode (5117 bytes)
Total: 2

VM state: not at safepoint (normal execution)

VM Mutex/Monitor currently owned by a thread: None

Heap address: 0x00000000c0000000, size: 1024 MB, Compressed Oops mode: 32-bit

CDS archive(s) not mapped
Compressed class space mapped at: 0x0000000100000000-0x0000000140000000, reserved size: 1073741824
Narrow klass base: 0x0000000000000000, Narrow klass shift: 3, Narrow klass range: 0x140000000

GC Precious Log:
 CardTable entry size: 512
 Card Set container configuration: InlinePtr #cards 5 size 8 Array Of Cards #cards 12 size 40 Howl #buckets 4 coarsen threshold 1843 Howl Bitmap #cards 512 size 80 coarsen threshold 460 Card regions per heap region 1 cards per card region 2048
 CPUs: 8 total, 8 available
 Memory: 5877M
 Large Page Support: Disabled
 NUMA Support: Disabled
 Compressed Oops: Enabled (32-bit)
 Heap Region Size: 1M
 Heap Min Capacity: 8M
 Heap Initial Capacity: 92M
 Heap Max Capacity: 1G
 Pre-touch: Disabled
 Parallel Workers: 8
 Concurrent Workers: 2
 Concurrent Refinement Workers: 8
 Periodic GC: Disabled

Heap:
 garbage-first heap   total 256000K, used 93863K [0x00000000c0000000, 0x0000000100000000)
  region size 1024K, 9 young (9216K), 7 survivors (7168K)
 Metaspace       used 72240K, committed 73856K, reserved 1114112K
  class space    used 9881K, committed 10688K, reserved 1048576K

Heap Regions: E=young(eden), S=young(survivor), O=old, HS=humongous(starts), HC=humongous(continues), CS=collection set, F=free, TAMS=top-at-mark-start, PB=parsable bottom
|   0|0x00000000c0000000, 0x00000000c0100000, 0x00000000c0100000|100%| O|  |TAMS 0x00000000c0000000| PB 0x00000000c0000000| Untracked 
|   1|0x00000000c0100000, 0x00000000c0200000, 0x00000000c0200000|100%| O|  |TAMS 0x00000000c0100000| PB 0x00000000c0100000| Untracked 
|   2|0x00000000c0200000, 0x00000000c0300000, 0x00000000c0300000|100%|HS|  |TAMS 0x00000000c0200000| PB 0x00000000c0200000| Complete 
|   3|0x00000000c0300000, 0x00000000c0400000, 0x00000000c0400000|100%|HC|  |TAMS 0x00000000c0300000| PB 0x00000000c0300000| Complete 
|   4|0x00000000c0400000, 0x00000000c0500000, 0x00000000c0500000|100%|HC|  |TAMS 0x00000000c0400000| PB 0x00000000c0400000| Complete 
|   5|0x00000000c0500000, 0x00000000c0600000, 0x00000000c0600000|100%|HC|  |TAMS 0x00000000c0500000| PB 0x00000000c0500000| Complete 
|   6|0x00000000c0600000, 0x00000000c0700000, 0x00000000c0700000|100%| O|  |TAMS 0x00000000c0600000| PB 0x00000000c0600000| Untracked 
|   7|0x00000000c0700000, 0x00000000c0800000, 0x00000000c0800000|100%| O|  |TAMS 0x00000000c0700000| PB 0x00000000c0700000| Untracked 
|   8|0x00000000c0800000, 0x00000000c0900000, 0x00000000c0900000|100%| O|  |TAMS 0x00000000c0800000| PB 0x00000000c0800000| Untracked 
|   9|0x00000000c0900000, 0x00000000c0a00000, 0x00000000c0a00000|100%| O|  |TAMS 0x00000000c0900000| PB 0x00000000c0900000| Untracked 
|  10|0x00000000c0a00000, 0x00000000c0b00000, 0x00000000c0b00000|100%| O|  |TAMS 0x00000000c0a00000| PB 0x00000000c0a00000| Untracked 
|  11|0x00000000c0b00000, 0x00000000c0c00000, 0x00000000c0c00000|100%| O|  |TAMS 0x00000000c0b00000| PB 0x00000000c0b00000| Untracked 
|  12|0x00000000c0c00000, 0x00000000c0d00000, 0x00000000c0d00000|100%|HS|  |TAMS 0x00000000c0c00000| PB 0x00000000c0c00000| Complete 
|  13|0x00000000c0d00000, 0x00000000c0e00000, 0x00000000c0e00000|100%|HC|  |TAMS 0x00000000c0d00000| PB 0x00000000c0d00000| Complete 
|  14|0x00000000c0e00000, 0x00000000c0f00000, 0x00000000c0f00000|100%|HC|  |TAMS 0x00000000c0e00000| PB 0x00000000c0e00000| Complete 
|  15|0x00000000c0f00000, 0x00000000c1000000, 0x00000000c1000000|100%|HC|  |TAMS 0x00000000c0f00000| PB 0x00000000c0f00000| Complete 
|  16|0x00000000c1000000, 0x00000000c1100000, 0x00000000c1100000|100%|HC|  |TAMS 0x00000000c1000000| PB 0x00000000c1000000| Complete 
|  17|0x00000000c1100000, 0x00000000c1200000, 0x00000000c1200000|100%|HC|  |TAMS 0x00000000c1100000| PB 0x00000000c1100000| Complete 
|  18|0x00000000c1200000, 0x00000000c1300000, 0x00000000c1300000|100%|HS|  |TAMS 0x00000000c1200000| PB 0x00000000c1200000| Complete 
|  19|0x00000000c1300000, 0x00000000c1400000, 0x00000000c1400000|100%|HC|  |TAMS 0x00000000c1300000| PB 0x00000000c1300000| Complete 
|  20|0x00000000c1400000, 0x00000000c1500000, 0x00000000c1500000|100%|HS|  |TAMS 0x00000000c1400000| PB 0x00000000c1400000| Complete 
|  21|0x00000000c1500000, 0x00000000c1600000, 0x00000000c1600000|100%|HS|  |TAMS 0x00000000c1500000| PB 0x00000000c1500000| Complete 
|  22|0x00000000c1600000, 0x00000000c1700000, 0x00000000c1700000|100%|HC|  |TAMS 0x00000000c1600000| PB 0x00000000c1600000| Complete 
|  23|0x00000000c1700000, 0x00000000c1800000, 0x00000000c1800000|100%|HS|  |TAMS 0x00000000c1700000| PB 0x00000000c1700000| Complete 
|  24|0x00000000c1800000, 0x00000000c1900000, 0x00000000c1900000|100%| O|  |TAMS 0x00000000c1800000| PB 0x00000000c1800000| Untracked 
|  25|0x00000000c1900000, 0x00000000c1a00000, 0x00000000c1a00000|100%| O|  |TAMS 0x00000000c1900000| PB 0x00000000c1900000| Untracked 
|  26|0x00000000c1a00000, 0x00000000c1b00000, 0x00000000c1b00000|100%|HS|  |TAMS 0x00000000c1a00000| PB 0x00000000c1a00000| Complete 
|  27|0x00000000c1b00000, 0x00000000c1c00000, 0x00000000c1c00000|100%|HC|  |TAMS 0x00000000c1b00000| PB 0x00000000c1b00000| Complete 
|  28|0x00000000c1c00000, 0x00000000c1d00000, 0x00000000c1d00000|100%|HC|  |TAMS 0x00000000c1c00000| PB 0x00000000c1c00000| Complete 
|  29|0x00000000c1d00000, 0x00000000c1e00000, 0x00000000c1e00000|100%|HC|  |TAMS 0x00000000c1d00000| PB 0x00000000c1d00000| Complete 
|  30|0x00000000c1e00000, 0x00000000c1f00000, 0x00000000c1f00000|100%|HC|  |TAMS 0x00000000c1e00000| PB 0x00000000c1e00000| Complete 
|  31|0x00000000c1f00000, 0x00000000c2000000, 0x00000000c2000000|100%|HC|  |TAMS 0x00000000c1f00000| PB 0x00000000c1f00000| Complete 
|  32|0x00000000c2000000, 0x00000000c2100000, 0x00000000c2100000|100%| O|  |TAMS 0x00000000c2000000| PB 0x00000000c2000000| Untracked 
|  33|0x00000000c2100000, 0x00000000c2200000, 0x00000000c2200000|100%| O|  |TAMS 0x00000000c2100000| PB 0x00000000c2100000| Untracked 
|  34|0x00000000c2200000, 0x00000000c2300000, 0x00000000c2300000|100%| O|  |TAMS 0x00000000c2200000| PB 0x00000000c2200000| Untracked 
|  35|0x00000000c2300000, 0x00000000c2400000, 0x00000000c2400000|100%| O|  |TAMS 0x00000000c2300000| PB 0x00000000c2300000| Untracked 
|  36|0x00000000c2400000, 0x00000000c2500000, 0x00000000c2500000|100%| O|  |TAMS 0x00000000c2400000| PB 0x00000000c2400000| Untracked 
|  37|0x00000000c2500000, 0x00000000c2600000, 0x00000000c2600000|100%| O|  |TAMS 0x00000000c2500000| PB 0x00000000c2500000| Untracked 
|  38|0x00000000c2600000, 0x00000000c2700000, 0x00000000c2700000|100%| O|  |TAMS 0x00000000c2600000| PB 0x00000000c2600000| Untracked 
|  39|0x00000000c2700000, 0x00000000c2800000, 0x00000000c2800000|100%| O|  |TAMS 0x00000000c2700000| PB 0x00000000c2700000| Untracked 
|  40|0x00000000c2800000, 0x00000000c2900000, 0x00000000c2900000|100%| O|  |TAMS 0x00000000c2800000| PB 0x00000000c2800000| Untracked 
|  41|0x00000000c2900000, 0x00000000c2a00000, 0x00000000c2a00000|100%| O|  |TAMS 0x00000000c2900000| PB 0x00000000c2900000| Untracked 
|  42|0x00000000c2a00000, 0x00000000c2b00000, 0x00000000c2b00000|100%| O|  |TAMS 0x00000000c2a00000| PB 0x00000000c2a00000| Untracked 
|  43|0x00000000c2b00000, 0x00000000c2c00000, 0x00000000c2c00000|100%| O|  |TAMS 0x00000000c2b00000| PB 0x00000000c2b00000| Untracked 
|  44|0x00000000c2c00000, 0x00000000c2d00000, 0x00000000c2d00000|100%| O|  |TAMS 0x00000000c2c00000| PB 0x00000000c2c00000| Untracked 
|  45|0x00000000c2d00000, 0x00000000c2e00000, 0x00000000c2e00000|100%| O|  |TAMS 0x00000000c2d00000| PB 0x00000000c2d00000| Untracked 
|  46|0x00000000c2e00000, 0x00000000c2f00000, 0x00000000c2f00000|100%| O|  |TAMS 0x00000000c2e00000| PB 0x00000000c2e00000| Untracked 
|  47|0x00000000c2f00000, 0x00000000c3000000, 0x00000000c3000000|100%| O|  |TAMS 0x00000000c2f00000| PB 0x00000000c2f00000| Untracked 
|  48|0x00000000c3000000, 0x00000000c3100000, 0x00000000c3100000|100%|HS|  |TAMS 0x00000000c3000000| PB 0x00000000c3000000| Complete 
|  49|0x00000000c3100000, 0x00000000c3200000, 0x00000000c3200000|100%|HC|  |TAMS 0x00000000c3100000| PB 0x00000000c3100000| Complete 
|  50|0x00000000c3200000, 0x00000000c3300000, 0x00000000c3300000|100%| O|  |TAMS 0x00000000c3200000| PB 0x00000000c3200000| Untracked 
|  51|0x00000000c3300000, 0x00000000c3400000, 0x00000000c3400000|100%| O|  |TAMS 0x00000000c3300000| PB 0x00000000c3300000| Untracked 
|  52|0x00000000c3400000, 0x00000000c3500000, 0x00000000c3500000|100%| O|  |TAMS 0x00000000c3400000| PB 0x00000000c3400000| Untracked 
|  53|0x00000000c3500000, 0x00000000c3600000, 0x00000000c3600000|100%| O|  |TAMS 0x00000000c3500000| PB 0x00000000c3500000| Untracked 
|  54|0x00000000c3600000, 0x00000000c3700000, 0x00000000c3700000|100%| O|  |TAMS 0x00000000c3600000| PB 0x00000000c3600000| Untracked 
|  55|0x00000000c3700000, 0x00000000c3800000, 0x00000000c3800000|100%| O|  |TAMS 0x00000000c3700000| PB 0x00000000c3700000| Untracked 
|  56|0x00000000c3800000, 0x00000000c3900000, 0x00000000c3900000|100%| O|  |TAMS 0x00000000c3800000| PB 0x00000000c3800000| Untracked 
|  57|0x00000000c3900000, 0x00000000c3a00000, 0x00000000c3a00000|100%| O|  |TAMS 0x00000000c3900000| PB 0x00000000c3900000| Untracked 
|  58|0x00000000c3a00000, 0x00000000c3b00000, 0x00000000c3b00000|100%| O|  |TAMS 0x00000000c3a00000| PB 0x00000000c3a00000| Untracked 
|  59|0x00000000c3b00000, 0x00000000c3c00000, 0x00000000c3c00000|100%| O|  |TAMS 0x00000000c3b00000| PB 0x00000000c3b00000| Untracked 
|  60|0x00000000c3c00000, 0x00000000c3d00000, 0x00000000c3d00000|100%| O|  |TAMS 0x00000000c3c00000| PB 0x00000000c3c00000| Untracked 
|  61|0x00000000c3d00000, 0x00000000c3e00000, 0x00000000c3e00000|100%| O|  |TAMS 0x00000000c3d00000| PB 0x00000000c3d00000| Untracked 
|  62|0x00000000c3e00000, 0x00000000c3f00000, 0x00000000c3f00000|100%| O|  |TAMS 0x00000000c3e00000| PB 0x00000000c3e00000| Untracked 
|  63|0x00000000c3f00000, 0x00000000c4000000, 0x00000000c4000000|100%| O|  |TAMS 0x00000000c3f00000| PB 0x00000000c3f00000| Untracked 
|  64|0x00000000c4000000, 0x00000000c4100000, 0x00000000c4100000|100%| O|  |TAMS 0x00000000c4000000| PB 0x00000000c4000000| Untracked 
|  65|0x00000000c4100000, 0x00000000c4100000, 0x00000000c4200000|  0%| F|  |TAMS 0x00000000c4100000| PB 0x00000000c4100000| Untracked 
|  66|0x00000000c4200000, 0x00000000c4200000, 0x00000000c4300000|  0%| F|  |TAMS 0x00000000c4200000| PB 0x00000000c4200000| Untracked 
|  67|0x00000000c4300000, 0x00000000c4400000, 0x00000000c4400000|100%| O|  |TAMS 0x00000000c4300000| PB 0x00000000c4300000| Untracked 
|  68|0x00000000c4400000, 0x00000000c4400000, 0x00000000c4500000|  0%| F|  |TAMS 0x00000000c4400000| PB 0x00000000c4400000| Untracked 
|  69|0x00000000c4500000, 0x00000000c4600000, 0x00000000c4600000|100%| O|  |TAMS 0x00000000c4500000| PB 0x00000000c4500000| Untracked 
|  70|0x00000000c4600000, 0x00000000c4600000, 0x00000000c4700000|  0%| F|  |TAMS 0x00000000c4600000| PB 0x00000000c4600000| Untracked 
|  71|0x00000000c4700000, 0x00000000c4700000, 0x00000000c4800000|  0%| F|  |TAMS 0x00000000c4700000| PB 0x00000000c4700000| Untracked 
|  72|0x00000000c4800000, 0x00000000c4900000, 0x00000000c4900000|100%| O|  |TAMS 0x00000000c4800000| PB 0x00000000c4800000| Untracked 
|  73|0x00000000c4900000, 0x00000000c4a00000, 0x00000000c4a00000|100%| O|  |TAMS 0x00000000c4900000| PB 0x00000000c4900000| Untracked 
|  74|0x00000000c4a00000, 0x00000000c4b00000, 0x00000000c4b00000|100%|HS|  |TAMS 0x00000000c4a00000| PB 0x00000000c4a00000| Complete 
|  75|0x00000000c4b00000, 0x00000000c4c00000, 0x00000000c4c00000|100%| O|  |TAMS 0x00000000c4b00000| PB 0x00000000c4b00000| Untracked 
|  76|0x00000000c4c00000, 0x00000000c4d00000, 0x00000000c4d00000|100%| O|  |TAMS 0x00000000c4c00000| PB 0x00000000c4c00000| Untracked 
|  77|0x00000000c4d00000, 0x00000000c4d00000, 0x00000000c4e00000|  0%| F|  |TAMS 0x00000000c4d00000| PB 0x00000000c4d00000| Untracked 
|  78|0x00000000c4e00000, 0x00000000c4f00000, 0x00000000c4f00000|100%| O|  |TAMS 0x00000000c4e00000| PB 0x00000000c4e00000| Untracked 
|  79|0x00000000c4f00000, 0x00000000c5000000, 0x00000000c5000000|100%| O|  |TAMS 0x00000000c4f00000| PB 0x00000000c4f00000| Untracked 
|  80|0x00000000c5000000, 0x00000000c50a9e88, 0x00000000c5100000| 66%| O|  |TAMS 0x00000000c5000000| PB 0x00000000c5000000| Untracked 
|  81|0x00000000c5100000, 0x00000000c5100000, 0x00000000c5200000|  0%| F|  |TAMS 0x00000000c5100000| PB 0x00000000c5100000| Untracked 
|  82|0x00000000c5200000, 0x00000000c5200000, 0x00000000c5300000|  0%| F|  |TAMS 0x00000000c5200000| PB 0x00000000c5200000| Untracked 
|  83|0x00000000c5300000, 0x00000000c5300000, 0x00000000c5400000|  0%| F|  |TAMS 0x00000000c5300000| PB 0x00000000c5300000| Untracked 
|  84|0x00000000c5400000, 0x00000000c5400000, 0x00000000c5500000|  0%| F|  |TAMS 0x00000000c5400000| PB 0x00000000c5400000| Untracked 
|  85|0x00000000c5500000, 0x00000000c5500000, 0x00000000c5600000|  0%| F|  |TAMS 0x00000000c5500000| PB 0x00000000c5500000| Untracked 
|  86|0x00000000c5600000, 0x00000000c5600000, 0x00000000c5700000|  0%| F|  |TAMS 0x00000000c5600000| PB 0x00000000c5600000| Untracked 
|  87|0x00000000c5700000, 0x00000000c5700000, 0x00000000c5800000|  0%| F|  |TAMS 0x00000000c5700000| PB 0x00000000c5700000| Untracked 
|  88|0x00000000c5800000, 0x00000000c5900000, 0x00000000c5900000|100%| O|  |TAMS 0x00000000c5800000| PB 0x00000000c5800000| Untracked 
|  89|0x00000000c5900000, 0x00000000c5a00000, 0x00000000c5a00000|100%| O|  |TAMS 0x00000000c5900000| PB 0x00000000c5900000| Untracked 
|  90|0x00000000c5a00000, 0x00000000c5a00000, 0x00000000c5b00000|  0%| F|  |TAMS 0x00000000c5a00000| PB 0x00000000c5a00000| Untracked 
|  91|0x00000000c5b00000, 0x00000000c5b00000, 0x00000000c5c00000|  0%| F|  |TAMS 0x00000000c5b00000| PB 0x00000000c5b00000| Untracked 
|  92|0x00000000c5c00000, 0x00000000c5c00000, 0x00000000c5d00000|  0%| F|  |TAMS 0x00000000c5c00000| PB 0x00000000c5c00000| Untracked 
|  93|0x00000000c5d00000, 0x00000000c5d00000, 0x00000000c5e00000|  0%| F|  |TAMS 0x00000000c5d00000| PB 0x00000000c5d00000| Untracked 
|  94|0x00000000c5e00000, 0x00000000c5e00000, 0x00000000c5f00000|  0%| F|  |TAMS 0x00000000c5e00000| PB 0x00000000c5e00000| Untracked 
|  95|0x00000000c5f00000, 0x00000000c6000000, 0x00000000c6000000|100%| S|CS|TAMS 0x00000000c5f00000| PB 0x00000000c5f00000| Complete 
|  96|0x00000000c6000000, 0x00000000c6100000, 0x00000000c6100000|100%| S|CS|TAMS 0x00000000c6000000| PB 0x00000000c6000000| Complete 
|  97|0x00000000c6100000, 0x00000000c6200000, 0x00000000c6200000|100%| S|CS|TAMS 0x00000000c6100000| PB 0x00000000c6100000| Complete 
|  98|0x00000000c6200000, 0x00000000c6300000, 0x00000000c6300000|100%| S|CS|TAMS 0x00000000c6200000| PB 0x00000000c6200000| Complete 
|  99|0x00000000c6300000, 0x00000000c6300000, 0x00000000c6400000|  0%| F|  |TAMS 0x00000000c6300000| PB 0x00000000c6300000| Untracked 
| 100|0x00000000c6400000, 0x00000000c6500000, 0x00000000c6500000|100%| S|CS|TAMS 0x00000000c6400000| PB 0x00000000c6400000| Complete 
| 101|0x00000000c6500000, 0x00000000c6600000, 0x00000000c6600000|100%| S|CS|TAMS 0x00000000c6500000| PB 0x00000000c6500000| Complete 
| 102|0x00000000c6600000, 0x00000000c6600000, 0x00000000c6700000|  0%| F|  |TAMS 0x00000000c6600000| PB 0x00000000c6600000| Untracked 
| 103|0x00000000c6700000, 0x00000000c6800000, 0x00000000c6800000|100%| S|CS|TAMS 0x00000000c6700000| PB 0x00000000c6700000| Complete 
| 104|0x00000000c6800000, 0x00000000c6800000, 0x00000000c6900000|  0%| F|  |TAMS 0x00000000c6800000| PB 0x00000000c6800000| Untracked 
| 105|0x00000000c6900000, 0x00000000c6900000, 0x00000000c6a00000|  0%| F|  |TAMS 0x00000000c6900000| PB 0x00000000c6900000| Untracked 
| 106|0x00000000c6a00000, 0x00000000c6a00000, 0x00000000c6b00000|  0%| F|  |TAMS 0x00000000c6a00000| PB 0x00000000c6a00000| Untracked 
| 107|0x00000000c6b00000, 0x00000000c6b00000, 0x00000000c6c00000|  0%| F|  |TAMS 0x00000000c6b00000| PB 0x00000000c6b00000| Untracked 
| 108|0x00000000c6c00000, 0x00000000c6c00000, 0x00000000c6d00000|  0%| F|  |TAMS 0x00000000c6c00000| PB 0x00000000c6c00000| Untracked 
| 109|0x00000000c6d00000, 0x00000000c6d00000, 0x00000000c6e00000|  0%| F|  |TAMS 0x00000000c6d00000| PB 0x00000000c6d00000| Untracked 
| 110|0x00000000c6e00000, 0x00000000c6e00000, 0x00000000c6f00000|  0%| F|  |TAMS 0x00000000c6e00000| PB 0x00000000c6e00000| Untracked 
| 111|0x00000000c6f00000, 0x00000000c6f00000, 0x00000000c7000000|  0%| F|  |TAMS 0x00000000c6f00000| PB 0x00000000c6f00000| Untracked 
| 112|0x00000000c7000000, 0x00000000c7000000, 0x00000000c7100000|  0%| F|  |TAMS 0x00000000c7000000| PB 0x00000000c7000000| Untracked 
| 113|0x00000000c7100000, 0x00000000c7100000, 0x00000000c7200000|  0%| F|  |TAMS 0x00000000c7100000| PB 0x00000000c7100000| Untracked 
| 114|0x00000000c7200000, 0x00000000c7200000, 0x00000000c7300000|  0%| F|  |TAMS 0x00000000c7200000| PB 0x00000000c7200000| Untracked 
| 115|0x00000000c7300000, 0x00000000c7300000, 0x00000000c7400000|  0%| F|  |TAMS 0x00000000c7300000| PB 0x00000000c7300000| Untracked 
| 116|0x00000000c7400000, 0x00000000c7400000, 0x00000000c7500000|  0%| F|  |TAMS 0x00000000c7400000| PB 0x00000000c7400000| Untracked 
| 117|0x00000000c7500000, 0x00000000c7500000, 0x00000000c7600000|  0%| F|  |TAMS 0x00000000c7500000| PB 0x00000000c7500000| Untracked 
| 118|0x00000000c7600000, 0x00000000c7600000, 0x00000000c7700000|  0%| F|  |TAMS 0x00000000c7600000| PB 0x00000000c7600000| Untracked 
| 119|0x00000000c7700000, 0x00000000c7700000, 0x00000000c7800000|  0%| F|  |TAMS 0x00000000c7700000| PB 0x00000000c7700000| Untracked 
| 120|0x00000000c7800000, 0x00000000c7800000, 0x00000000c7900000|  0%| F|  |TAMS 0x00000000c7800000| PB 0x00000000c7800000| Untracked 
| 121|0x00000000c7900000, 0x00000000c7900000, 0x00000000c7a00000|  0%| F|  |TAMS 0x00000000c7900000| PB 0x00000000c7900000| Untracked 
| 122|0x00000000c7a00000, 0x00000000c7a00000, 0x00000000c7b00000|  0%| F|  |TAMS 0x00000000c7a00000| PB 0x00000000c7a00000| Untracked 
| 123|0x00000000c7b00000, 0x00000000c7b00000, 0x00000000c7c00000|  0%| F|  |TAMS 0x00000000c7b00000| PB 0x00000000c7b00000| Untracked 
| 124|0x00000000c7c00000, 0x00000000c7c00000, 0x00000000c7d00000|  0%| F|  |TAMS 0x00000000c7c00000| PB 0x00000000c7c00000| Untracked 
| 125|0x00000000c7d00000, 0x00000000c7d00000, 0x00000000c7e00000|  0%| F|  |TAMS 0x00000000c7d00000| PB 0x00000000c7d00000| Untracked 
| 126|0x00000000c7e00000, 0x00000000c7e00000, 0x00000000c7f00000|  0%| F|  |TAMS 0x00000000c7e00000| PB 0x00000000c7e00000| Untracked 
| 127|0x00000000c7f00000, 0x00000000c7f00000, 0x00000000c8000000|  0%| F|  |TAMS 0x00000000c7f00000| PB 0x00000000c7f00000| Untracked 
| 128|0x00000000c8000000, 0x00000000c8000000, 0x00000000c8100000|  0%| F|  |TAMS 0x00000000c8000000| PB 0x00000000c8000000| Untracked 
| 129|0x00000000c8100000, 0x00000000c8100000, 0x00000000c8200000|  0%| F|  |TAMS 0x00000000c8100000| PB 0x00000000c8100000| Untracked 
| 130|0x00000000c8200000, 0x00000000c8200000, 0x00000000c8300000|  0%| F|  |TAMS 0x00000000c8200000| PB 0x00000000c8200000| Untracked 
| 131|0x00000000c8300000, 0x00000000c8300000, 0x00000000c8400000|  0%| F|  |TAMS 0x00000000c8300000| PB 0x00000000c8300000| Untracked 
| 132|0x00000000c8400000, 0x00000000c8400000, 0x00000000c8500000|  0%| F|  |TAMS 0x00000000c8400000| PB 0x00000000c8400000| Untracked 
| 133|0x00000000c8500000, 0x00000000c8500000, 0x00000000c8600000|  0%| F|  |TAMS 0x00000000c8500000| PB 0x00000000c8500000| Untracked 
| 134|0x00000000c8600000, 0x00000000c8600000, 0x00000000c8700000|  0%| F|  |TAMS 0x00000000c8600000| PB 0x00000000c8600000| Untracked 
| 135|0x00000000c8700000, 0x00000000c8700000, 0x00000000c8800000|  0%| F|  |TAMS 0x00000000c8700000| PB 0x00000000c8700000| Untracked 
| 136|0x00000000c8800000, 0x00000000c8800000, 0x00000000c8900000|  0%| F|  |TAMS 0x00000000c8800000| PB 0x00000000c8800000| Untracked 
| 137|0x00000000c8900000, 0x00000000c8900000, 0x00000000c8a00000|  0%| F|  |TAMS 0x00000000c8900000| PB 0x00000000c8900000| Untracked 
| 138|0x00000000c8a00000, 0x00000000c8a00000, 0x00000000c8b00000|  0%| F|  |TAMS 0x00000000c8a00000| PB 0x00000000c8a00000| Untracked 
| 139|0x00000000c8b00000, 0x00000000c8b00000, 0x00000000c8c00000|  0%| F|  |TAMS 0x00000000c8b00000| PB 0x00000000c8b00000| Untracked 
| 140|0x00000000c8c00000, 0x00000000c8c00000, 0x00000000c8d00000|  0%| F|  |TAMS 0x00000000c8c00000| PB 0x00000000c8c00000| Untracked 
| 141|0x00000000c8d00000, 0x00000000c8d00000, 0x00000000c8e00000|  0%| F|  |TAMS 0x00000000c8d00000| PB 0x00000000c8d00000| Untracked 
| 142|0x00000000c8e00000, 0x00000000c8e00000, 0x00000000c8f00000|  0%| F|  |TAMS 0x00000000c8e00000| PB 0x00000000c8e00000| Untracked 
| 143|0x00000000c8f00000, 0x00000000c8f00000, 0x00000000c9000000|  0%| F|  |TAMS 0x00000000c8f00000| PB 0x00000000c8f00000| Untracked 
| 144|0x00000000c9000000, 0x00000000c9000000, 0x00000000c9100000|  0%| F|  |TAMS 0x00000000c9000000| PB 0x00000000c9000000| Untracked 
| 145|0x00000000c9100000, 0x00000000c9100000, 0x00000000c9200000|  0%| F|  |TAMS 0x00000000c9100000| PB 0x00000000c9100000| Untracked 
| 146|0x00000000c9200000, 0x00000000c9200000, 0x00000000c9300000|  0%| F|  |TAMS 0x00000000c9200000| PB 0x00000000c9200000| Untracked 
| 147|0x00000000c9300000, 0x00000000c9300000, 0x00000000c9400000|  0%| F|  |TAMS 0x00000000c9300000| PB 0x00000000c9300000| Untracked 
| 148|0x00000000c9400000, 0x00000000c9400000, 0x00000000c9500000|  0%| F|  |TAMS 0x00000000c9400000| PB 0x00000000c9400000| Untracked 
| 149|0x00000000c9500000, 0x00000000c9500000, 0x00000000c9600000|  0%| F|  |TAMS 0x00000000c9500000| PB 0x00000000c9500000| Untracked 
| 150|0x00000000c9600000, 0x00000000c9600000, 0x00000000c9700000|  0%| F|  |TAMS 0x00000000c9600000| PB 0x00000000c9600000| Untracked 
| 151|0x00000000c9700000, 0x00000000c9700000, 0x00000000c9800000|  0%| F|  |TAMS 0x00000000c9700000| PB 0x00000000c9700000| Untracked 
| 152|0x00000000c9800000, 0x00000000c9800000, 0x00000000c9900000|  0%| F|  |TAMS 0x00000000c9800000| PB 0x00000000c9800000| Untracked 
| 153|0x00000000c9900000, 0x00000000c9900000, 0x00000000c9a00000|  0%| F|  |TAMS 0x00000000c9900000| PB 0x00000000c9900000| Untracked 
| 154|0x00000000c9a00000, 0x00000000c9a00000, 0x00000000c9b00000|  0%| F|  |TAMS 0x00000000c9a00000| PB 0x00000000c9a00000| Untracked 
| 155|0x00000000c9b00000, 0x00000000c9b00000, 0x00000000c9c00000|  0%| F|  |TAMS 0x00000000c9b00000| PB 0x00000000c9b00000| Untracked 
| 156|0x00000000c9c00000, 0x00000000c9c00000, 0x00000000c9d00000|  0%| F|  |TAMS 0x00000000c9c00000| PB 0x00000000c9c00000| Untracked 
| 157|0x00000000c9d00000, 0x00000000c9d00000, 0x00000000c9e00000|  0%| F|  |TAMS 0x00000000c9d00000| PB 0x00000000c9d00000| Untracked 
| 158|0x00000000c9e00000, 0x00000000c9e00000, 0x00000000c9f00000|  0%| F|  |TAMS 0x00000000c9e00000| PB 0x00000000c9e00000| Untracked 
| 159|0x00000000c9f00000, 0x00000000c9f00000, 0x00000000ca000000|  0%| F|  |TAMS 0x00000000c9f00000| PB 0x00000000c9f00000| Untracked 
| 160|0x00000000ca000000, 0x00000000ca000000, 0x00000000ca100000|  0%| F|  |TAMS 0x00000000ca000000| PB 0x00000000ca000000| Untracked 
| 161|0x00000000ca100000, 0x00000000ca100000, 0x00000000ca200000|  0%| F|  |TAMS 0x00000000ca100000| PB 0x00000000ca100000| Untracked 
| 162|0x00000000ca200000, 0x00000000ca200000, 0x00000000ca300000|  0%| F|  |TAMS 0x00000000ca200000| PB 0x00000000ca200000| Untracked 
| 163|0x00000000ca300000, 0x00000000ca300000, 0x00000000ca400000|  0%| F|  |TAMS 0x00000000ca300000| PB 0x00000000ca300000| Untracked 
| 164|0x00000000ca400000, 0x00000000ca400000, 0x00000000ca500000|  0%| F|  |TAMS 0x00000000ca400000| PB 0x00000000ca400000| Untracked 
| 165|0x00000000ca500000, 0x00000000ca500000, 0x00000000ca600000|  0%| F|  |TAMS 0x00000000ca500000| PB 0x00000000ca500000| Untracked 
| 166|0x00000000ca600000, 0x00000000ca600000, 0x00000000ca700000|  0%| F|  |TAMS 0x00000000ca600000| PB 0x00000000ca600000| Untracked 
| 167|0x00000000ca700000, 0x00000000ca700000, 0x00000000ca800000|  0%| F|  |TAMS 0x00000000ca700000| PB 0x00000000ca700000| Untracked 
| 168|0x00000000ca800000, 0x00000000ca800000, 0x00000000ca900000|  0%| F|  |TAMS 0x00000000ca800000| PB 0x00000000ca800000| Untracked 
| 169|0x00000000ca900000, 0x00000000ca900000, 0x00000000caa00000|  0%| F|  |TAMS 0x00000000ca900000| PB 0x00000000ca900000| Untracked 
| 170|0x00000000caa00000, 0x00000000caa00000, 0x00000000cab00000|  0%| F|  |TAMS 0x00000000caa00000| PB 0x00000000caa00000| Untracked 
| 171|0x00000000cab00000, 0x00000000cab00000, 0x00000000cac00000|  0%| F|  |TAMS 0x00000000cab00000| PB 0x00000000cab00000| Untracked 
| 172|0x00000000cac00000, 0x00000000cac00000, 0x00000000cad00000|  0%| F|  |TAMS 0x00000000cac00000| PB 0x00000000cac00000| Untracked 
| 173|0x00000000cad00000, 0x00000000cad00000, 0x00000000cae00000|  0%| F|  |TAMS 0x00000000cad00000| PB 0x00000000cad00000| Untracked 
| 174|0x00000000cae00000, 0x00000000cae00000, 0x00000000caf00000|  0%| F|  |TAMS 0x00000000cae00000| PB 0x00000000cae00000| Untracked 
| 175|0x00000000caf00000, 0x00000000caf00000, 0x00000000cb000000|  0%| F|  |TAMS 0x00000000caf00000| PB 0x00000000caf00000| Untracked 
| 176|0x00000000cb000000, 0x00000000cb000000, 0x00000000cb100000|  0%| F|  |TAMS 0x00000000cb000000| PB 0x00000000cb000000| Untracked 
| 177|0x00000000cb100000, 0x00000000cb100000, 0x00000000cb200000|  0%| F|  |TAMS 0x00000000cb100000| PB 0x00000000cb100000| Untracked 
| 178|0x00000000cb200000, 0x00000000cb200000, 0x00000000cb300000|  0%| F|  |TAMS 0x00000000cb200000| PB 0x00000000cb200000| Untracked 
| 179|0x00000000cb300000, 0x00000000cb300000, 0x00000000cb400000|  0%| F|  |TAMS 0x00000000cb300000| PB 0x00000000cb300000| Untracked 
| 180|0x00000000cb400000, 0x00000000cb400000, 0x00000000cb500000|  0%| F|  |TAMS 0x00000000cb400000| PB 0x00000000cb400000| Untracked 
| 181|0x00000000cb500000, 0x00000000cb500000, 0x00000000cb600000|  0%| F|  |TAMS 0x00000000cb500000| PB 0x00000000cb500000| Untracked 
| 182|0x00000000cb600000, 0x00000000cb600000, 0x00000000cb700000|  0%| F|  |TAMS 0x00000000cb600000| PB 0x00000000cb600000| Untracked 
| 183|0x00000000cb700000, 0x00000000cb700000, 0x00000000cb800000|  0%| F|  |TAMS 0x00000000cb700000| PB 0x00000000cb700000| Untracked 
| 184|0x00000000cb800000, 0x00000000cb800000, 0x00000000cb900000|  0%| F|  |TAMS 0x00000000cb800000| PB 0x00000000cb800000| Untracked 
| 185|0x00000000cb900000, 0x00000000cb900000, 0x00000000cba00000|  0%| F|  |TAMS 0x00000000cb900000| PB 0x00000000cb900000| Untracked 
| 186|0x00000000cba00000, 0x00000000cba00000, 0x00000000cbb00000|  0%| F|  |TAMS 0x00000000cba00000| PB 0x00000000cba00000| Untracked 
| 187|0x00000000cbb00000, 0x00000000cbb00000, 0x00000000cbc00000|  0%| F|  |TAMS 0x00000000cbb00000| PB 0x00000000cbb00000| Untracked 
| 188|0x00000000cbc00000, 0x00000000cbc00000, 0x00000000cbd00000|  0%| F|  |TAMS 0x00000000cbc00000| PB 0x00000000cbc00000| Untracked 
| 189|0x00000000cbd00000, 0x00000000cbd00000, 0x00000000cbe00000|  0%| F|  |TAMS 0x00000000cbd00000| PB 0x00000000cbd00000| Untracked 
| 190|0x00000000cbe00000, 0x00000000cbe00000, 0x00000000cbf00000|  0%| F|  |TAMS 0x00000000cbe00000| PB 0x00000000cbe00000| Untracked 
| 191|0x00000000cbf00000, 0x00000000cbf00000, 0x00000000cc000000|  0%| F|  |TAMS 0x00000000cbf00000| PB 0x00000000cbf00000| Untracked 
| 192|0x00000000cc000000, 0x00000000cc000000, 0x00000000cc100000|  0%| F|  |TAMS 0x00000000cc000000| PB 0x00000000cc000000| Untracked 
| 193|0x00000000cc100000, 0x00000000cc100000, 0x00000000cc200000|  0%| F|  |TAMS 0x00000000cc100000| PB 0x00000000cc100000| Untracked 
| 194|0x00000000cc200000, 0x00000000cc200000, 0x00000000cc300000|  0%| F|  |TAMS 0x00000000cc200000| PB 0x00000000cc200000| Untracked 
| 195|0x00000000cc300000, 0x00000000cc300000, 0x00000000cc400000|  0%| F|  |TAMS 0x00000000cc300000| PB 0x00000000cc300000| Untracked 
| 196|0x00000000cc400000, 0x00000000cc400000, 0x00000000cc500000|  0%| F|  |TAMS 0x00000000cc400000| PB 0x00000000cc400000| Untracked 
| 197|0x00000000cc500000, 0x00000000cc500000, 0x00000000cc600000|  0%| F|  |TAMS 0x00000000cc500000| PB 0x00000000cc500000| Untracked 
| 198|0x00000000cc600000, 0x00000000cc600000, 0x00000000cc700000|  0%| F|  |TAMS 0x00000000cc600000| PB 0x00000000cc600000| Untracked 
| 199|0x00000000cc700000, 0x00000000cc700000, 0x00000000cc800000|  0%| F|  |TAMS 0x00000000cc700000| PB 0x00000000cc700000| Untracked 
| 200|0x00000000cc800000, 0x00000000cc800000, 0x00000000cc900000|  0%| F|  |TAMS 0x00000000cc800000| PB 0x00000000cc800000| Untracked 
| 201|0x00000000cc900000, 0x00000000cc900000, 0x00000000cca00000|  0%| F|  |TAMS 0x00000000cc900000| PB 0x00000000cc900000| Untracked 
| 202|0x00000000cca00000, 0x00000000cca00000, 0x00000000ccb00000|  0%| F|  |TAMS 0x00000000cca00000| PB 0x00000000cca00000| Untracked 
| 203|0x00000000ccb00000, 0x00000000ccb00000, 0x00000000ccc00000|  0%| F|  |TAMS 0x00000000ccb00000| PB 0x00000000ccb00000| Untracked 
| 204|0x00000000ccc00000, 0x00000000ccc00000, 0x00000000ccd00000|  0%| F|  |TAMS 0x00000000ccc00000| PB 0x00000000ccc00000| Untracked 
| 205|0x00000000ccd00000, 0x00000000ccd00000, 0x00000000cce00000|  0%| F|  |TAMS 0x00000000ccd00000| PB 0x00000000ccd00000| Untracked 
| 206|0x00000000cce00000, 0x00000000cce00000, 0x00000000ccf00000|  0%| F|  |TAMS 0x00000000cce00000| PB 0x00000000cce00000| Untracked 
| 207|0x00000000ccf00000, 0x00000000ccf00000, 0x00000000cd000000|  0%| F|  |TAMS 0x00000000ccf00000| PB 0x00000000ccf00000| Untracked 
| 208|0x00000000cd000000, 0x00000000cd000000, 0x00000000cd100000|  0%| F|  |TAMS 0x00000000cd000000| PB 0x00000000cd000000| Untracked 
| 209|0x00000000cd100000, 0x00000000cd100000, 0x00000000cd200000|  0%| F|  |TAMS 0x00000000cd100000| PB 0x00000000cd100000| Untracked 
| 210|0x00000000cd200000, 0x00000000cd200000, 0x00000000cd300000|  0%| F|  |TAMS 0x00000000cd200000| PB 0x00000000cd200000| Untracked 
| 211|0x00000000cd300000, 0x00000000cd300000, 0x00000000cd400000|  0%| F|  |TAMS 0x00000000cd300000| PB 0x00000000cd300000| Untracked 
| 212|0x00000000cd400000, 0x00000000cd400000, 0x00000000cd500000|  0%| F|  |TAMS 0x00000000cd400000| PB 0x00000000cd400000| Untracked 
| 213|0x00000000cd500000, 0x00000000cd500000, 0x00000000cd600000|  0%| F|  |TAMS 0x00000000cd500000| PB 0x00000000cd500000| Untracked 
| 214|0x00000000cd600000, 0x00000000cd600000, 0x00000000cd700000|  0%| F|  |TAMS 0x00000000cd600000| PB 0x00000000cd600000| Untracked 
| 215|0x00000000cd700000, 0x00000000cd700000, 0x00000000cd800000|  0%| F|  |TAMS 0x00000000cd700000| PB 0x00000000cd700000| Untracked 
| 216|0x00000000cd800000, 0x00000000cd800000, 0x00000000cd900000|  0%| F|  |TAMS 0x00000000cd800000| PB 0x00000000cd800000| Untracked 
| 217|0x00000000cd900000, 0x00000000cd900000, 0x00000000cda00000|  0%| F|  |TAMS 0x00000000cd900000| PB 0x00000000cd900000| Untracked 
| 218|0x00000000cda00000, 0x00000000cda00000, 0x00000000cdb00000|  0%| F|  |TAMS 0x00000000cda00000| PB 0x00000000cda00000| Untracked 
| 219|0x00000000cdb00000, 0x00000000cdb00000, 0x00000000cdc00000|  0%| F|  |TAMS 0x00000000cdb00000| PB 0x00000000cdb00000| Untracked 
| 220|0x00000000cdc00000, 0x00000000cdc00000, 0x00000000cdd00000|  0%| F|  |TAMS 0x00000000cdc00000| PB 0x00000000cdc00000| Untracked 
| 221|0x00000000cdd00000, 0x00000000cdd00000, 0x00000000cde00000|  0%| F|  |TAMS 0x00000000cdd00000| PB 0x00000000cdd00000| Untracked 
| 222|0x00000000cde00000, 0x00000000cde00000, 0x00000000cdf00000|  0%| F|  |TAMS 0x00000000cde00000| PB 0x00000000cde00000| Untracked 
| 223|0x00000000cdf00000, 0x00000000cdf00000, 0x00000000ce000000|  0%| F|  |TAMS 0x00000000cdf00000| PB 0x00000000cdf00000| Untracked 
| 224|0x00000000ce000000, 0x00000000ce000000, 0x00000000ce100000|  0%| F|  |TAMS 0x00000000ce000000| PB 0x00000000ce000000| Untracked 
| 225|0x00000000ce100000, 0x00000000ce100000, 0x00000000ce200000|  0%| F|  |TAMS 0x00000000ce100000| PB 0x00000000ce100000| Untracked 
| 226|0x00000000ce200000, 0x00000000ce200000, 0x00000000ce300000|  0%| F|  |TAMS 0x00000000ce200000| PB 0x00000000ce200000| Untracked 
| 227|0x00000000ce300000, 0x00000000ce300000, 0x00000000ce400000|  0%| F|  |TAMS 0x00000000ce300000| PB 0x00000000ce300000| Untracked 
| 228|0x00000000ce400000, 0x00000000ce400000, 0x00000000ce500000|  0%| F|  |TAMS 0x00000000ce400000| PB 0x00000000ce400000| Untracked 
| 229|0x00000000ce500000, 0x00000000ce500000, 0x00000000ce600000|  0%| F|  |TAMS 0x00000000ce500000| PB 0x00000000ce500000| Untracked 
| 230|0x00000000ce600000, 0x00000000ce600000, 0x00000000ce700000|  0%| F|  |TAMS 0x00000000ce600000| PB 0x00000000ce600000| Untracked 
| 231|0x00000000ce700000, 0x00000000ce700000, 0x00000000ce800000|  0%| F|  |TAMS 0x00000000ce700000| PB 0x00000000ce700000| Untracked 
| 232|0x00000000ce800000, 0x00000000ce800000, 0x00000000ce900000|  0%| F|  |TAMS 0x00000000ce800000| PB 0x00000000ce800000| Untracked 
| 233|0x00000000ce900000, 0x00000000ce900000, 0x00000000cea00000|  0%| F|  |TAMS 0x00000000ce900000| PB 0x00000000ce900000| Untracked 
| 234|0x00000000cea00000, 0x00000000cea00000, 0x00000000ceb00000|  0%| F|  |TAMS 0x00000000cea00000| PB 0x00000000cea00000| Untracked 
| 235|0x00000000ceb00000, 0x00000000ceb80000, 0x00000000cec00000| 50%| E|  |TAMS 0x00000000ceb00000| PB 0x00000000ceb00000| Complete 
| 236|0x00000000cec00000, 0x00000000ced00000, 0x00000000ced00000|100%| E|CS|TAMS 0x00000000cec00000| PB 0x00000000cec00000| Complete 
| 237|0x00000000ced00000, 0x00000000cee00000, 0x00000000cee00000|100%| E|CS|TAMS 0x00000000ced00000| PB 0x00000000ced00000| Complete 
| 238|0x00000000cee00000, 0x00000000cef00000, 0x00000000cef00000|100%| E|CS|TAMS 0x00000000cee00000| PB 0x00000000cee00000| Complete 
| 239|0x00000000cef00000, 0x00000000cf000000, 0x00000000cf000000|100%| E|CS|TAMS 0x00000000cef00000| PB 0x00000000cef00000| Complete 
|1014|0x00000000ff600000, 0x00000000ff700000, 0x00000000ff700000|100%| E|CS|TAMS 0x00000000ff600000| PB 0x00000000ff600000| Complete 
|1015|0x00000000ff700000, 0x00000000ff800000, 0x00000000ff800000|100%| O|  |TAMS 0x00000000ff700000| PB 0x00000000ff700000| Untracked 
|1016|0x00000000ff800000, 0x00000000ff900000, 0x00000000ff900000|100%| E|CS|TAMS 0x00000000ff800000| PB 0x00000000ff800000| Complete 
|1017|0x00000000ff900000, 0x00000000ffa00000, 0x00000000ffa00000|100%| E|CS|TAMS 0x00000000ff900000| PB 0x00000000ff900000| Complete 
|1018|0x00000000ffa00000, 0x00000000ffb00000, 0x00000000ffb00000|100%| O|  |TAMS 0x00000000ffa00000| PB 0x00000000ffa00000| Untracked 
|1019|0x00000000ffb00000, 0x00000000ffc00000, 0x00000000ffc00000|100%| O|  |TAMS 0x00000000ffb00000| PB 0x00000000ffb00000| Untracked 
|1020|0x00000000ffc00000, 0x00000000ffd00000, 0x00000000ffd00000|100%| O|  |TAMS 0x00000000ffc00000| PB 0x00000000ffc00000| Untracked 
|1021|0x00000000ffd00000, 0x00000000ffe00000, 0x00000000ffe00000|100%| O|  |TAMS 0x00000000ffd00000| PB 0x00000000ffd00000| Untracked 
|1022|0x00000000ffe00000, 0x00000000fff00000, 0x00000000fff00000|100%| O|  |TAMS 0x00000000ffe00000| PB 0x00000000ffe00000| Untracked 
|1023|0x00000000fff00000, 0x0000000100000000, 0x0000000100000000|100%| O|  |TAMS 0x00000000fff00000| PB 0x00000000fff00000| Untracked 

Card table byte_map: [0x0000023716ff0000,0x00000237171f0000] _byte_map_base: 0x00000237169f0000

Marking Bits: (CMBitMap*) 0x0000023704993990
 Bits: [0x00000237171f0000, 0x00000237181f0000)

Polling page: 0x00000237027c0000

Metaspace:

Usage:
  Non-class:     60.90 MB used.
      Class:      9.65 MB used.
       Both:     70.55 MB used.

Virtual space:
  Non-class space:       64.00 MB reserved,      61.69 MB ( 96%) committed,  1 nodes.
      Class space:        1.00 GB reserved,      10.44 MB (  1%) committed,  1 nodes.
             Both:        1.06 GB reserved,      72.12 MB (  7%) committed. 

Chunk freelists:
   Non-Class:  2.02 MB
       Class:  5.54 MB
        Both:  7.55 MB

MaxMetaspaceSize: unlimited
CompressedClassSpaceSize: 1.00 GB
Initial GC threshold: 21.00 MB
Current GC threshold: 120.00 MB
CDS: off
 - commit_granule_bytes: 65536.
 - commit_granule_words: 8192.
 - virtual_space_node_default_size: 8388608.
 - enlarge_chunks_in_place: 1.
 - use_allocation_guard: 0.


Internal statistics:

num_allocs_failed_limit: 3.
num_arena_births: 2996.
num_arena_deaths: 0.
num_vsnodes_births: 2.
num_vsnodes_deaths: 0.
num_space_committed: 1154.
num_space_uncommitted: 0.
num_chunks_returned_to_freelist: 3.
num_chunks_taken_from_freelist: 5743.
num_chunk_merges: 3.
num_chunk_splits: 3693.
num_chunks_enlarged: 2216.
num_inconsistent_stats: 0.

CodeHeap 'non-profiled nmethods': size=120000Kb used=6370Kb max_used=6370Kb free=113630Kb
 bounds [0x000002370f590000, 0x000002370fbe0000, 0x0000023716ac0000]
CodeHeap 'profiled nmethods': size=120000Kb used=14381Kb max_used=15904Kb free=105618Kb
 bounds [0x0000023707ac0000, 0x0000023708aa0000, 0x000002370eff0000]
CodeHeap 'non-nmethods': size=5760Kb used=2642Kb max_used=2736Kb free=3117Kb
 bounds [0x000002370eff0000, 0x000002370f2a0000, 0x000002370f590000]
CodeCache: size=245760Kb, used=23393Kb, max_used=25010Kb, free=222365Kb
 total_blobs=9245, nmethods=8324, adapters=824, full_count=0
Compilation: enabled, stopped_count=0, restarted_count=0

Compilation events (20 events):
Event: 52.992 Thread 0x000002371f05cd20 10716       3       org.gradle.model.internal.asm.MethodVisitorScope::_DUP (7 bytes)
Event: 52.992 Thread 0x000002371f05cd20 nmethod 10716 0x0000023708657f10 code [0x00000237086580c0, 0x0000023708658328]
Event: 53.027 Thread 0x000002371f05cd20 10718       3       org.gradle.internal.lazy.UnsafeLazy::get (30 bytes)
Event: 53.028 Thread 0x000002371f05cd20 nmethod 10718 0x0000023708188010 code [0x00000237081881c0, 0x0000023708188440]
Event: 53.395 Thread 0x000002371f05cd20 10721       3       java.util.stream.ReferencePipeline::flatMap (30 bytes)
Event: 53.396 Thread 0x000002371f05cd20 nmethod 10721 0x000002370828b610 code [0x000002370828b800, 0x000002370828bcb8]
Event: 53.396 Thread 0x000002371f05cd20 10722       3       java.util.stream.ReferencePipeline$7::<init> (15 bytes)
Event: 53.396 Thread 0x000002371f05cd20 nmethod 10722 0x0000023708815890 code [0x0000023708815a60, 0x0000023708815ce0]
Event: 53.396 Thread 0x000002371f05cd20 10723       3       java.util.stream.ReferencePipeline$7::opWrapSink (10 bytes)
Event: 53.397 Thread 0x000002371f05cd20 nmethod 10723 0x00000237081c4f10 code [0x00000237081c5100, 0x00000237081c5688]
Event: 53.397 Thread 0x000002371f05cd20 10724       3       java.util.stream.ReferencePipeline$7$1::<init> (11 bytes)
Event: 53.398 Thread 0x000002371f05cd20 nmethod 10724 0x00000237087fc390 code [0x00000237087fc580, 0x00000237087fca48]
Event: 53.398 Thread 0x000002371f05cd20 10725       3       java.util.stream.ReferencePipeline$7$1::begin (13 bytes)
Event: 53.398 Thread 0x000002371f05cd20 nmethod 10725 0x0000023708187b90 code [0x0000023708187d40, 0x0000023708187f18]
Event: 53.422 Thread 0x000002371f05cd20 10726       3       org.objectweb.asm.tree.Util::asArrayList (32 bytes)
Event: 53.423 Thread 0x000002371f05cd20 nmethod 10726 0x0000023707d1fa90 code [0x0000023707d1fc80, 0x0000023707d20228]
Event: 54.292 Thread 0x000002371f05cd20 10727       3       java.util.stream.FindOps$FindSink::accept (18 bytes)
Event: 54.292 Thread 0x000002371f05cd20 nmethod 10727 0x0000023708000590 code [0x0000023708000740, 0x00000237080008d0]
Event: 54.761 Thread 0x000002371f05cd20 10728       3       com.esotericsoftware.kryo.io.Output::writeByte (36 bytes)
Event: 54.762 Thread 0x000002371f05cd20 nmethod 10728 0x0000023708968090 code [0x0000023708968240, 0x0000023708968420]

GC Heap History (20 events):
Event: 49.597 GC heap before
{Heap before GC invocations=79 (full 0):
 garbage-first heap   total 155648K, used 145838K [0x00000000c0000000, 0x0000000100000000)
  region size 1024K, 55 young (56320K), 3 survivors (3072K)
 Metaspace       used 72183K, committed 73856K, reserved 1114112K
  class space    used 9881K, committed 10688K, reserved 1048576K
}
Event: 49.606 GC heap after
{Heap after GC invocations=80 (full 0):
 garbage-first heap   total 155648K, used 93330K [0x00000000c0000000, 0x0000000100000000)
  region size 1024K, 4 young (4096K), 4 survivors (4096K)
 Metaspace       used 72183K, committed 73856K, reserved 1114112K
  class space    used 9881K, committed 10688K, reserved 1048576K
}
Event: 49.813 GC heap before
{Heap before GC invocations=81 (full 0):
 garbage-first heap   total 157696K, used 145554K [0x00000000c0000000, 0x0000000100000000)
  region size 1024K, 56 young (57344K), 4 survivors (4096K)
 Metaspace       used 72183K, committed 73856K, reserved 1114112K
  class space    used 9881K, committed 10688K, reserved 1048576K
}
Event: 49.817 GC heap after
{Heap after GC invocations=82 (full 0):
 garbage-first heap   total 157696K, used 93437K [0x00000000c0000000, 0x0000000100000000)
  region size 1024K, 4 young (4096K), 4 survivors (4096K)
 Metaspace       used 72183K, committed 73856K, reserved 1114112K
  class space    used 9881K, committed 10688K, reserved 1048576K
}
Event: 50.047 GC heap before
{Heap before GC invocations=82 (full 0):
 garbage-first heap   total 157696K, used 147709K [0x00000000c0000000, 0x0000000100000000)
  region size 1024K, 57 young (58368K), 4 survivors (4096K)
 Metaspace       used 72189K, committed 73856K, reserved 1114112K
  class space    used 9881K, committed 10688K, reserved 1048576K
}
Event: 50.052 GC heap after
{Heap after GC invocations=83 (full 0):
 garbage-first heap   total 157696K, used 93589K [0x00000000c0000000, 0x0000000100000000)
  region size 1024K, 4 young (4096K), 4 survivors (4096K)
 Metaspace       used 72189K, committed 73856K, reserved 1114112K
  class space    used 9881K, committed 10688K, reserved 1048576K
}
Event: 50.124 GC heap before
{Heap before GC invocations=83 (full 0):
 garbage-first heap   total 157696K, used 146837K [0x00000000c0000000, 0x0000000100000000)
  region size 1024K, 57 young (58368K), 4 survivors (4096K)
 Metaspace       used 72189K, committed 73856K, reserved 1114112K
  class space    used 9881K, committed 10688K, reserved 1048576K
}
Event: 50.129 GC heap after
{Heap after GC invocations=84 (full 0):
 garbage-first heap   total 157696K, used 94055K [0x00000000c0000000, 0x0000000100000000)
  region size 1024K, 5 young (5120K), 5 survivors (5120K)
 Metaspace       used 72189K, committed 73856K, reserved 1114112K
  class space    used 9881K, committed 10688K, reserved 1048576K
}
Event: 50.349 GC heap before
{Heap before GC invocations=85 (full 0):
 garbage-first heap   total 158720K, used 147303K [0x00000000c0000000, 0x0000000100000000)
  region size 1024K, 57 young (58368K), 5 survivors (5120K)
 Metaspace       used 72189K, committed 73856K, reserved 1114112K
  class space    used 9881K, committed 10688K, reserved 1048576K
}
Event: 50.360 GC heap after
{Heap after GC invocations=86 (full 0):
 garbage-first heap   total 158720K, used 94089K [0x00000000c0000000, 0x0000000100000000)
  region size 1024K, 5 young (5120K), 5 survivors (5120K)
 Metaspace       used 72189K, committed 73856K, reserved 1114112K
  class space    used 9881K, committed 10688K, reserved 1048576K
}
Event: 50.677 GC heap before
{Heap before GC invocations=86 (full 0):
 garbage-first heap   total 158720K, used 147337K [0x00000000c0000000, 0x0000000100000000)
  region size 1024K, 58 young (59392K), 5 survivors (5120K)
 Metaspace       used 72190K, committed 73856K, reserved 1114112K
  class space    used 9881K, committed 10688K, reserved 1048576K
}
Event: 50.684 GC heap after
{Heap after GC invocations=87 (full 0):
 garbage-first heap   total 256000K, used 94780K [0x00000000c0000000, 0x0000000100000000)
  region size 1024K, 5 young (5120K), 5 survivors (5120K)
 Metaspace       used 72190K, committed 73856K, reserved 1114112K
  class space    used 9881K, committed 10688K, reserved 1048576K
}
Event: 51.967 GC heap before
{Heap before GC invocations=87 (full 0):
 garbage-first heap   total 256000K, used 241212K [0x00000000c0000000, 0x0000000100000000)
  region size 1024K, 149 young (152576K), 5 survivors (5120K)
 Metaspace       used 72190K, committed 73856K, reserved 1114112K
  class space    used 9881K, committed 10688K, reserved 1048576K
}
Event: 51.974 GC heap after
{Heap after GC invocations=88 (full 0):
 garbage-first heap   total 256000K, used 96029K [0x00000000c0000000, 0x0000000100000000)
  region size 1024K, 7 young (7168K), 7 survivors (7168K)
 Metaspace       used 72190K, committed 73856K, reserved 1114112K
  class space    used 9881K, committed 10688K, reserved 1048576K
}
Event: 52.765 GC heap before
{Heap before GC invocations=88 (full 0):
 garbage-first heap   total 256000K, used 241437K [0x00000000c0000000, 0x0000000100000000)
  region size 1024K, 150 young (153600K), 7 survivors (7168K)
 Metaspace       used 72207K, committed 73856K, reserved 1114112K
  class space    used 9881K, committed 10688K, reserved 1048576K
}
Event: 52.770 GC heap after
{Heap after GC invocations=89 (full 0):
 garbage-first heap   total 256000K, used 97477K [0x00000000c0000000, 0x0000000100000000)
  region size 1024K, 8 young (8192K), 8 survivors (8192K)
 Metaspace       used 72207K, committed 73856K, reserved 1114112K
  class space    used 9881K, committed 10688K, reserved 1048576K
}
Event: 53.125 GC heap before
{Heap before GC invocations=89 (full 0):
 garbage-first heap   total 256000K, used 240837K [0x00000000c0000000, 0x0000000100000000)
  region size 1024K, 149 young (152576K), 8 survivors (8192K)
 Metaspace       used 72217K, committed 73856K, reserved 1114112K
  class space    used 9881K, committed 10688K, reserved 1048576K
}
Event: 53.131 GC heap after
{Heap after GC invocations=90 (full 0):
 garbage-first heap   total 256000K, used 97979K [0x00000000c0000000, 0x0000000100000000)
  region size 1024K, 8 young (8192K), 8 survivors (8192K)
 Metaspace       used 72217K, committed 73856K, reserved 1114112K
  class space    used 9881K, committed 10688K, reserved 1048576K
}
Event: 53.789 GC heap before
{Heap before GC invocations=91 (full 0):
 garbage-first heap   total 256000K, used 241339K [0x00000000c0000000, 0x0000000100000000)
  region size 1024K, 148 young (151552K), 8 survivors (8192K)
 Metaspace       used 72219K, committed 73856K, reserved 1114112K
  class space    used 9881K, committed 10688K, reserved 1048576K
}
Event: 53.796 GC heap after
{Heap after GC invocations=92 (full 0):
 garbage-first heap   total 256000K, used 99215K [0x00000000c0000000, 0x0000000100000000)
  region size 1024K, 9 young (9216K), 9 survivors (9216K)
 Metaspace       used 72219K, committed 73856K, reserved 1114112K
  class space    used 9881K, committed 10688K, reserved 1048576K
}

Dll operation events (3 events):
Event: 0.024 Loaded shared library C:\Program Files\Android\Android Studio\jbr\bin\java.dll
Event: 0.035 Loaded shared library C:\Program Files\Android\Android Studio\jbr\bin\zip.dll
Event: 1.078 Loaded shared library C:\Program Files\Android\Android Studio\jbr\bin\verify.dll

Deoptimization events (20 events):
Event: 52.781 Thread 0x000002371fdcbb20 Uncommon trap: trap_request=0xffffff45 fr.pc=0x000002370f7f9d7c relative=0x000000000000033c
Event: 52.781 Thread 0x000002371fdcbb20 Uncommon trap: reason=unstable_if action=reinterpret pc=0x000002370f7f9d7c method=org.gradle.internal.classpath.CallInterceptionClosureInstrumentingClassVisitor.interfacesWithInstrumentableClosure([Ljava/lang/String;Z)[Ljava/lang/String; @ 1 c2
Event: 52.781 Thread 0x000002371fdcbb20 DEOPT PACKING pc=0x000002370f7f9d7c sp=0x000000e6b96fbac0
Event: 52.781 Thread 0x000002371fdcbb20 DEOPT UNPACKING pc=0x000002370f0443a2 sp=0x000000e6b96fb9e8 mode 2
Event: 52.781 Thread 0x000002371fdcbb20 Uncommon trap: trap_request=0xffffff45 fr.pc=0x000002370fa7bdc8 relative=0x00000000000000a8
Event: 52.781 Thread 0x000002371fdcbb20 Uncommon trap: reason=unstable_if action=reinterpret pc=0x000002370fa7bdc8 method=org.gradle.internal.classpath.CallInterceptionClosureInstrumentingClassVisitor.visitMethod(ILjava/lang/String;Ljava/lang/String;Ljava/lang/String;[Ljava/lang/String;)Lorg/ob
Event: 52.781 Thread 0x000002371fdcbb20 DEOPT PACKING pc=0x000002370fa7bdc8 sp=0x000000e6b96fb920
Event: 52.781 Thread 0x000002371fdcbb20 DEOPT UNPACKING pc=0x000002370f0443a2 sp=0x000000e6b96fb8a0 mode 2
Event: 52.781 Thread 0x000002371fdcbb20 Uncommon trap: trap_request=0xffffff45 fr.pc=0x000002370fa4b12c relative=0x000000000000008c
Event: 52.781 Thread 0x000002371fdcbb20 Uncommon trap: reason=unstable_if action=reinterpret pc=0x000002370fa4b12c method=org.gradle.internal.classpath.CallInterceptionClosureInstrumentingClassVisitor.visitEnd()V @ 4 c2
Event: 52.781 Thread 0x000002371fdcbb20 DEOPT PACKING pc=0x000002370fa4b12c sp=0x000000e6b96fbb00
Event: 52.781 Thread 0x000002371fdcbb20 DEOPT UNPACKING pc=0x000002370f0443a2 sp=0x000000e6b96fba70 mode 2
Event: 52.784 Thread 0x000002371fdcbb20 Uncommon trap: trap_request=0xffffffde fr.pc=0x000002370fb72930 relative=0x0000000000008b10
Event: 52.784 Thread 0x000002371fdcbb20 Uncommon trap: reason=class_check action=maybe_recompile pc=0x000002370fb72930 method=org.objectweb.asm.ClassReader.accept(Lorg/objectweb/asm/ClassVisitor;[Lorg/objectweb/asm/Attribute;I)V @ 821 c2
Event: 52.784 Thread 0x000002371fdcbb20 DEOPT PACKING pc=0x000002370fb72930 sp=0x000000e6b96fb2a0
Event: 52.784 Thread 0x000002371fdcbb20 DEOPT UNPACKING pc=0x000002370f0443a2 sp=0x000000e6b96fb280 mode 2
Event: 52.970 Thread 0x000002371fdc93c0 Uncommon trap: trap_request=0xffffffde fr.pc=0x000002370fb72ef8 relative=0x00000000000090d8
Event: 52.970 Thread 0x000002371fdc93c0 Uncommon trap: reason=class_check action=maybe_recompile pc=0x000002370fb72ef8 method=org.objectweb.asm.ClassReader.accept(Lorg/objectweb/asm/ClassVisitor;[Lorg/objectweb/asm/Attribute;I)V @ 736 c2
Event: 52.970 Thread 0x000002371fdc93c0 DEOPT PACKING pc=0x000002370fb72ef8 sp=0x000000e6b9afb260
Event: 52.970 Thread 0x000002371fdc93c0 DEOPT UNPACKING pc=0x000002370f0443a2 sp=0x000000e6b9afb250 mode 2

Classes loaded (20 events):
Event: 20.931 Loading class java/io/SequenceInputStream
Event: 20.939 Loading class java/io/SequenceInputStream done
Event: 20.940 Loading class java/util/zip/GZIPInputStream$1
Event: 20.940 Loading class java/util/zip/GZIPInputStream$1 done
Event: 28.644 Loading class sun/security/ssl/PreSharedKeyExtension$PskIdentity
Event: 28.644 Loading class sun/security/ssl/PreSharedKeyExtension$PskIdentity done
Event: 28.645 Loading class sun/security/ssl/PreSharedKeyExtension$CHPreSharedKeySpec
Event: 28.646 Loading class sun/security/ssl/PreSharedKeyExtension$CHPreSharedKeySpec done
Event: 28.646 Loading class sun/security/ssl/PreSharedKeyExtension$PartialClientHelloMessage
Event: 28.646 Loading class sun/security/ssl/PreSharedKeyExtension$PartialClientHelloMessage done
Event: 28.646 Loading class sun/security/ssl/SSLEngineOutputRecord
Event: 28.649 Loading class sun/security/ssl/SSLEngineOutputRecord done
Event: 28.654 Loading class sun/security/ssl/SSLEngineOutputRecord$HandshakeFragment
Event: 28.655 Loading class sun/security/ssl/SSLEngineOutputRecord$HandshakeFragment done
Event: 28.655 Loading class sun/security/ssl/SSLEngineOutputRecord$HandshakeMemo
Event: 28.655 Loading class sun/security/ssl/SSLEngineOutputRecord$RecordMemo
Event: 28.655 Loading class sun/security/ssl/SSLEngineOutputRecord$RecordMemo done
Event: 28.655 Loading class sun/security/ssl/SSLEngineOutputRecord$HandshakeMemo done
Event: 28.805 Loading class sun/security/ssl/PreSharedKeyExtension$SHPreSharedKeySpec
Event: 28.805 Loading class sun/security/ssl/PreSharedKeyExtension$SHPreSharedKeySpec done

Classes unloaded (0 events):
No events

Classes redefined (0 events):
No events

Internal exceptions (20 events):
Event: 52.197 Thread 0x000002371fdcae00 Exception <a 'sun/nio/fs/WindowsException'{0x00000000cd4b17f0}> (0x00000000cd4b17f0) 
thrown [s\src\hotspot\share\prims\jni.cpp, line 537]
Event: 52.198 Thread 0x000002371fdcae00 Exception <a 'sun/nio/fs/WindowsException'{0x00000000cd4b28d8}> (0x00000000cd4b28d8) 
thrown [s\src\hotspot\share\prims\jni.cpp, line 537]
Event: 52.206 Thread 0x000002371fdcae00 Exception <a 'sun/nio/fs/WindowsException'{0x00000000cd4b3410}> (0x00000000cd4b3410) 
thrown [s\src\hotspot\share\prims\jni.cpp, line 537]
Event: 52.210 Thread 0x000002371fdcae00 Exception <a 'sun/nio/fs/WindowsException'{0x00000000cd4b87c8}> (0x00000000cd4b87c8) 
thrown [s\src\hotspot\share\prims\jni.cpp, line 537]
Event: 52.242 Thread 0x000002371fdcb490 Exception <a 'sun/nio/fs/WindowsException'{0x00000000cc890bd8}> (0x00000000cc890bd8) 
thrown [s\src\hotspot\share\prims\jni.cpp, line 537]
Event: 52.242 Thread 0x000002371fdcb490 Exception <a 'sun/nio/fs/WindowsException'{0x00000000cc8917d8}> (0x00000000cc8917d8) 
thrown [s\src\hotspot\share\prims\jni.cpp, line 537]
Event: 52.242 Thread 0x000002371fdcb490 Exception <a 'sun/nio/fs/WindowsException'{0x00000000cc892618}> (0x00000000cc892618) 
thrown [s\src\hotspot\share\prims\jni.cpp, line 537]
Event: 52.244 Thread 0x000002371fdcb490 Exception <a 'sun/nio/fs/WindowsException'{0x00000000cc8935a8}> (0x00000000cc8935a8) 
thrown [s\src\hotspot\share\prims\jni.cpp, line 537]
Event: 52.249 Thread 0x000002371fdcae00 Exception <a 'sun/nio/fs/WindowsException'{0x00000000ccb10780}> (0x00000000ccb10780) 
thrown [s\src\hotspot\share\prims\jni.cpp, line 537]
Event: 52.250 Thread 0x000002371fdcae00 Exception <a 'sun/nio/fs/WindowsException'{0x00000000ccb11380}> (0x00000000ccb11380) 
thrown [s\src\hotspot\share\prims\jni.cpp, line 537]
Event: 52.250 Thread 0x000002371fdcae00 Exception <a 'sun/nio/fs/WindowsException'{0x00000000cc89fe98}> (0x00000000cc89fe98) 
thrown [s\src\hotspot\share\prims\jni.cpp, line 537]
Event: 52.251 Thread 0x000002371fdcae00 Exception <a 'sun/nio/fs/WindowsException'{0x00000000cc8a0e28}> (0x00000000cc8a0e28) 
thrown [s\src\hotspot\share\prims\jni.cpp, line 537]
Event: 52.257 Thread 0x000002371fdcae00 Exception <a 'sun/nio/fs/WindowsException'{0x00000000cc8aa158}> (0x00000000cc8aa158) 
thrown [s\src\hotspot\share\prims\jni.cpp, line 537]
Event: 52.257 Thread 0x000002371fdcb490 Exception <a 'sun/nio/fs/WindowsException'{0x00000000cc89c980}> (0x00000000cc89c980) 
thrown [s\src\hotspot\share\prims\jni.cpp, line 537]
Event: 52.257 Thread 0x000002371fdcb490 Exception <a 'sun/nio/fs/WindowsException'{0x00000000cc89d870}> (0x00000000cc89d870) 
thrown [s\src\hotspot\share\prims\jni.cpp, line 537]
Event: 52.257 Thread 0x000002371fdcae00 Exception <a 'sun/nio/fs/WindowsException'{0x00000000cc8ab048}> (0x00000000cc8ab048) 
thrown [s\src\hotspot\share\prims\jni.cpp, line 537]
Event: 52.260 Thread 0x000002371fdcae00 Exception <a 'sun/nio/fs/WindowsException'{0x00000000cc8acac0}> (0x00000000cc8acac0) 
thrown [s\src\hotspot\share\prims\jni.cpp, line 537]
Event: 52.263 Thread 0x000002371fdcb490 Exception <a 'sun/nio/fs/WindowsException'{0x00000000cc89f2f0}> (0x00000000cc89f2f0) 
thrown [s\src\hotspot\share\prims\jni.cpp, line 537]
Event: 52.351 Thread 0x000002372098b240 Exception <a 'sun/nio/fs/WindowsException'{0x00000000cda1a438}> (0x00000000cda1a438) 
thrown [s\src\hotspot\share\prims\jni.cpp, line 537]
Event: 52.442 Thread 0x000002371fdcb490 Exception <a 'sun/nio/fs/WindowsException'{0x00000000cbc07548}> (0x00000000cbc07548) 
thrown [s\src\hotspot\share\prims\jni.cpp, line 537]

ZGC Phase Switch (0 events):
No events

VM Operations (20 events):
Event: 50.334 Executing safepoint VM operation: G1CollectForAllocation (G1 Evacuation Pause) done
Event: 50.335 Executing safepoint VM operation: G1CollectForAllocation (GCLocker Initiated GC)
Event: 50.360 Executing safepoint VM operation: G1CollectForAllocation (GCLocker Initiated GC) done
Event: 50.659 Executing safepoint VM operation: G1CollectForAllocation (G1 Evacuation Pause)
Event: 50.685 Executing safepoint VM operation: G1CollectForAllocation (G1 Evacuation Pause) done
Event: 51.453 Executing safepoint VM operation: G1CollectForAllocation (G1 Evacuation Pause)
Event: 51.975 Executing safepoint VM operation: G1CollectForAllocation (G1 Evacuation Pause) done
Event: 52.763 Executing safepoint VM operation: G1CollectForAllocation (G1 Evacuation Pause)
Event: 52.763 Executing safepoint VM operation: G1CollectForAllocation (G1 Evacuation Pause) done
Event: 52.764 Executing safepoint VM operation: G1CollectForAllocation (GCLocker Initiated GC)
Event: 52.770 Executing safepoint VM operation: G1CollectForAllocation (GCLocker Initiated GC) done
Event: 53.125 Executing safepoint VM operation: G1CollectForAllocation (G1 Evacuation Pause)
Event: 53.131 Executing safepoint VM operation: G1CollectForAllocation (G1 Evacuation Pause) done
Event: 53.231 Executing safepoint VM operation: G1PauseRemark
Event: 53.242 Executing safepoint VM operation: G1PauseRemark done
Event: 53.280 Executing safepoint VM operation: G1PauseCleanup
Event: 53.280 Executing safepoint VM operation: G1PauseCleanup done
Event: 53.788 Executing safepoint VM operation: G1CollectForAllocation (G1 Evacuation Pause)
Event: 53.796 Executing safepoint VM operation: G1CollectForAllocation (G1 Evacuation Pause) done
Event: 54.796 Executing safepoint VM operation: Cleanup

Memory protections (0 events):
No events

Nmethod flushes (20 events):
Event: 50.248 Thread 0x000002371abe9500 flushing  nmethod 0x0000023707dec110
Event: 50.248 Thread 0x000002371abe9500 flushing  nmethod 0x0000023708000590
Event: 50.248 Thread 0x000002371abe9500 flushing  nmethod 0x000002370f9e7910
Event: 50.248 Thread 0x000002371abe9500 flushing  nmethod 0x00000237080fe490
Event: 50.248 Thread 0x000002371abe9500 flushing  nmethod 0x0000023708898590
Event: 50.248 Thread 0x000002371abe9500 flushing  nmethod 0x0000023708a0a390
Event: 50.248 Thread 0x000002371abe9500 flushing  nmethod 0x000002370f7fbb10
Event: 50.248 Thread 0x000002371abe9500 flushing  nmethod 0x000002370fb83c10
Event: 50.248 Thread 0x000002371abe9500 flushing  nmethod 0x0000023707f2cb10
Event: 50.248 Thread 0x000002371abe9500 flushing  nmethod 0x0000023707f8ca10
Event: 50.248 Thread 0x000002371abe9500 flushing  nmethod 0x00000237085de310
Event: 50.248 Thread 0x000002371abe9500 flushing  nmethod 0x00000237087f9c90
Event: 50.248 Thread 0x000002371abe9500 flushing  nmethod 0x00000237087fc390
Event: 50.248 Thread 0x000002371abe9500 flushing  nmethod 0x0000023707c88390
Event: 50.248 Thread 0x000002371abe9500 flushing  nmethod 0x0000023708590a10
Event: 50.248 Thread 0x000002371abe9500 flushing  nmethod 0x000002370874cd90
Event: 53.241 Thread 0x000002371abe9500 flushing  nmethod 0x0000023707bcea10
Event: 53.241 Thread 0x000002371abe9500 flushing  nmethod 0x00000237086dfb90
Event: 53.241 Thread 0x000002371abe9500 flushing  nmethod 0x0000023708a09390
Event: 53.241 Thread 0x000002371abe9500 flushing  nmethod 0x0000023708126210

Events (20 events):
Event: 16.138 Thread 0x000002371f051f40 Thread added: 0x0000023721b9d800
Event: 18.096 Thread 0x000002372098b240 Thread added: 0x0000023722a21960
Event: 19.273 Thread 0x000002372098b240 Thread added: 0x0000023722a21ff0
Event: 19.274 Thread 0x000002372098b240 Thread added: 0x000002371fdc9a50
Event: 19.274 Thread 0x000002372098b240 Thread added: 0x000002371fdcbb20
Event: 19.275 Thread 0x000002372098b240 Thread added: 0x000002371fdca0e0
Event: 19.276 Thread 0x000002372098b240 Thread added: 0x000002371fdcb490
Event: 19.276 Thread 0x000002372098b240 Thread added: 0x000002371fdcae00
Event: 19.277 Thread 0x000002372098b240 Thread added: 0x000002371fdc93c0
Event: 20.138 Thread 0x0000023721b9d800 Thread exited: 0x0000023721b9d800
Event: 20.179 Thread 0x000002371f05cd20 Thread added: 0x0000023721b9d800
Event: 36.625 Thread 0x0000023721b9d800 Thread exited: 0x0000023721b9d800
Event: 37.573 Thread 0x000002371f051f40 Thread added: 0x0000023721b9c390
Event: 43.598 Thread 0x0000023721b9c390 Thread exited: 0x0000023721b9c390
Event: 43.922 Thread 0x000002371f051f40 Thread added: 0x0000023721b9bcc0
Event: 44.108 Thread 0x0000023721b9bcc0 Thread exited: 0x0000023721b9bcc0
Event: 44.767 Thread 0x000002371f05cd20 Thread added: 0x0000023721b9d800
Event: 47.264 Thread 0x0000023721b9d800 Thread exited: 0x0000023721b9d800
Event: 52.388 Thread 0x000002371f05cd20 Thread added: 0x0000023721b9c390
Event: 52.782 Thread 0x0000023721b9c390 Thread exited: 0x0000023721b9c390


Dynamic libraries:
0x00007ff7bb4e0000 - 0x00007ff7bb4ea000 	C:\Program Files\Android\Android Studio\jbr\bin\java.exe
0x00007ffc90060000 - 0x00007ffc902c7000 	C:\WINDOWS\SYSTEM32\ntdll.dll
0x00007ffc8e620000 - 0x00007ffc8e6e9000 	C:\WINDOWS\System32\KERNEL32.DLL
0x00007ffc8d300000 - 0x00007ffc8d6f7000 	C:\WINDOWS\System32\KERNELBASE.dll
0x00007ffc8d730000 - 0x00007ffc8d87b000 	C:\WINDOWS\System32\ucrtbase.dll
0x00007ffc7e920000 - 0x00007ffc7e93b000 	C:\Program Files\Android\Android Studio\jbr\bin\VCRUNTIME140.dll
0x00007ffc03a00000 - 0x00007ffc03a18000 	C:\Program Files\Android\Android Studio\jbr\bin\jli.dll
0x00007ffc8eb90000 - 0x00007ffc8ed56000 	C:\WINDOWS\System32\USER32.dll
0x00007ffc8d700000 - 0x00007ffc8d727000 	C:\WINDOWS\System32\win32u.dll
0x00007ffc78d40000 - 0x00007ffc78fd2000 	C:\WINDOWS\WinSxS\amd64_microsoft.windows.common-controls_6595b64144ccf1df_6.0.26100.8457_none_3e0b2faee331e92d\COMCTL32.dll
0x00007ffc8f8d0000 - 0x00007ffc8f8fb000 	C:\WINDOWS\System32\GDI32.dll
0x00007ffc8eae0000 - 0x00007ffc8eb89000 	C:\WINDOWS\System32\msvcrt.dll
0x00007ffc8d880000 - 0x00007ffc8d9ac000 	C:\WINDOWS\System32\gdi32full.dll
0x00007ffc8dd30000 - 0x00007ffc8ddd3000 	C:\WINDOWS\System32\msvcp_win.dll
0x00007ffc8fe70000 - 0x00007ffc8fea2000 	C:\WINDOWS\System32\IMM32.DLL
0x00007ffc87ec0000 - 0x00007ffc87ecc000 	C:\Program Files\Android\Android Studio\jbr\bin\vcruntime140_1.dll
0x00007ffb72320000 - 0x00007ffb723ad000 	C:\Program Files\Android\Android Studio\jbr\bin\msvcp140.dll
0x00007ffba4210000 - 0x00007ffba4ea6000 	C:\Program Files\Android\Android Studio\jbr\bin\server\jvm.dll
0x00007ffc8feb0000 - 0x00007ffc8ff66000 	C:\WINDOWS\System32\ADVAPI32.dll
0x00007ffc8ff70000 - 0x00007ffc90017000 	C:\WINDOWS\System32\sechost.dll
0x00007ffc8fae0000 - 0x00007ffc8fbf8000 	C:\WINDOWS\System32\RPCRT4.dll
0x00007ffc8fde0000 - 0x00007ffc8fe60000 	C:\WINDOWS\System32\WS2_32.dll
0x00007ffc8c8f0000 - 0x00007ffc8c94e000 	C:\WINDOWS\SYSTEM32\POWRPROF.dll
0x00007ffc81d90000 - 0x00007ffc81d9b000 	C:\WINDOWS\SYSTEM32\VERSION.dll
0x00007ffc83840000 - 0x00007ffc83876000 	C:\WINDOWS\SYSTEM32\WINMM.dll
0x00007ffc8c8d0000 - 0x00007ffc8c8e4000 	C:\WINDOWS\SYSTEM32\UMPDC.dll
0x00007ffc8b820000 - 0x00007ffc8b83b000 	C:\WINDOWS\SYSTEM32\kernel.appcore.dll
0x00007ffc7ec10000 - 0x00007ffc7ec1a000 	C:\Program Files\Android\Android Studio\jbr\bin\jimage.dll
0x00007ffc8ac40000 - 0x00007ffc8ae82000 	C:\WINDOWS\SYSTEM32\DBGHELP.DLL
0x00007ffc8e6f0000 - 0x00007ffc8ea73000 	C:\WINDOWS\System32\combase.dll
0x00007ffc8f610000 - 0x00007ffc8f6e9000 	C:\WINDOWS\System32\OLEAUT32.dll
0x00007ffc5ea60000 - 0x00007ffc5ea9b000 	C:\WINDOWS\SYSTEM32\dbgcore.DLL
0x00007ffc8dbc0000 - 0x00007ffc8dc68000 	C:\WINDOWS\System32\bcryptPrimitives.dll
0x00007ffc41210000 - 0x00007ffc4121e000 	C:\Program Files\Android\Android Studio\jbr\bin\instrument.dll
0x00007ffc7e8e0000 - 0x00007ffc7e900000 	C:\Program Files\Android\Android Studio\jbr\bin\java.dll
0x00007ffc7e370000 - 0x00007ffc7e388000 	C:\Program Files\Android\Android Studio\jbr\bin\zip.dll
0x00007ffc8ed60000 - 0x00007ffc8f4ce000 	C:\WINDOWS\System32\SHELL32.dll
0x00007ffc8ca90000 - 0x00007ffc8d2fc000 	C:\WINDOWS\System32\windows.storage.dll
0x00007ffc8fc50000 - 0x00007ffc8fd46000 	C:\WINDOWS\System32\SHCORE.dll
0x00007ffc8fd50000 - 0x00007ffc8fdb6000 	C:\WINDOWS\System32\shlwapi.dll
0x00007ffc8c9b0000 - 0x00007ffc8c9d9000 	C:\WINDOWS\SYSTEM32\profapi.dll
0x00007ffc7e910000 - 0x00007ffc7e920000 	C:\Program Files\Android\Android Studio\jbr\bin\net.dll
0x00007ffc83500000 - 0x00007ffc83629000 	C:\WINDOWS\SYSTEM32\WINHTTP.dll
0x00007ffc8bd90000 - 0x00007ffc8bdfc000 	C:\WINDOWS\system32\mswsock.dll
0x00007ffc7e230000 - 0x00007ffc7e246000 	C:\Program Files\Android\Android Studio\jbr\bin\nio.dll
0x00007ffc7c7c0000 - 0x00007ffc7c7d0000 	C:\Program Files\Android\Android Studio\jbr\bin\verify.dll
0x00007ffc46ca0000 - 0x00007ffc46cc7000 	C:\Users\Principal\.gradle\native\c067742578af261105cb4f569cf0c3c89f3d7b1fecec35dd04571415982c5e48\windows-amd64\native-platform.dll
0x00007ffb71fb0000 - 0x00007ffb720f4000 	C:\Users\Principal\.gradle\native\38dada09dfb8b06ba9b0570ebf7e218e3eb74d4ef43ca46872605cf95ebc2f47\windows-amd64\native-platform-file-events.dll
0x00007ffc7e220000 - 0x00007ffc7e229000 	C:\Program Files\Android\Android Studio\jbr\bin\management.dll
0x00007ffc7e210000 - 0x00007ffc7e21b000 	C:\Program Files\Android\Android Studio\jbr\bin\management_ext.dll
0x00007ffc8e610000 - 0x00007ffc8e618000 	C:\WINDOWS\System32\PSAPI.DLL
0x00007ffc8c080000 - 0x00007ffc8c09b000 	C:\WINDOWS\SYSTEM32\CRYPTSP.dll
0x00007ffc8b780000 - 0x00007ffc8b7b9000 	C:\WINDOWS\system32\rsaenh.dll
0x00007ffc8be40000 - 0x00007ffc8be73000 	C:\WINDOWS\SYSTEM32\USERENV.dll
0x00007ffc8c980000 - 0x00007ffc8c9aa000 	C:\WINDOWS\SYSTEM32\bcrypt.dll
0x00007ffc8c070000 - 0x00007ffc8c07c000 	C:\WINDOWS\SYSTEM32\CRYPTBASE.dll
0x00007ffc8b260000 - 0x00007ffc8b292000 	C:\WINDOWS\SYSTEM32\IPHLPAPI.DLL
0x00007ffc8de00000 - 0x00007ffc8de0a000 	C:\WINDOWS\System32\NSI.dll
0x00007ffc7e800000 - 0x00007ffc7e809000 	C:\Program Files\Android\Android Studio\jbr\bin\extnet.dll
0x00007ffc15af0000 - 0x00007ffc15af8000 	C:\WINDOWS\system32\wshunix.dll
0x00007ffc8b300000 - 0x00007ffc8b432000 	C:\WINDOWS\SYSTEM32\DNSAPI.dll
0x00007ffc81400000 - 0x00007ffc8140b000 	C:\Windows\System32\rasadhlp.dll
0x00007ffc86e00000 - 0x00007ffc86e86000 	C:\WINDOWS\System32\fwpuclnt.dll

JVMTI agents:
C:\Users\Principal\.gradle\wrapper\dists\gradle-8.6-bin\afr5mpiioh2wthjmwnkmdsd5w\gradle-8.6\lib\agents\gradle-instrumentation-agent-8.6.jar path:C:\Program Files\Android\Android Studio\jbr\bin\instrument.dll, loaded, initialized, instrumentlib options:none

dbghelp: loaded successfully - version: 4.0.5 - missing functions: none
symbol engine: initialized successfully - sym options: 0x614 - pdb path: .;C:\Program Files\Android\Android Studio\jbr\bin;C:\WINDOWS\SYSTEM32;C:\WINDOWS\WinSxS\amd64_microsoft.windows.common-controls_6595b64144ccf1df_6.0.26100.8457_none_3e0b2faee331e92d;C:\Program Files\Android\Android Studio\jbr\bin\server;C:\Users\Principal\.gradle\native\c067742578af261105cb4f569cf0c3c89f3d7b1fecec35dd04571415982c5e48\windows-amd64;C:\Users\Principal\.gradle\native\38dada09dfb8b06ba9b0570ebf7e218e3eb74d4ef43ca46872605cf95ebc2f47\windows-amd64

VM Arguments:
jvm_args: --add-opens=java.base/java.util=ALL-UNNAMED --add-opens=java.base/java.lang=ALL-UNNAMED --add-opens=java.base/java.lang.invoke=ALL-UNNAMED --add-opens=java.prefs/java.util.prefs=ALL-UNNAMED --add-opens=java.base/java.nio.charset=ALL-UNNAMED --add-opens=java.base/java.net=ALL-UNNAMED --add-opens=java.base/java.util.concurrent.atomic=ALL-UNNAMED -Xmx1024m -Dfile.encoding=UTF-8 -Duser.country=ZA -Duser.language=en -Duser.variant -javaagent:C:\Users\Principal\.gradle\wrapper\dists\gradle-8.6-bin\afr5mpiioh2wthjmwnkmdsd5w\gradle-8.6\lib\agents\gradle-instrumentation-agent-8.6.jar 
java_command: org.gradle.launcher.daemon.bootstrap.GradleDaemon 8.6
java_class_path (initial): C:\Users\Principal\.gradle\wrapper\dists\gradle-8.6-bin\afr5mpiioh2wthjmwnkmdsd5w\gradle-8.6\lib\gradle-launcher-8.6.jar
Launcher Type: SUN_STANDARD

[Global flags]
     intx CICompilerCount                          = 4                                         {product} {ergonomic}
     uint ConcGCThreads                            = 2                                         {product} {ergonomic}
     uint G1ConcRefinementThreads                  = 8                                         {product} {ergonomic}
   size_t G1HeapRegionSize                         = 1048576                                   {product} {ergonomic}
    uintx GCDrainStackTargetSize                   = 64                                        {product} {ergonomic}
   size_t InitialHeapSize                          = 96468992                                  {product} {ergonomic}
   size_t MarkStackSize                            = 4194304                                   {product} {ergonomic}
   size_t MaxHeapSize                              = 1073741824                                {product} {command line}
   size_t MaxNewSize                               = 643825664                                 {product} {ergonomic}
   size_t MinHeapDeltaBytes                        = 1048576                                   {product} {ergonomic}
   size_t MinHeapSize                              = 8388608                                   {product} {ergonomic}
    uintx NonNMethodCodeHeapSize                   = 5839372                                {pd product} {ergonomic}
    uintx NonProfiledCodeHeapSize                  = 122909434                              {pd product} {ergonomic}
    uintx ProfiledCodeHeapSize                     = 122909434                              {pd product} {ergonomic}
    uintx ReservedCodeCacheSize                    = 251658240                              {pd product} {ergonomic}
     bool SegmentedCodeCache                       = true                                      {product} {ergonomic}
   size_t SoftMaxHeapSize                          = 1073741824                             {manageable} {ergonomic}
     bool UseCompressedOops                        = true                           {product lp64_product} {ergonomic}
     bool UseG1GC                                  = true                                      {product} {ergonomic}
     bool UseLargePagesIndividualAllocation        = false                                  {pd product} {ergonomic}

Logging:
Log output configuration:
 #0: stdout all=warning uptime,level,tags foldmultilines=false
 #1: stderr all=off uptime,level,tags foldmultilines=false

Release file:
JAVA_VERSION="21.0.10" 
MODULES="java.base java.compiler java.datatransfer java.xml java.prefs java.desktop java.instrument java.logging java.management java.security.sasl java.naming java.rmi java.management.rmi java.net.http java.scripting java.security.jgss java.transaction.xa java.sql java.sql.rowset java.xml.crypto java.se java.smartcardio jdk.accessibility jdk.internal.jvmstat jdk.attach jdk.charsets jdk.internal.opt jdk.zipfs jdk.compiler jdk.crypto.ec jdk.crypto.cryptoki jdk.dynalink jdk.hotspot.agent jdk.httpserver jdk.internal.ed jdk.internal.le jdk.internal.vm.ci jdk.jartool jdk.javadoc jdk.jcmd jdk.jdeps jdk.jdwp.agent jdk.jdi jdk.jfr jdk.jlink jdk.jsobject jdk.localedata jdk.management jdk.management.agent jdk.management.jfr jdk.naming.dns jdk.naming.rmi jdk.net jdk.sctp jdk.security.auth jdk.security.jgss jdk.unsupported jdk.unsupported.desktop jdk.xml.dom" 
IMPLEMENTOR="JetBrains s.r.o." 
JAVA_RUNTIME_VERSION="21.0.10+-14961533-b1163.108" 
LIBC="default" 
OS_ARCH="x86_64" 
OS_NAME="Windows" 
SOURCE=".:git:1351622c2ff2" 

Environment Variables:
PATH=C:\app\Principal\product\21c\dbhomeXE\bin;C:\Program Files (x86)\Common Files\Oracle\Java\javapath;C:\WINDOWS\system32;C:\WINDOWS;C:\WINDOWS\System32\Wbem;C:\WINDOWS\System32\WindowsPowerShell\v1.0\;C:\WINDOWS\System32\OpenSSH\;C:\Users\Principal\.local\bin;C:\Users\Principal\AppData\Local\Microsoft\WindowsApps;C:\Users\Principal\AppData\Local\Programs\Microsoft VS Code\bin;C:\Users\Principal\AppData\Local\GitHubDesktop\bin;C:\Users\Principal\AppData\Local\Programs\cursor\resources\app\bin
USERNAME=Principal
OS=Windows_NT
PROCESSOR_IDENTIFIER=AMD64 Family 23 Model 160 Stepping 0, AuthenticAMD
TMP=C:\Users\PRINCI~1\AppData\Local\Temp
TEMP=C:\Users\PRINCI~1\AppData\Local\Temp




Periodic native trim disabled

JNI global refs:
JNI global refs: 27, weak refs: 3

JNI global refs memory usage: 835, weak refs: 833

Process memory usage:
Resident Set Size: 348216K (5% of 6018300K total physical memory with 389216K free physical memory)

OOME stack traces (most recent first):
Classloader memory used:
Loader org.gradle.internal.classloader.VisitableURLClassLoader                         : 30219K
Loader bootstrap                                                                       : 28703K
Loader org.gradle.initialization.MixInLegacyTypesClassLoader                           : 10202K
Loader org.gradle.internal.classloader.VisitableURLClassLoader                         : 928K
Loader jdk.internal.loader.ClassLoaders$PlatformClassLoader                            : 817K
Loader org.gradle.internal.classloader.VisitableURLClassLoader$InstrumentingVisitableURLClassLoader: 696K
Loader jdk.internal.loader.ClassLoaders$AppClassLoader                                 : 230K
Loader jdk.internal.reflect.DelegatingClassLoader                                      : 229K
Loader org.gradle.groovy.scripts.internal.DefaultScriptCompilationHandler$ScriptClassLoader: 157K
Loader org.codehaus.groovy.runtime.callsite.CallSiteClassLoader                        : 59768B

Classes loaded by more than one classloader:
Class org.gradle.internal.IoActions                                                   : loaded 3 times (x 71B)
Class org.gradle.api.Action                                                           : loaded 3 times (x 70B)
Class org.gradle.internal.Cast                                                        : loaded 3 times (x 71B)
Class org.gradle.api.GradleException                                                  : loaded 3 times (x 82B)
Class com.google.common.collect.UnmodifiableListIterator                              : loaded 2 times (x 95B)
Class org.gradle.internal.operations.MultipleBuildOperationFailures                   : loaded 2 times (x 95B)
Class org.gradle.internal.classloader.DefaultClassLoaderFactory                       : loaded 2 times (x 82B)
Class org.gradle.internal.classloader.ClassLoaderVisitor                              : loaded 2 times (x 76B)
Class settings_30swqw6wts7hs4qzofbpr9fju                                              : loaded 2 times (x 179B)
Class org.gradle.api.internal.classpath.EffectiveClassPath                            : loaded 2 times (x 90B)
Class org.gradle.tooling.internal.gradle.DefaultProjectIdentifier                     : loaded 2 times (x 86B)
Class org.gradle.api.internal.DefaultClassPathProvider                                : loaded 2 times (x 76B)
Class settings_30swqw6wts7hs4qzofbpr9fju$_run_closure1$_closure2                      : loaded 2 times (x 139B)
Class [Lorg.gradle.api.internal.ClassPathProvider;                                    : loaded 2 times (x 69B)
Class org.gradle.api.internal.ClassPathProvider                                       : loaded 2 times (x 70B)
Class org.gradle.internal.service.UnknownServiceException                             : loaded 2 times (x 83B)
Class org.gradle.internal.classpath.TransformedClassPath                              : loaded 2 times (x 96B)
Class com.google.common.collect.Iterators$ArrayItr                                    : loaded 2 times (x 97B)
Class com.google.common.collect.UnmodifiableIterator                                  : loaded 2 times (x 80B)
Class org.gradle.internal.service.ServiceLocator                                      : loaded 2 times (x 70B)
Class com.intellij.gradle.toolingExtension.util.GradleVersionUtil                     : loaded 2 times (x 71B)
Class org.gradle.tooling.model.UnsupportedMethodException                             : loaded 2 times (x 82B)
Class com.google.common.collect.Iterators                                             : loaded 2 times (x 71B)
Class com.google.common.collect.Lists$StringAsImmutableList                           : loaded 2 times (x 207B)
Class org.gradle.internal.InternalTransformer                                         : loaded 2 times (x 70B)
Class org.gradle.internal.time.DefaultTimer                                           : loaded 2 times (x 80B)
Class org.gradle.internal.classloader.ClasspathUtil$1                                 : loaded 2 times (x 76B)
Class org.gradle.api.internal.classpath.DefaultModuleRegistry$DefaultModule           : loaded 2 times (x 86B)
Class com.google.common.collect.AbstractIterator                                      : loaded 2 times (x 82B)
Class com.google.common.collect.AbstractIndexedListIterator                           : loaded 2 times (x 96B)
Class org.gradle.internal.time.DefaultCountdownTimer                                  : loaded 2 times (x 88B)
Class org.gradle.tooling.internal.gradle.DefaultBuildIdentifier                       : loaded 2 times (x 79B)
Class org.gradle.api.internal.classpath.Module                                        : loaded 2 times (x 70B)
Class org.gradle.api.internal.classpath.UnknownModuleException                        : loaded 2 times (x 82B)
Class org.gradle.cache.GlobalCache                                                    : loaded 2 times (x 70B)
Class org.gradle.tooling.internal.gradle.GradleProjectIdentity                        : loaded 2 times (x 70B)
Class org.gradle.api.internal.DefaultClassPathRegistry                                : loaded 2 times (x 76B)
Class sync_studio_tooling1_cmw9ishs9zvtnvmfjgiltt5st                                  : loaded 2 times (x 179B)
Class org.gradle.api.internal.ClassPathRegistry                                       : loaded 2 times (x 70B)
Class org.gradle.api.internal.classpath.ManifestUtil                                  : loaded 2 times (x 71B)
Class org.gradle.internal.classpath.ClassPath                                         : loaded 2 times (x 70B)
Class org.gradle.api.UncheckedIOException                                             : loaded 2 times (x 82B)
Class com.google.common.collect.Iterators$1                                           : loaded 2 times (x 81B)
Class org.gradle.tooling.model.Model                                                  : loaded 2 times (x 70B)
Class kotlin.UninitializedPropertyAccessException                                     : loaded 2 times (x 82B)
Class com.google.common.collect.Iterators$4                                           : loaded 2 times (x 82B)
Class org.gradle.internal.installation.GradleInstallation$1                           : loaded 2 times (x 75B)
Class org.gradle.api.internal.classpath.ModuleRegistry                                : loaded 2 times (x 70B)
Class com.google.common.collect.Iterators$5                                           : loaded 2 times (x 82B)
Class sync_studio_tooling1_cmw9ishs9zvtnvmfjgiltt5st$_run_closure1                    : loaded 2 times (x 139B)
Class com.google.common.collect.ImmutableCollection                                   : loaded 2 times (x 125B)
Class org.gradle.api.internal.classpath.DefaultModuleRegistry                         : loaded 2 times (x 86B)
Class com.google.common.collect.Lists                                                 : loaded 2 times (x 71B)
Class com.google.common.collect.Iterators$9                                           : loaded 2 times (x 81B)
Class settings_30swqw6wts7hs4qzofbpr9fju$_run_closure1                                : loaded 2 times (x 139B)
Class org.gradle.internal.time.MonotonicClock                                         : loaded 2 times (x 77B)
Class org.gradle.internal.service.ServiceLookupException                              : loaded 2 times (x 82B)
Class org.gradle.internal.classloader.ClassLoaderFactory                              : loaded 2 times (x 70B)
Class org.gradle.internal.service.CachingServiceLocator                               : loaded 2 times (x 82B)
Class org.gradle.internal.time.TimeSource                                             : loaded 2 times (x 70B)
Class org.gradle.tooling.internal.gradle.GradleBuildIdentity                          : loaded 2 times (x 70B)
Class org.gradle.internal.exceptions.ResolutionProvider                               : loaded 2 times (x 70B)
Class org.gradle.tooling.model.ProjectIdentifier                                      : loaded 2 times (x 70B)
Class org.gradle.internal.classloader.ClasspathUtil                                   : loaded 2 times (x 71B)
Class org.gradle.internal.time.TimeSource$1                                           : loaded 2 times (x 77B)
Class org.gradle.api.specs.Spec                                                       : loaded 2 times (x 70B)
Class com.intellij.gradle.toolingExtension.impl.model.utilDummyModel.DummyModel       : loaded 2 times (x 70B)
Class org.gradle.internal.time.Clock                                                  : loaded 2 times (x 70B)
Class org.gradle.internal.classloader.VisitableURLClassLoader$InstrumentingVisitableURLClassLoader: loaded 2 times (x 123B)
Class org.gradle.internal.classloader.VisitableURLClassLoader$Spec                    : loaded 2 times (x 74B)
Class org.gradle.internal.classpath.DefaultClassPath                                  : loaded 2 times (x 90B)
Class org.gradle.util.internal.DefaultGradleVersion                                   : loaded 2 times (x 82B)
Class org.gradle.internal.classloader.ClassLoaderSpec                                 : loaded 2 times (x 71B)
Class org.gradle.internal.classloader.VisitableURLClassLoader                         : loaded 2 times (x 117B)
Class org.gradle.internal.classloader.ClassLoaderHierarchy                            : loaded 2 times (x 70B)
Class org.gradle.internal.classloader.FilteringClassLoader                            : loaded 2 times (x 105B)
Class org.gradle.internal.agents.InstrumentingClassLoader                             : loaded 2 times (x 70B)
Class org.gradle.internal.classpath.DefaultClassPath$ImmutableUniqueList$Builder      : loaded 2 times (x 75B)
Class org.gradle.internal.classpath.DefaultClassPath$ImmutableUniqueList              : loaded 2 times (x 199B)
Class org.gradle.internal.exceptions.NonGradleCauseExceptionsHolder                   : loaded 2 times (x 70B)
Class kotlin.NotImplementedError                                                      : loaded 2 times (x 82B)
Class org.gradle.internal.classloader.SystemClassLoaderSpec                           : loaded 2 times (x 71B)
Class org.gradle.internal.exceptions.MultiCauseException                              : loaded 2 times (x 70B)
Class org.gradle.internal.time.CountdownTimer                                         : loaded 2 times (x 70B)
Class kotlin.jvm.internal.Intrinsics                                                  : loaded 2 times (x 71B)
Class org.gradle.tooling.model.ProjectModel                                           : loaded 2 times (x 70B)
Class kotlin.KotlinNullPointerException                                               : loaded 2 times (x 83B)
Class org.gradle.internal.exceptions.DefaultMultiCauseException                       : loaded 2 times (x 95B)
Class com.google.common.base.Preconditions                                            : loaded 2 times (x 71B)
Class com.google.common.collect.PeekingIterator                                       : loaded 2 times (x 70B)
Class org.gradle.internal.time.Time                                                   : loaded 2 times (x 71B)
Class ijInit1_3i6pu85cizv4ll0nkzpcl7xut                                               : loaded 2 times (x 179B)
Class org.gradle.tooling.model.BuildIdentifier                                        : loaded 2 times (x 70B)
Class kotlin.NoWhenBranchMatchedException                                             : loaded 2 times (x 82B)
Class org.gradle.internal.time.Timer                                                  : loaded 2 times (x 70B)
Class org.gradle.internal.installation.CurrentGradleInstallationLocator               : loaded 2 times (x 71B)
Class com.google.common.collect.ImmutableList                                         : loaded 2 times (x 206B)
Class org.gradle.internal.service.DefaultServiceLocator                               : loaded 2 times (x 83B)
Class org.gradle.util.GradleVersion                                                   : loaded 2 times (x 81B)
Class org.gradle.internal.installation.CurrentGradleInstallation                      : loaded 2 times (x 73B)
Class org.gradle.util.internal.GUtil                                                  : loaded 2 times (x 71B)
Class com.google.common.collect.Iterators$MergingIterator                             : loaded 2 times (x 81B)
Class org.gradle.internal.installation.GradleInstallation                             : loaded 2 times (x 75B)

---------------  S Y S T E M  ---------------

OS:
 Windows 11 , 64 bit Build 26100 (10.0.26100.8328)
OS uptime: 0 days 5:39 hours
Hyper-V role detected

CPU: total 8 (initial active 8) (8 cores per cpu, 2 threads per core) family 23 model 160 stepping 0 microcode 0x8a0000a, cx8, cmov, fxsr, ht, mmx, 3dnowpref, sse, sse2, sse3, ssse3, sse4a, sse4.1, sse4.2, popcnt, lzcnt, tsc, tscinvbit, avx, avx2, aes, clmul, bmi1, bmi2, adx, sha, fma, vzeroupper, clflush, clflushopt, hv, rdtscp, rdpid, f16c
Processor Information for the first 8 processors :
  Max Mhz: 2401, Current Mhz: 2401, Mhz Limit: 2401

Memory: 4k page, system-wide physical 5877M (366M free)
TotalPageFile size 24309M (AvailPageFile size 111M)
current process WorkingSet (physical memory assigned to process): 348M, peak: 365M
current process commit charge ("private bytes"): 510M, peak: 519M

vm_info: OpenJDK 64-Bit Server VM (21.0.10+-14961533-b1163.108) for windows-amd64 JRE (21.0.10+-14961533-b1163.108), built on 2026-03-02T19:58:50Z by "builder" with MS VC++ 16.10 / 16.11 (VS2019)

END.
